Ref,Sub Ref,Temperature (K),Type Alcohol,FAME/FAEE_F,GLYCEROL_F,ALCOHOL_F,OIL_F,DAG_F,MAG_F,ACID_F,WATER_F,FAME/FAEE_L,GLYCEROL_L,ALCOHOL_L,OIL_L,DAG_L,MAG_L,ACID_L,WATER_L,FAME/FAEE_H,GLYCEROL_H,ALCOHOL_H,OIL_H,DAG_H,MAG_H,ACID_H,WATER_H,Reconcile phi,Type Alcohol_right,MW_FAME/FAEE,MW_Oil,MW_DAG,MW_MAG,MW_FA
1,a,298.15,1,0.4,0.4,0.2,0.0,0.0,0.0,0.0,0.0,0.8814608883396118,0.01099489973874146,0.1068267211508044,0.0,0.0,0.0,0.0,0.0,0.00001000000000000015,0.7231792110675984,0.2774068687810036,0.0,0.0,0.0,0.0,0.0,0.4537859173906567,1,324.139908717946,968.4197261538378,659.2798174358919,350.139908717946,296.139908717946
1,a,298.15,1,0.385,0.385,0.23,0.0,0.0,0.0,0.0,0.0,0.8564018933544615,0.02815843498635501,0.1155676721239739,0.0,0.0,0.0,0.0,0.0,0.002265853579351809,0.6747218991231553,0.3229083229193274,0.0,0.0,0.0,0.0,0.0,0.4480950675274403,1,324.139908717946,968.4197261538378,659.2798174358919,350.139908717946,296.139908717946
2,a,293.15,2,0.4431,0.4379999999999999,0.1189,0.0,0.0,0.0,0.0,0.0,0.8953775293498777,0.0245035065747057,0.0801385669600786,0.0,0.0,0.0,0.0,0.0,0.02663866396880148,0.818751399132406,0.15459188638112,0.0,0.0,0.0,0.0,0.0,0.4793860993527853,2,315.9536192067479,901.8608576202437,614.9072384134959,327.9536192067479,273.9536192067479
2,a,293.15,2,0.4176,0.4162,0.1662,0.0,0.0,0.0,0.0,0.0,0.8737311120184087,0.02373931747805478,0.1023091339528686,0.0,0.0,0.0,0.0,0.0,0.02547366774215348,0.7535902019350318,0.2211256349933611,0.0,0.0,0.0,0.0,0.0,0.4622727862912114,2,315.9536192067479,901.8608576202437,614.9072384134959,327.9536192067479,273.9536192067479
2,a,293.15,2,0.3711,0.3734,0.2555,0.0,0.0,0.0,0.0,0.0,0.8396936199206527,0.02280062309099098,0.1369750458465846,0.0,0.0,0.0,0.0,0.0,0.02245982629095727,0.6342508150165101,0.3436842151668651,0.0,0.0,0.0,0.0,0.0,0.4266100795472224,2,315.9536192067479,901.8608576202437,614.9072384134959,327.9536192067479,273.9536192067479
2,a,313.15,2,0.4637,0.4711,0.0652,0.0,0.0,0.0,0.0,0.0,0.9354448678745545,0.02153314371067532,0.04304499604491031,0.0,0.0,0.0,0.0,0.0,0.02801594835886679,0.8863013572806588,0.08566144546472437,0.0,0.0,0.0,0.0,0.0,0.4801302253775053,2,315.9536192067479,901.8608576202437,614.9072384134959,327.9536192067479,273.9536192067479
2,a,313.15,2,0.4385,0.4444,0.1171,0.0,0.0,0.0,0.0,0.0,0.905456648212111,0.02109830162244834,0.0733032909171596,0.0,0.0,0.0,0.0,0.0,0.02841278880838839,0.8161488842807326,0.1555628216686059,0.0,0.0,0.0,0.0,0.0,0.467578909303827,2,315.9536192067479,901.8608576202437,614.9072384134959,327.9536192067479,273.9536192067479
2,a,313.15,2,0.4158,0.4187,0.1655,0.0,0.0,0.0,0.0,0.0,0.8818867843571657,0.02256147749748596,0.09552148722174723,0.0,0.0,0.0,0.0,0.0,0.02990796213110334,0.7466790520937105,0.2234380317343242,0.0,0.0,0.0,0.0,0.0,0.4529361855035697,2,315.9536192067479,901.8608576202437,614.9072384134959,327.9536192067479,273.9536192067479
2,a,313.15,2,0.39,0.3901,0.2199,0.0,0.0,0.0,0.0,0.0,0.8463597492156842,0.02076282934573023,0.132922197432821,0.0,0.0,0.0,0.0,0.0,0.0287473178301631,0.682465932256692,0.2887513054024442,0.0,0.0,0.0,0.0,0.0,0.441838539022285,2,315.9536192067479,901.8608576202437,614.9072384134959,327.9536192067479,273.9536192067479
2,a,313.15,2,0.3617,0.3669,0.2714,0.0,0.0,0.0,0.0,0.0,0.8242101887527663,0.02144995633019076,0.1543627558766972,0.0,0.0,0.0,0.0,0.0,0.03049664765993181,0.6142766315029735,0.3552103214694836,0.0,0.0,0.0,0.0,0.0,0.4172832327946008,2,315.9536192067479,901.8608576202437,614.9072384134959,327.9536192067479,273.9536192067479
2,a,333.15,2,0.4147,0.4175,0.1678,0.0,0.0,0.0,0.0,0.0,0.8836785761754921,0.02171755619761568,0.09450964297136427,0.0,0.0,0.0,0.0,0.0,0.04547160565320053,0.7291008356448319,0.2255017420869576,0.0,0.0,0.0,0.0,0.0,0.4404978809908144,2,315.9536192067479,901.8608576202437,614.9072384134959,327.9536192067479,273.9536192067479
2,a,333.15,2,0.3889,0.3921,0.219,0.0,0.0,0.0,0.0,0.0,0.8622636371240138,0.01819924375428418,0.1196304885402565,0.0,0.0,0.0,0.0,0.0,0.0432106154149094,0.6651533403617125,0.2915678581306836,0.0,0.0,0.0,0.0,0.0,0.4220598366925579,2,315.9536192067479,901.8608576202437,614.9072384134959,327.9536192067479,273.9536192067479
2,a,333.15,2,0.3593,0.3627,0.278,0.0,0.0,0.0,0.0,0.0,0.8278125942826489,0.02149986339165826,0.1506102475547953,0.0,0.0,0.0,0.0,0.0,0.04312582431637383,0.5929577844261771,0.3639685533781081,0.0,0.0,0.0,0.0,0.0,0.4029304275095845,2,315.9536192067479,901.8608576202437,614.9072384134959,327.9536192067479,273.9536192067479
2,a,333.15,2,0.3338,0.3375,0.3287,0.0,0.0,0.0,0.0,0.0,0.7996895580428721,0.023299669180357,0.1771146651636455,0.0,0.0,0.0,0.0,0.0,0.03950369291251719,0.5359762170552388,0.4244544625777028,0.0,0.0,0.0,0.0,0.0,0.3871373049497804,2,315.9536192067479,901.8608576202437,614.9072384134959,327.9536192067479,273.9536192067479
3,a,298.15,2,0.4069,0.1465,0.4465999999999999,0.0,0.0,0.0,0.0,0.0,0.723589252319884,0.02829951934332692,0.2481112519424739,0.0,0.0,0.0,0.0,0.0,0.1000234129065359,0.2610380205706759,0.638938543648529,0.0,0.0,0.0,0.0,0.0,0.4921318130290365,2,354.3764906790272,1017.129472037082,691.7529813580544,366.3764906790272,312.3764906790272
3,a,298.15,2,0.4009,0.2037,0.3954,0.0,0.0,0.0,0.0,0.0,0.7976516145125669,0.01790266221329879,0.1844457464682819,0.0,0.0,0.0,0.0,0.0,0.04193548694495437,0.371801775634777,0.5862627164351596,0.0,0.0,0.0,0.0,0.0,0.4749991431444339,2,354.3764906790272,1017.129472037082,691.7529813580544,366.3764906790272,312.3764906790272
3,a,298.15,2,0.3931,0.3608,0.2461,0.0,0.0,0.0,0.0,0.0,0.8987658515910768,0.008446816047447228,0.09272747711965802,0.0,0.0,0.0,0.0,0.0,0.002921785804202934,0.6326802063620234,0.3644441929010258,0.0,0.0,0.0,0.0,0.0,0.4355425560061951,2,354.3764906790272,1017.129472037082,691.7529813580544,366.3764906790272,312.3764906790272
3,a,298.15,2,0.4048,0.3969,0.1983,0.0,0.0,0.0,0.0,0.0,0.9177227444534375,0.007532509046568322,0.07423052667964039,0.0,0.0,0.0,0.0,0.0,0.002975255458815408,0.7019313020369633,0.2954962833807197,0.0,0.0,0.0,0.0,0.0,0.4392739519654992,2,354.3764906790272,1017.129472037082,691.7529813580544,366.3764906790272,312.3764906790272
3,a,318.15,2,0.397,0.2002,0.4028,0.0,0.0,0.0,0.0,0.0,0.7494705687067483,0.03328197502743632,0.2172474796563455,0.0,0.0,0.0,0.0,0.0,0.05378218263063379,0.3627362379074342,0.5834815566854298,0.0,0.0,0.0,0.0,0.0,0.4933499311454871,2,354.3764906790272,1017.129472037082,691.7529813580544,366.3764906790272,312.3764906790272
3,a,318.15,2,0.405,0.2441,0.3509,0.0,0.0,0.0,0.0,0.0,0.8026006921894444,0.02219464308613873,0.1752046876964926,0.0,0.0,0.0,0.0,0.0,0.02304929247013627,0.4572709268693432,0.5196797585926504,0.0,0.0,0.0,0.0,0.0,0.489962185517712,2,354.3764906790272,1017.129472037082,691.7529813580544,366.3764906790272,312.3764906790272
3,a,318.15,2,0.4038,0.2958,0.3004,0.0,0.0,0.0,0.0,0.0,0.845558748516741,0.01726037652859633,0.1371809000788893,0.0,0.0,0.0,0.0,0.0,0.01072462556533497,0.5436435733497725,0.4456317787294444,0.0,0.0,0.0,0.0,0.0,0.4708424867026491,2,354.3764906790272,1017.129472037082,691.7529813580544,366.3764906790272,312.3764906790272
3,a,318.15,2,0.4042,0.35,0.2458,0.0,0.0,0.0,0.0,0.0,0.8800892238947362,0.01548720625106663,0.1047564567659439,0.0,0.0,0.0,0.0,0.0,0.006688350638558892,0.629419507101625,0.3636140808566679,0.0,0.0,0.0,0.0,0.0,0.455130812818465,2,354.3764906790272,1017.129472037082,691.7529813580544,366.3764906790272,312.3764906790272
3,a,318.15,2,0.4018,0.3976,0.2006,0.0,0.0,0.0,0.0,0.0,0.9079998579673147,0.008861321247726615,0.08348994901453947,0.0,0.0,0.0,0.0,0.0,0.005852192929481834,0.7016700722310196,0.292203083532678,0.0,0.0,0.0,0.0,0.0,0.4388946759108593,2,354.3764906790272,1017.129472037082,691.7529813580544,366.3764906790272,312.3764906790272
3,a,338.15,2,0.3964,0.1579,0.4457,0.0,0.0,0.0,0.0,0.0,0.5754171147333135,0.0813448874689587,0.3432380136095469,0.0,0.0,0.0,0.0,0.0,0.1343259444459602,0.2699736910786124,0.5957003413275426,0.0,0.0,0.0,0.0,0.0,0.5941494031342976,2,354.3764906790272,1017.129472037082,691.7529813580544,366.3764906790272,312.3764906790272
3,a,338.15,2,0.4081,0.2545,0.3374,0.0,0.0,0.0,0.0,0.0,0.7823786980604311,0.03125237975009344,0.1863741280775534,0.0,0.0,0.0,0.0,0.0,0.02538009178319004,0.4827825850747993,0.4918319998441108,0.0,0.0,0.0,0.0,0.0,0.5055754462996246,2,354.3764906790272,1017.129472037082,691.7529813580544,366.3764906790272,312.3764906790272
3,a,338.15,2,0.3963,0.3003,0.3034,0.0,0.0,0.0,0.0,0.0,0.819530455948584,0.01981516449106056,0.1606544040720217,0.0,0.0,0.0,0.0,0.0,0.01216826585751348,0.5548731876106008,0.4329585242846473,0.0,0.0,0.0,0.0,0.0,0.4757861327382156,2,354.3764906790272,1017.129472037082,691.7529813580544,366.3764906790272,312.3764906790272
3,a,338.15,2,0.4017,0.3469,0.2514,0.0,0.0,0.0,0.0,0.0,0.8648740737070167,0.01360274461582165,0.1215231939544401,0.0,0.0,0.0,0.0,0.0,0.004490371449379245,0.6327296405679956,0.3627799774538554,0.0,0.0,0.0,0.0,0.0,0.4616656818444457,2,354.3764906790272,1017.129472037082,691.7529813580544,366.3764906790272,312.3764906790272
3,a,338.15,2,0.4021,0.3969,0.201,0.0,0.0,0.0,0.0,0.0,0.8901890837268689,0.01287571530191311,0.09697960652405119,0.0,0.0,0.0,0.0,0.0,0.002671820305830137,0.7111666494896421,0.2861251908768767,0.0,0.0,0.0,0.0,0.0,0.4500511665029787,2,354.3764906790272,1017.129472037082,691.7529813580544,366.3764906790272,312.3764906790272
4,a,293.15,1,0.2458,0.5384,0.2158,0.0,0.0,0.0,0.0,0.0,0.9611749467578473,0.004649597110008691,0.03399717002226021,0.0,0.0,0.0,0.0,0.0,0.002794802891192532,0.7197092874569064,0.2775564715313327,0.0,0.0,0.0,0.0,0.0,0.2535582552121596,1,307.1628002434572,917.4884007303717,625.3256004869145,333.1628002434572,279.1628002434572
4,a,293.15,1,0.2721,0.3292,0.3987,0.0,0.0,0.0,0.0,0.0,0.903812678510082,0.006670125130322437,0.0895991710506168,0.0,0.0,0.0,0.0,0.0,0.003941644681204694,0.4661120546863446,0.5299115028532231,0.0,0.0,0.0,0.0,0.0,0.2979964297526097,1,307.1628002434572,917.4884007303717,625.3256004869145,333.1628002434572,279.1628002434572
4,a,293.15,1,0.2043,0.2687,0.527,0.0,0.0,0.0,0.0,0.0,0.8853495419956964,0.0006897415252356148,0.1139335879134304,0.0,0.0,0.0,0.0,0.0,0.01006490921864353,0.3451364318235011,0.6448063960152712,0.0,0.0,0.0,0.0,0.0,0.2219107745158264,1,307.1628002434572,917.4884007303717,625.3256004869145,333.1628002434572,279.1628002434572
4,a,293.15,1,0.2024,0.4965,0.3011,0.0,0.0,0.0,0.0,0.0,0.9519151403683652,0.003507867570924661,0.04545722334922764,0.0,0.0,0.0,0.0,0.0,0.00001000000000000003,0.6296216306494932,0.3701306823434165,0.0,0.0,0.0,0.0,0.0,0.2126157233710071,1,307.1628002434572,917.4884007303717,625.3256004869145,333.1628002434572,279.1628002434572
4,a,303.15,1,0.2055,0.2791,0.5154,0.0,0.0,0.0,0.0,0.0,0.903057461914316,0.004791046069043885,0.09152851643964091,0.0,0.0,0.0,0.0,0.0,0.02136407025490297,0.3515099977812093,0.627290380333151,0.0,0.0,0.0,0.0,0.0,0.2088434953544785,1,307.1628002434572,917.4884007303717,625.3256004869145,333.1628002434572,279.1628002434572
4,a,303.15,1,0.266,0.3308,0.4032,0.0,0.0,0.0,0.0,0.0,0.9199518155382083,0.007328520194607071,0.07267655380865094,0.0,0.0,0.0,0.0,0.0,0.007360175335061491,0.4587339009895093,0.5339229739858212,0.0,0.0,0.0,0.0,0.0,0.2834124413054717,1,307.1628002434572,917.4884007303717,625.3256004869145,333.1628002434572,279.1628002434572
4,a,303.15,1,0.1864,0.5006,0.313,0.0,0.0,0.0,0.0,0.0,0.9404529620124517,0.009512365031351706,0.0498621569863059,0.0,0.0,0.0,0.0,0.0,0.004082777928321071,0.6193366642818866,0.3766222692264924,0.0,0.0,0.0,0.0,0.0,0.194706351366799,1,307.1628002434572,917.4884007303717,625.3256004869145,333.1628002434572,279.1628002434572
4,a,303.15,1,0.2498,0.5603,0.1899,0.0,0.0,0.0,0.0,0.0,0.9544835982347097,0.007386106342176437,0.0382222854396582,0.0,0.0,0.0,0.0,0.0,0.007119400733745186,0.750713790517694,0.2421351290097426,0.0,0.0,0.0,0.0,0.0,0.2561639968096934,1,307.1628002434572,917.4884007303717,625.3256004869145,333.1628002434572,279.1628002434572
4,a,303.15,1,0.4072,0.2885,0.3043,0.0,0.0,0.0,0.0,0.0,0.9249762911298852,0.009315309423100554,0.06567238879642022,0.0,0.0,0.0,0.0,0.0,0.007348560353527741,0.5040996757032371,0.4885795730776611,0.0,0.0,0.0,0.0,0.0,0.4357447211280097,1,307.1628002434572,917.4884007303717,625.3256004869145,333.1628002434572,279.1628002434572
4,a,313.15,1,0.2473,0.5583,0.1944,0.0,0.0,0.0,0.0,0.0,0.943504167367907,0.004271017308325964,0.0519385262117442,0.0,0.0,0.0,0.0,0.0,0.00001000000000000024,0.755089725703299,0.2450019634819005,0.0,0.0,0.0,0.0,0.0,0.262100189437177,1,307.1628002434572,917.4884007303717,625.3256004869145,333.1628002434572,279.1628002434572
4,a,313.15,1,0.4172999999999999,0.4446,0.1381,0.0,0.0,0.0,0.0,0.0,0.9484459523159794,0.001574052390850742,0.04910970805071715,0.0,0.0,0.0,0.0,0.0,9.999999999999545e-6,0.7926593175411083,0.2080144157375122,0.0,0.0,0.0,0.0,0.0,0.439976994736463,1,307.1628002434572,917.4884007303717,625.3256004869145,333.1628002434572,279.1628002434572
4,a,313.15,1,0.2825,0.342,0.3754999999999999,0.0,0.0,0.0,0.0,0.0,0.8677850609906008,0.005121942775072301,0.1267812504004806,0.0,0.0,0.0,0.0,0.0,0.00901897247111916,0.4994100611518698,0.4917166331241235,0.0,0.0,0.0,0.0,0.0,0.3184581123835058,1,307.1628002434572,917.4884007303717,625.3256004869145,333.1628002434572,279.1628002434572
5,a,293.15,1,0.1964,0.2618,0.5418,0.0,0.0,0.0,0.0,0.0,0.8976503506855905,0.0004063696953617959,0.101912173677621,0.0,0.0,0.0,0.0,0.0,0.005983498112628528,0.3327784467837882,0.6612465015657469,0.0,0.0,0.0,0.0,0.0,0.2135511725460159,1,307.8027616373293,919.4082849119878,626.6055232746586,333.8027616373293,279.8027616373293
5,a,293.15,1,0.2751,0.3442,0.3807,0.0,0.0,0.0,0.0,0.0,0.9417795145472297,0.001831107258608786,0.056384961274334,0.0,0.0,0.0,0.0,0.0,0.008520780282987219,0.481100010111098,0.5103809757604394,0.0,0.0,0.0,0.0,0.0,0.2856434233398062,1,307.8027616373293,919.4082849119878,626.6055232746586,333.8027616373293,279.8027616373293
5,a,293.15,1,0.4963,0.3026,0.2011,0.0,0.0,0.0,0.0,0.0,0.9557259300838821,0.003440094671280286,0.04086486320727849,0.0,0.0,0.0,0.0,0.0,0.0009318816019292434,0.6251640298007898,0.373870784182285,0.0,0.0,0.0,0.0,0.0,0.5188219587100139,1,307.8027616373293,919.4082849119878,626.6055232746586,333.8027616373293,279.8027616373293
5,a,293.15,1,0.2381,0.5466,0.2153,0.0,0.0,0.0,0.0,0.0,0.9638456804142662,0.005436553317033968,0.03046601807149001,0.0,0.0,0.0,0.0,0.0,0.00560570423837456,0.7199629531996273,0.274511990675241,0.0,0.0,0.0,0.0,0.0,0.2426263791346454,1,307.8027616373293,919.4082849119878,626.6055232746586,333.8027616373293,279.8027616373293
5,a,293.15,1,0.3995,0.2083,0.3922,0.0,0.0,0.0,0.0,0.0,0.9232661965222762,0.01970916590158743,0.05720604950775921,0.0,0.0,0.0,0.0,0.0,0.00836403330862891,0.3491350876669784,0.6423654049679993,0.0,0.0,0.0,0.0,0.0,0.4275167142653628,1,307.8027616373293,919.4082849119878,626.6055232746586,333.8027616373293,279.8027616373293
5,a,303.15,1,0.1943,0.212,0.5937,0.0,0.0,0.0,0.0,0.0,0.857185576652484,0.00790303016646512,0.1347064375298226,0.0,0.0,0.0,0.0,0.0,0.0319220007446971,0.2619948389026622,0.7061333655309621,0.0,0.0,0.0,0.0,0.0,0.1967589555575474,1,307.8027616373293,919.4082849119878,626.6055232746586,333.8027616373293,279.8027616373293
5,a,303.15,1,0.3890999999999999,0.2021,0.4088000000000001,0.0,0.0,0.0,0.0,0.0,0.8888605806310866,0.001393075410472443,0.1097463735738186,0.0,0.0,0.0,0.0,0.0,0.01640601988535023,0.3517761958844037,0.6318177621447246,0.0,0.0,0.0,0.0,0.0,0.4271786713981838,1,307.8027616373293,919.4082849119878,626.6055232746586,333.8027616373293,279.8027616373293
5,a,303.15,1,0.1989,0.2961,0.505,0.0,0.0,0.0,0.0,0.0,0.9027170295092036,0.004951179172409504,0.09275759677406532,0.0,0.0,0.0,0.0,0.0,0.01165415998915708,0.3735582075145933,0.6146743497865582,0.0,0.0,0.0,0.0,0.0,0.2101376304813365,1,307.8027616373293,919.4082849119878,626.6055232746586,333.8027616373293,279.8027616373293
5,a,303.15,1,0.3005,0.3317,0.3678,0.0,0.0,0.0,0.0,0.0,0.9246825639435082,0.003071021418076966,0.07228129222821603,0.0,0.0,0.0,0.0,0.0,0.004120767666305459,0.4877421742308258,0.5081204972537069,0.0,0.0,0.0,0.0,0.0,0.3219547384350152,1,307.8027616373293,919.4082849119878,626.6055232746586,333.8027616373293,279.8027616373293
5,a,313.15,1,0.2195,0.287,0.4935,0.0,0.0,0.0,0.0,0.0,0.8808802495633729,0.005092269095917624,0.1147753721244638,0.0,0.0,0.0,0.0,0.0,0.007362637792328681,0.3774217542925157,0.6149757223452587,0.0,0.0,0.0,0.0,0.0,0.2428541329322095,1,307.8027616373293,919.4082849119878,626.6055232746586,333.8027616373293,279.8027616373293
5,a,313.15,1,0.2764,0.3502,0.3734,0.0,0.0,0.0,0.0,0.0,0.89490214946155,0.007638533280103718,0.09745799293507539,0.0,0.0,0.0,0.0,0.0,0.003195760579998972,0.501515957513301,0.4952888668856403,0.0,0.0,0.0,0.0,0.0,0.3063836289910129,1,307.8027616373293,919.4082849119878,626.6055232746586,333.8027616373293,279.8027616373293
5,a,313.15,1,0.1899,0.5073,0.3028,0.0,0.0,0.0,0.0,0.0,0.9059216551324447,0.007932323750806748,0.08617641179187939,0.0,0.0,0.0,0.0,0.0,0.003149536167969834,0.6375434702830459,0.3592990671508982,0.0,0.0,0.0,0.0,0.0,0.2068633489105117,1,307.8027616373293,919.4082849119878,626.6055232746586,333.8027616373293,279.8027616373293
5,a,313.15,1,0.393,0.168,0.439,0.0,0.0,0.0,0.0,0.0,0.8562074075378886,0.0085507600826669,0.1352418608354815,0.0,0.0,0.0,0.0,0.0,0.03054928141044544,0.2927659053938347,0.6766847909294285,0.0,0.0,0.0,0.0,0.0,0.4389840142306175,1,307.8027616373293,919.4082849119878,626.6055232746586,333.8027616373293,279.8027616373293
6,a,300.15,2,0.324,0.3362,0.3398,0.0,0.0,0.0,0.0,0.0,0.8362687506884735,0.003726778592307359,0.1591965971076616,0.0,0.0,0.0,0.0,0.0,0.01276288104015579,0.538199453261901,0.4495285023047185,0.0,0.0,0.0,0.0,0.0,0.3779415914700883,2,319.1889383480835,911.5668150442505,621.3778766961669,331.1889383480835,277.1889383480835
6,a,300.15,2,0.42,0.4075,0.1725,0.0,0.0,0.0,0.0,0.0,0.9214325219451914,0.0008979391209970244,0.07766956631807069,0.0,0.0,0.0,0.0,0.0,0.009727712062742146,0.740181967156224,0.2500902983752221,0.0,0.0,0.0,0.0,0.0,0.4500056196809539,2,319.1889383480835,911.5668150442505,621.3778766961669,331.1889383480835,277.1889383480835
6,a,323.15,2,0.3296,0.3332,0.3372,0.0,0.0,0.0,0.0,0.0,0.8010078205695312,0.01923722919048762,0.1798167886170095,0.0,0.0,0.0,0.0,0.0,0.02819919867171913,0.5339362342756827,0.4378250298714655,0.0,0.0,0.0,0.0,0.0,0.3900070376908073,2,319.1889383480835,911.5668150442505,621.3778766961669,331.1889383480835,277.1889383480835
6,a,323.15,2,0.3626,0.3236,0.3138,0.0,0.0,0.0,0.0,0.0,0.8179043545721694,0.009859995570433011,0.1722422590805033,0.0,0.0,0.0,0.0,0.0,0.0252862470682212,0.5560353309522222,0.4186735255145274,0.0,0.0,0.0,0.0,0.0,0.4255690725941415,2,319.1889383480835,911.5668150442505,621.3778766961669,331.1889383480835,277.1889383480835
6,a,323.15,2,0.1891,0.6274000000000001,0.1835,0.0,0.0,0.0,0.0,0.0,0.9160215029796641,0.004982892925352668,0.0789886927750154,0.0,0.0,0.0,0.0,0.0,0.02126474100324335,0.771106763304824,0.2076300914119274,0.0,0.0,0.0,0.0,0.0,0.1875764074987561,2,319.1889383480835,911.5668150442505,621.3778766961669,331.1889383480835,277.1889383480835
6,a,343.15,2,0.27,0.2712,0.4588,0.0,0.0,0.0,0.0,0.0,0.6725931591389908,0.0460550200825502,0.2813518887238571,0.0,0.0,0.0,0.0,0.0,0.1370980644182154,0.3455236762431445,0.5173782369088629,0.0,0.0,0.0,0.0,0.0,0.2481851596625437,2,319.1889383480835,911.5668150442505,621.3778766961669,331.1889383480835,277.1889383480835
6,a,343.15,2,0.1555,0.4262,0.4183,0.0,0.0,0.0,0.0,0.0,0.7525715957438414,0.02409976464387708,0.2207227403840199,0.0,0.0,0.0,0.0,0.0,0.0429547999822769,0.5019940115355004,0.4555423882846606,0.0,0.0,0.0,0.0,0.0,0.1585999664747774,2,319.1889383480835,911.5668150442505,621.3778766961669,331.1889383480835,277.1889383480835
6,a,343.15,2,0.3239,0.3268,0.3493,0.0,0.0,0.0,0.0,0.0,0.7761015582859887,0.01409924169179215,0.2097992346593577,0.0,0.0,0.0,0.0,0.0,0.03100239602806552,0.5293408829103518,0.4396566986265983,0.0,0.0,0.0,0.0,0.0,0.3930988233624469,2,319.1889383480835,911.5668150442505,621.3778766961669,331.1889383480835,277.1889383480835
6,a,343.15,2,0.2518,0.5036999999999999,0.2445,0.0,0.0,0.0,0.0,0.0,0.8927508613942748,0.005365313721334972,0.1018849539935708,0.0,0.0,0.0,0.0,0.0,0.01849049639448325,0.6850964615511549,0.296412631052648,0.0,0.0,0.0,0.0,0.0,0.2668650129250368,2,319.1889383480835,911.5668150442505,621.3778766961669,331.1889383480835,277.1889383480835
6,a,343.15,2,0.4236,0.4226,0.1538,0.0,0.0,0.0,0.0,0.0,0.9229356320121769,0.002019910431279429,0.07504448467343354,0.0,0.0,0.0,0.0,0.0,0.01195772652350652,0.7693177848922134,0.2187244662296603,0.0,0.0,0.0,0.0,0.0,0.4518685590466419,2,319.1889383480835,911.5668150442505,621.3778766961669,331.1889383480835,277.1889383480835
7,a,303.15,1,0.5038,0.4349,0.0613,0.0,0.0,0.0,0.0,0.0,0.9833348276154411,9.977343375229735e-6,0.01702639260745538,0.0,0.0,0.0,0.0,0.0,0.006951309726052111,0.8854919606394694,0.1071721297805908,0.0,0.0,0.0,0.0,0.0,0.5088663226802177,1,304.8511000639736,910.5533001919208,620.7022001279472,330.8511000639737,276.8511000639736
7,a,303.15,1,0.4496,0.3568,0.1936,0.0,0.0,0.0,0.0,0.0,0.958969386987566,0.002493443194663252,0.03882223643200824,0.0,0.0,0.0,0.0,0.0,0.003957859648585534,0.6667792338308006,0.3290135046143414,0.0,0.0,0.0,0.0,0.0,0.4666353521335395,1,304.8511000639736,910.5533001919208,620.7022001279472,330.8511000639737,276.8511000639736
7,a,303.15,1,0.3152,0.2805,0.4043,0.0,0.0,0.0,0.0,0.0,0.9251695904413716,0.00001204822396897304,0.07769387677211025,0.0,0.0,0.0,0.0,0.0,0.003121611097471094,0.4240058886025688,0.5714013019991815,0.0,0.0,0.0,0.0,0.0,0.3384622014188391,1,304.8511000639736,910.5533001919208,620.7022001279472,330.8511000639737,276.8511000639736
7,a,303.15,1,0.3001,0.1877,0.5122,0.0,0.0,0.0,0.0,0.0,0.9186939807907295,0.00001006686057043602,0.08382740524373565,0.0,0.0,0.0,0.0,0.0,0.03466671801033826,0.2682361133419642,0.6960109442889145,0.0,0.0,0.0,0.0,0.0,0.3002546337257025,1,304.8511000639736,910.5533001919208,620.7022001279472,330.8511000639737,276.8511000639736
7,a,318.15,1,0.5073,0.4247,0.068,0.0,0.0,0.0,0.0,0.0,0.9789787123364003,0.00001040524196455074,0.02100323502152106,0.0,0.0,0.0,0.0,0.0,0.003065640918023044,0.8787020145511169,0.1182405197607237,0.0,0.0,0.0,0.0,0.0,0.5166795833046178,1,304.8511000639736,910.5533001919208,620.7022001279472,330.8511000639737,276.8511000639736
7,a,318.15,1,0.3711,0.3309,0.298,0.0,0.0,0.0,0.0,0.0,0.9036854312747151,0.0000100709905710022,0.097967994839477,0.0,0.0,0.0,0.0,0.0,0.00001000000000000128,0.5614544548265576,0.4373764688931749,0.0,0.0,0.0,0.0,0.0,0.4106452241116529,1,304.8511000639736,910.5533001919208,620.7022001279472,330.8511000639737,276.8511000639736
7,a,318.15,1,0.3152,0.2853,0.3995,0.0,0.0,0.0,0.0,0.0,0.8508807720465145,0.00001135086603658818,0.1498503180990991,0.0,0.0,0.0,0.0,0.0,0.003157287719346136,0.4514852515604494,0.5449249768248079,0.0,0.0,0.0,0.0,0.0,0.3680949248779155,1,304.8511000639736,910.5533001919208,620.7022001279472,330.8511000639737,276.8511000639736
7,a,318.15,1,0.2894,0.1937,0.5169,0.0,0.0,0.0,0.0,0.0,0.8246031069094185,0.003572647402953129,0.1718242736567974,0.0,0.0,0.0,0.0,0.0,0.04182452437222327,0.2816495450257737,0.6765259176639609,0.0,0.0,0.0,0.0,0.0,0.3162777842302714,1,304.8511000639736,910.5533001919208,620.7022001279472,330.8511000639737,276.8511000639736
7,a,333.15,1,0.4934000000000001,0.4344,0.0722,0.0,0.0,0.0,0.0,0.0,0.9744039133250133,0.0000100500608582447,0.02673809393505281,0.0,0.0,0.0,0.0,0.0,0.002136746042117478,0.8780550605556314,0.1186315638311713,0.0,0.0,0.0,0.0,0.0,0.505275988420724,1,304.8511000639736,910.5533001919208,620.7022001279472,330.8511000639737,276.8511000639736
7,a,333.15,1,0.4504,0.3635,0.1861,0.0,0.0,0.0,0.0,0.0,0.9314652642846688,0.00001088327869427589,0.06990370820496972,0.0,0.0,0.0,0.0,0.0,0.0006365054958582888,0.703337746535067,0.2947356761257046,0.0,0.0,0.0,0.0,0.0,0.4831860750514107,1,304.8511000639736,910.5533001919208,620.7022001279472,330.8511000639737,276.8511000639736
7,a,333.15,1,0.3643,0.3243,0.3114,0.0,0.0,0.0,0.0,0.0,0.9052313533922018,0.00001003533925067978,0.1031885837724097,0.0,0.0,0.0,0.0,0.0,9.999999999997914e-6,0.5426929448449076,0.4516198935999821,0.0,0.0,0.0,0.0,0.0,0.4024319561562149,1,304.8511000639736,910.5533001919208,620.7022001279472,330.8511000639737,276.8511000639736
7,a,333.15,1,0.3075,0.2893,0.4032,0.0,0.0,0.0,0.0,0.0,0.8821934375295285,0.00001010663473175772,0.1273663804024819,0.0,0.0,0.0,0.0,0.0,0.0005477802814288579,0.4438139880008727,0.5505267942164657,0.0,0.0,0.0,0.0,0.0,0.3481582619900471,1,304.8511000639736,910.5533001919208,620.7022001279472,330.8511000639737,276.8511000639736
8,a,303.15,1,0.3938,0.3929,0.2133,0.0,0.0,0.0,0.0,0.0,0.9296914955733293,0.003436798063196206,0.06653364503086129,0.0,0.0,0.0,0.0,0.0,0.00001000000000000013,0.6790898641004052,0.3211485540463082,0.0,0.0,0.0,0.0,0.0,0.4235751726532451,1,305.5483879697124,912.6451639091373,622.0967759394248,331.5483879697124,277.5483879697124
8,a,303.15,1,0.3877,0.4527,0.1596,0.0,0.0,0.0,0.0,0.0,0.9546875842676986,0.005411033049134459,0.03975239888243069,0.0,0.0,0.0,0.0,0.0,0.001092301322776245,0.7576896734157439,0.2413196117616804,0.0,0.0,0.0,0.0,0.0,0.4054211525494232,1,305.5483879697124,912.6451639091373,622.0967759394248,331.5483879697124,277.5483879697124
8,a,303.15,1,0.4493,0.4737,0.077,0.0,0.0,0.0,0.0,0.0,0.971643342977247,0.005114258615187333,0.0232424048958884,0.0,0.0,0.0,0.0,0.0,0.0002563426012911954,0.8765297822596877,0.1232138695611953,0.0,0.0,0.0,0.0,0.0,0.4622706060765848,1,305.5483879697124,912.6451639091373,622.0967759394248,331.5483879697124,277.5483879697124
8,a,303.15,1,0.2838,0.3743,0.3419,0.0,0.0,0.0,0.0,0.0,0.9348098862251185,0.001234047413317076,0.06393830446402385,0.0,0.0,0.0,0.0,0.0,0.008395297467107652,0.5321226688584523,0.4594895477079626,0.0,0.0,0.0,0.0,0.0,0.2972801873749755,1,305.5483879697124,912.6451639091373,622.0967759394248,331.5483879697124,277.5483879697124
8,a,303.15,1,0.2823,0.3219,0.3958,0.0,0.0,0.0,0.0,0.0,0.9028400168520481,0.01004229802391851,0.08720700724518837,0.0,0.0,0.0,0.0,0.0,0.006039851199291259,0.4607369046521951,0.5331834785543355,0.0,0.0,0.0,0.0,0.0,0.3080509564799493,1,305.5483879697124,912.6451639091373,622.0967759394248,331.5483879697124,277.5483879697124
8,a,303.15,1,0.2951,0.259,0.4459,0.0,0.0,0.0,0.0,0.0,0.9058615209084834,0.004098528649089961,0.09006128742098089,0.0,0.0,0.0,0.0,0.0,0.01885018486444999,0.3742929284636775,0.6068472358733541,0.0,0.0,0.0,0.0,0.0,0.3114388778474826,1,305.5483879697124,912.6451639091373,622.0967759394248,331.5483879697124,277.5483879697124
8,a,303.15,1,0.298,0.1307,0.5713,0.0,0.0,0.0,0.0,0.0,0.7653984438403321,0.002664375155605858,0.2319372233575449,0.0,0.0,0.0,0.0,0.0,0.06023049163227453,0.1958327961699542,0.7439366906521994,0.0,0.0,0.0,0.0,0.0,0.3371813872471225,1,305.5483879697124,912.6451639091373,622.0967759394248,331.5483879697124,277.5483879697124
8,a,318.15,1,0.4607,0.4802,0.0591,0.0,0.0,0.0,0.0,0.0,0.9779334760972376,0.001387969602804762,0.02031094179527998,0.0,0.0,0.0,0.0,0.0,0.0000100000000000011,0.906668750530399,0.09364867492175435,0.0,0.0,0.0,0.0,0.0,0.4710900303145932,1,305.5483879697124,912.6451639091373,622.0967759394248,331.5483879697124,277.5483879697124
8,a,318.15,1,0.4059,0.4205,0.1736,0.0,0.0,0.0,0.0,0.0,0.9497490406337679,0.006164006962178394,0.04409078499359134,0.0,0.0,0.0,0.0,0.0,0.002208218075023267,0.7280559996394843,0.2697329374061525,0.0,0.0,0.0,0.0,0.0,0.4260415723671358,1,305.5483879697124,912.6451639091373,622.0967759394248,331.5483879697124,277.5483879697124
8,a,318.15,1,0.3439,0.3429,0.3132,0.0,0.0,0.0,0.0,0.0,0.9317646613381028,0.004191875997043722,0.0639469359998899,0.0,0.0,0.0,0.0,0.0,0.01115267431660517,0.5346179750058202,0.4542839873851981,0.0,0.0,0.0,0.0,0.0,0.3614414437074071,1,305.5483879697124,912.6451639091373,622.0967759394248,331.5483879697124,277.5483879697124
8,a,318.15,1,0.3066,0.3158,0.3776,0.0,0.0,0.0,0.0,0.0,0.9013519261390703,0.001308738459971218,0.09749928812454506,0.0,0.0,0.0,0.0,0.0,0.01518731283847411,0.4698923863990451,0.5148419281655194,0.0,0.0,0.0,0.0,0.0,0.3288471270322274,1,305.5483879697124,912.6451639091373,622.0967759394248,331.5483879697124,277.5483879697124
8,a,318.15,1,0.2381,0.2624,0.4995000000000001,0.0,0.0,0.0,0.0,0.0,0.8550150815988417,0.00001614839644863026,0.1450811048989415,0.0,0.0,0.0,0.0,0.0,0.02530611122586747,0.3529046444796778,0.6217504963699808,0.0,0.0,0.0,0.0,0.0,0.2564681067368436,1,305.5483879697124,912.6451639091373,622.0967759394248,331.5483879697124,277.5483879697124
8,a,318.15,1,0.2958,0.1689,0.5353,0.0,0.0,0.0,0.0,0.0,0.7860778522109914,0.004880226968263254,0.2090987626297945,0.0,0.0,0.0,0.0,0.0,0.05507656809700023,0.2494327070886308,0.69546281583319,0.0,0.0,0.0,0.0,0.0,0.3293064419096995,1,305.5483879697124,912.6451639091373,622.0967759394248,331.5483879697124,277.5483879697124
8,a,333.15,1,0.4416,0.4565,0.1019,0.0,0.0,0.0,0.0,0.0,0.9751462298907818,0.001642324872759882,0.02315699335609953,0.0,0.0,0.0,0.0,0.0,0.0004645416413086063,0.8325758445360921,0.1670046345796673,0.0,0.0,0.0,0.0,0.0,0.4525943840711422,1,305.5483879697124,912.6451639091373,622.0967759394248,331.5483879697124,277.5483879697124
8,a,333.15,1,0.3687,0.3923,0.239,0.0,0.0,0.0,0.0,0.0,0.941716975391163,0.007498064762705082,0.05104725872291161,0.0,0.0,0.0,0.0,0.0,0.02947314884939924,0.620103284044241,0.3502682858043188,0.0,0.0,0.0,0.0,0.0,0.3718598485194248,1,305.5483879697124,912.6451639091373,622.0967759394248,331.5483879697124,277.5483879697124
8,a,333.15,1,0.3401,0.3143,0.3456,0.0,0.0,0.0,0.0,0.0,0.9047951615603459,0.004689765480711574,0.09051511511227513,0.0,0.0,0.0,0.0,0.0,0.04084843744090794,0.4783732075836688,0.4807783326369095,0.0,0.0,0.0,0.0,0.0,0.3463773334682168,1,305.5483879697124,912.6451639091373,622.0967759394248,331.5483879697124,277.5483879697124
8,a,333.15,1,0.3019,0.2307,0.4674,0.0,0.0,0.0,0.0,0.0,0.8245588100282522,0.00815991205277213,0.1673461471041896,0.0,0.0,0.0,0.0,0.0,0.04635171271833073,0.3395085328999851,0.6141080373057244,0.0,0.0,0.0,0.0,0.0,0.3283808232603371,1,305.5483879697124,912.6451639091373,622.0967759394248,331.5483879697124,277.5483879697124
9,a,298.15,2,0.1617,0.6851,0.1532,0.0,0.0,0.0,0.0,0.0,0.9270417982982311,0.02115334450900744,0.0517865716182029,0.0,0.0,0.0,0.0,0.0,0.001947266115485812,0.8236881361817828,0.1743684145209594,0.0,0.0,0.0,0.0,0.0,0.1726880100648528,2,319.1828386945529,911.5485160836586,621.3656773891057,331.1828386945529,277.1828386945529
9,a,298.15,2,0.3899,0.3356,0.2745,0.0,0.0,0.0,0.0,0.0,0.84192854018092,0.02414563627505857,0.1339258498049837,0.0,0.0,0.0,0.0,0.0,0.007822362363063388,0.5988571551258961,0.3933204603139322,0.0,0.0,0.0,0.0,0.0,0.4580683464502174,2,319.1828386945529,911.5485160836586,621.3656773891057,331.1828386945529,277.1828386945529
9,a,298.15,2,0.5191,0.2092,0.2717,0.0,0.0,0.0,0.0,0.0,0.8149976395551676,0.015935738450222,0.1690666349041482,0.0,0.0,0.0,0.0,0.0,0.01290688647329929,0.5398178394474195,0.4472752519948905,0.0,0.0,0.0,0.0,0.0,0.63109206979604,2,319.1828386945529,911.5485160836586,621.3656773891057,331.1828386945529,277.1828386945529
9,a,333.15,2,0.3996,0.3996,0.2008,0.0,0.0,0.0,0.0,0.0,0.8534873113440125,0.02047936304650066,0.126145041093278,0.0,0.0,0.0,0.0,0.0,0.007538477357244713,0.7270791131506722,0.2652859112168874,0.0,0.0,0.0,0.0,0.0,0.4634577256818914,2,319.1828386945529,911.5485160836586,621.3656773891057,331.1828386945529,277.1828386945529
9,a,333.15,2,0.3005,0.3978,0.3017,0.0,0.0,0.0,0.0,0.0,0.8075222500602296,0.023922376826493,0.1683593026270817,0.0,0.0,0.0,0.0,0.0,0.008982233175076777,0.6127648654677456,0.3783656341421181,0.0,0.0,0.0,0.0,0.0,0.3650634416068966,2,319.1828386945529,911.5485160836586,621.3656773891057,331.1828386945529,277.1828386945529
9,a,333.15,2,0.5331,0.1981,0.2688,0.0,0.0,0.0,0.0,0.0,0.7876806704490199,0.02245804094804133,0.1898612998492513,0.0,0.0,0.0,0.0,0.0,0.007945819842068507,0.5604178022297468,0.4316363547290627,0.0,0.0,0.0,0.0,0.0,0.6735035374514139,2,319.1828386945529,911.5485160836586,621.3656773891057,331.1828386945529,277.1828386945529
9,a,333.15,2,0.4863,0.1993,0.3144,0.0,0.0,0.0,0.0,0.0,0.7522188177782367,0.02564303706602845,0.2221381574510833,0.0,0.0,0.0,0.0,0.0,0.01366874841293533,0.5079494909387668,0.4783817387951398,0.0,0.0,0.0,0.0,0.0,0.6399447663626066,2,319.1828386945529,911.5485160836586,621.3656773891057,331.1828386945529,277.1828386945529
9,a,333.15,2,0.4416,0.193,0.3654,0.0,0.0,0.0,0.0,0.0,0.7197301622315981,0.02498950260006152,0.2552803501339965,0.0,0.0,0.0,0.0,0.0,0.02073117318863361,0.4472348530822986,0.532033951082915,0.0,0.0,0.0,0.0,0.0,0.6021021967250618,2,319.1828386945529,911.5485160836586,621.3656773891057,331.1828386945529,277.1828386945529
10,a,293.15,2,0.4477,0.4457,0.1066,0.0,0.0,0.0,0.0,0.0,0.9267813248776343,0.01870571079242197,0.05451298945772803,0.0,0.0,0.0,0.0,0.0,0.01969963343011545,0.8271669927924431,0.1531333513288499,0.0,0.0,0.0,0.0,0.0,0.4718432425715511,2,320.4244326140292,915.2732978420877,623.8488652280585,332.4244326140292,278.4244326140292
10,a,293.15,2,0.4152,0.408,0.1768,0.0,0.0,0.0,0.0,0.0,0.8861833878821241,0.0235388686369088,0.09027777057667007,0.0,0.0,0.0,0.0,0.0,0.01991674052325836,0.7306675357504396,0.2494157009856321,0.0,0.0,0.0,0.0,0.0,0.4563066818766587,2,320.4244326140292,915.2732978420877,623.8488652280585,332.4244326140292,278.4244326140292
10,a,293.15,2,0.3806,0.3702,0.2492,0.0,0.0,0.0,0.0,0.0,0.8125059475558238,0.03599783082696364,0.1514962483735103,0.0,0.0,0.0,0.0,0.0,0.02098516324472921,0.6484644212022227,0.3305503932751385,0.0,0.0,0.0,0.0,0.0,0.4543340413584515,2,320.4244326140292,915.2732978420877,623.8488652280585,332.4244326140292,278.4244326140292
10,a,293.15,2,0.3290999999999999,0.3272,0.3436999999999999,0.0,0.0,0.0,0.0,0.0,0.7805114811800186,0.04133154150166553,0.178157011002093,0.0,0.0,0.0,0.0,0.0,0.01901098799828345,0.5235722048594762,0.4574167840037742,0.0,0.0,0.0,0.0,0.0,0.4072078938597778,2,320.4244326140292,915.2732978420877,623.8488652280585,332.4244326140292,278.4244326140292
10,a,323.15,2,0.4663,0.476,0.05769999999999999,0.0,0.0,0.0,0.0,0.0,0.9569680944919665,0.01791369467435452,0.02460183764578036,0.0,0.0,0.0,0.0,0.0,0.03665232115906584,0.8771178228243358,0.08668201205463477,0.0,0.0,0.0,0.0,0.0,0.4668481094102906,2,320.4244326140292,915.2732978420877,623.8488652280585,332.4244326140292,278.4244326140292
10,a,323.15,2,0.4335,0.4445,0.122,0.0,0.0,0.0,0.0,0.0,0.9342027475107672,0.03006316559172591,0.03558366357110063,0.0,0.0,0.0,0.0,0.0,0.02607053645264105,0.7817335741249307,0.192318291177736,0.0,0.0,0.0,0.0,0.0,0.4486455370552658,2,320.4244326140292,915.2732978420877,623.8488652280585,332.4244326140292,278.4244326140292
10,a,323.15,2,0.3933,0.411,0.1957,0.0,0.0,0.0,0.0,0.0,0.8967694252825579,0.04059318999649957,0.06218045879168903,0.0,0.0,0.0,0.0,0.0,0.02291584758469215,0.683494823881329,0.2939254723284669,0.0,0.0,0.0,0.0,0.0,0.4238515031214622,2,320.4244326140292,915.2732978420877,623.8488652280585,332.4244326140292,278.4244326140292
10,a,323.15,2,0.3786,0.3635,0.2579,0.0,0.0,0.0,0.0,0.0,0.8319511335160067,0.06200824992206603,0.1060406452340986,0.0,0.0,0.0,0.0,0.0,0.01035314913106356,0.6083949154888207,0.3812519120903606,0.0,0.0,0.0,0.0,0.0,0.4482080748343241,2,320.4244326140292,915.2732978420877,623.8488652280585,332.4244326140292,278.4244326140292
10,a,323.15,2,0.3497,0.3269,0.3234,0.0,0.0,0.0,0.0,0.0,0.805433682861035,0.05796627340681113,0.1365867522975572,0.0,0.0,0.0,0.0,0.0,0.02362928723212816,0.5193181056073058,0.4570621169855266,0.0,0.0,0.0,0.0,0.0,0.4170745452327251,2,320.4244326140292,915.2732978420877,623.8488652280585,332.4244326140292,278.4244326140292
10,b,298.15,2,0.4538,0.4423,0.1039,0.0,0.0,0.0,0.0,0.0,0.9207372131132423,0.01275809824649144,0.06684484343491756,0.0,0.0,0.0,0.0,0.0,0.04631421399039305,0.8171517242673497,0.1362372161707954,0.0,0.0,0.0,0.0,0.0,0.4660053388558671,2,320.7795402256156,916.3386206768466,624.5590804512311,332.7795402256156,278.7795402256156
10,b,298.15,2,0.4255,0.4391,0.1354,0.0,0.0,0.0,0.0,0.0,0.9115869279477625,0.01129062453140014,0.07712941969859881,0.0,0.0,0.0,0.0,0.0,0.04522911164389384,0.7737797494500782,0.1809856844984338,0.0,0.0,0.0,0.0,0.0,0.4389305217773079,2,320.7795402256156,916.3386206768466,624.5590804512311,332.7795402256156,278.7795402256156
10,b,313.15,2,0.4784,0.4864,0.0352,0.0,0.0,0.0,0.0,0.0,0.9720781295185281,0.01673466325903325,0.01114542945956569,0.0,0.0,0.0,0.0,0.0,0.02668231486279635,0.9161458729004774,0.05721003907564587,0.0,0.0,0.0,0.0,0.0,0.4778080018279939,2,320.7795402256156,916.3386206768466,624.5590804512311,332.7795402256156,278.7795402256156
10,b,313.15,2,0.4606,0.4752,0.0642,0.0,0.0,0.0,0.0,0.0,0.9518315782863745,0.01882402572593093,0.02934442143165738,0.0,0.0,0.0,0.0,0.0,0.02731037160783524,0.8777453269721289,0.0949442789772499,0.0,0.0,0.0,0.0,0.0,0.4686638070194336,2,320.7795402256156,916.3386206768466,624.5590804512311,332.7795402256156,278.7795402256156
10,b,313.15,2,0.4377,0.4279,0.1344,0.0,0.0,0.0,0.0,0.0,0.9017784302620226,0.02048183021084971,0.07773976470196452,0.0,0.0,0.0,0.0,0.0,0.02446950627355213,0.7906783591666613,0.1848521121432951,0.0,0.0,0.0,0.0,0.0,0.4710205064913697,2,320.7795402256156,916.3386206768466,624.5590804512311,332.7795402256156,278.7795402256156
10,b,313.15,2,0.4166,0.4117,0.1717,0.0,0.0,0.0,0.0,0.0,0.8822842160454053,0.02208862002166855,0.09562719020811176,0.0,0.0,0.0,0.0,0.0,0.02333563490825298,0.7407218278833796,0.2359425150193092,0.0,0.0,0.0,0.0,0.0,0.457843896279692,2,320.7795402256156,916.3386206768466,624.5590804512311,332.7795402256156,278.7795402256156
10,b,313.15,2,0.3938,0.3996,0.2066,0.0,0.0,0.0,0.0,0.0,0.8692442151682258,0.02486049241797107,0.1058953073747464,0.0,0.0,0.0,0.0,0.0,0.0210335058836003,0.6934101421611207,0.2855563402253258,0.0,0.0,0.0,0.0,0.0,0.4394739302817671,2,320.7795402256156,916.3386206768466,624.5590804512311,332.7795402256156,278.7795402256156
11,a,293.15,2,0.4404,0.4423,0.1173,0.0,0.0,0.0,0.0,0.0,0.8836092163001478,0.02786274687652407,0.08823740264828765,0.0,0.0,0.0,0.0,0.0,0.03983701148687047,0.816859504985313,0.1435661524648259,0.0,0.0,0.0,0.0,0.0,0.4747288263682165,2,262.7332630972729,742.1997892918187,508.4665261945457,274.7332630972729,220.7332630972729
12,aa,323.15,2,0.2236,0.7764,0.0,0.0,0.0,0.0,0.0,0.0,0.9920000000000001,0.007999999999999691,0.0,0.0,0.0,0.0,0.0,0.0,0.009000000000000001,0.991,0.0,0.0,0.0,0.0,0.0,0.0,0.2183112919633774,,,,,,
12,aa,353.15,2,0.26471,0.73529,0.0,0.0,0.0,0.0,0.0,0.0,0.9910099999999998,0.008990000000000114,0.0,0.0,0.0,0.0,0.0,0.0,0.0097,0.9903,0.0,0.0,0.0,0.0,0.0,0.0,0.2598669125964272,,,,,,
12,ba,353.15,2,0.28996,0.71004,0.0,0.0,0.0,0.0,0.0,0.0,0.98027,0.01972999999999965,0.0,0.0,0.0,0.0,0.0,0.0,0.0032,0.9968,0.0,0.0,0.0,0.0,0.0,0.0,0.2934897192626936,,,,,,
12,ca,323.15,2,0.54967,0.45033,0.0,0.0,0.0,0.0,0.0,0.0,0.9994699999999999,0.0005300000000001574,0.0,0.0,0.0,0.0,0.0,0.0,0.00174,0.9982599999999999,0.0,0.0,0.0,0.0,0.0,0.0,0.5491766309522617,,,,,,
12,da,353.15,2,0.56267,0.43733,0.0,0.0,0.0,0.0,0.0,0.0,0.9987099999999999,0.001290000000000075,0.0,0.0,0.0,0.0,0.0,0.0,0.00649,0.99351,0.0,0.0,0.0,0.0,0.0,0.0,0.5605410090504123,,,,,,
12,da,323.15,2,0.64251,0.35749,0.0,0.0,0.0,0.0,0.0,0.0,0.99972,0.0002799999999999873,0.0,0.0,0.0,0.0,0.0,0.0,0.0028,0.9972,0.0,0.0,0.0,0.0,0.0,0.0,0.6416863940938089,,,,,,
12,a,323.15,2,0.27483,0.27208,0.45309,0.0,0.0,0.0,0.0,0.0,0.7229598483949763,0.03811851513090367,0.2389189809701535,0.0,0.0,0.0,0.0,0.0,0.0996751672193569,0.3635255595986962,0.5368003111051176,0.0,0.0,0.0,0.0,0.0,0.2810189919159761,2,322.0,920.0,627.0,334.0,280.0
12,a,323.15,2,0.36702,0.38322,0.24976,0.0,0.0,0.0,0.0,0.0,0.8660701011462036,0.0182741456702086,0.1155491522393167,0.0,0.0,0.0,0.0,0.0,0.01650511353392921,0.6395448748028896,0.3440248843418812,0.0,0.0,0.0,0.0,0.0,0.4125816053827764,2,322.0,920.0,627.0,334.0,280.0
12,a,323.15,2,0.20501,0.58997,0.20502,0.0,0.0,0.0,0.0,0.0,0.9073952993615348,0.01342392987442311,0.07920926861278012,0.0,0.0,0.0,0.0,0.0,0.0094390229225226,0.7505025145146593,0.2400505276699219,0.0,0.0,0.0,0.0,0.0,0.2177956568810289,2,322.0,920.0,627.0,334.0,280.0
12,a,353.15,2,0.1865,0.34201,0.47149,0.0,0.0,0.0,0.0,0.0,0.6617854561155984,0.0679675499196895,0.2699527545332015,0.0,0.0,0.0,0.0,0.0,0.126393244524671,0.3766666517550476,0.4969773145739556,0.0,0.0,0.0,0.0,0.0,0.1122667722354808,2,322.0,920.0,627.0,334.0,280.0
12,a,353.15,2,0.156,0.46448,0.37952,0.0,0.0,0.0,0.0,0.0,0.784566153624343,0.03088986007719874,0.1846817626140121,0.0,0.0,0.0,0.0,0.0,0.04836570235703333,0.5387270301755983,0.4128836749514955,0.0,0.0,0.0,0.0,0.0,0.14620243366828,2,322.0,920.0,627.0,334.0,280.0
12,a,353.15,2,0.17271,0.54071,0.28658,0.0,0.0,0.0,0.0,0.0,0.8302103872939187,0.02112575491632498,0.1486357918691703,0.0,0.0,0.0,0.0,0.0,0.01840778291397881,0.6626460513373179,0.3189527522600646,0.0,0.0,0.0,0.0,0.0,0.1900735674577913,2,322.0,920.0,627.0,334.0,280.0
12,a,353.15,2,0.20904,0.66384,0.12712,0.0,0.0,0.0,0.0,0.0,0.9323375232620731,0.01637644696947279,0.05128125353881746,0.0,0.0,0.0,0.0,0.0,0.01379683217737576,0.8386129407025337,0.1475915163906528,0.0,0.0,0.0,0.0,0.0,0.2125579952174608,2,322.0,920.0,627.0,334.0,280.0
12,b,323.15,2,0.29577,0.29607,0.40816,0.0,0.0,0.0,0.0,0.0,0.7373110942901673,0.04700446352708079,0.2159067783920448,0.0,0.0,0.0,0.0,0.0,0.08759711530457095,0.4134966492434538,0.4988014108486503,0.0,0.0,0.0,0.0,0.0,0.3204069658782024,2,324.0,926.0,631.0,336.0,282.0
12,b,323.15,2,0.31981,0.32138,0.35881,0.0,0.0,0.0,0.0,0.0,0.7736291591954934,0.03748229270747164,0.1888927229374314,0.0,0.0,0.0,0.0,0.0,0.05573743340485166,0.4865770717766043,0.457683065523094,0.0,0.0,0.0,0.0,0.0,0.3678445608274913,2,324.0,926.0,631.0,336.0,282.0
12,b,323.15,2,0.35524,0.35435,0.29041,0.0,0.0,0.0,0.0,0.0,0.8301415082202575,0.0235682286980407,0.1462902947969246,0.0,0.0,0.0,0.0,0.0,0.02733756347493041,0.5827429338832202,0.3899194807436271,0.0,0.0,0.0,0.0,0.0,0.4084464689932358,2,324.0,926.0,631.0,336.0,282.0
12,b,323.15,2,0.4147399999999999,0.41478,0.17048,0.0,0.0,0.0,0.0,0.0,0.8963373634270329,0.02602171829327822,0.07764293523445379,0.0,0.0,0.0,0.0,0.0,0.00817388782426863,0.7429710474860123,0.2488533619697305,0.0,0.0,0.0,0.0,0.0,0.4577604498989442,2,324.0,926.0,631.0,336.0,282.0
12,b,323.15,2,0.4472699999999999,0.44731,0.10542,0.0,0.0,0.0,0.0,0.0,0.9277548740855741,0.0198368926308391,0.05240824376102572,0.0,0.0,0.0,0.0,0.0,0.002570635477936289,0.8429458034352639,0.1544835513896985,0.0,0.0,0.0,0.0,0.0,0.4806603333313556,2,324.0,926.0,631.0,336.0,282.0
12,b,353.15,2,0.29577,0.29997,0.40426,0.0,0.0,0.0,0.0,0.0,0.6952529609357412,0.05353805513689762,0.2512090272131122,0.0,0.0,0.0,0.0,0.0,0.09150129829365836,0.4259787121569419,0.4825199674159797,0.0,0.0,0.0,0.0,0.0,0.3383323216244898,2,324.0,926.0,631.0,336.0,282.0
12,b,353.15,2,0.34124,0.3449199999999999,0.31384,0.0,0.0,0.0,0.0,0.0,0.8000996479505535,0.03278768195638552,0.1671585716509975,0.0,0.0,0.0,0.0,0.0,0.04022146002391845,0.5496832976150554,0.4100651302777031,0.0,0.0,0.0,0.0,0.0,0.3961405193080031,2,324.0,926.0,631.0,336.0,282.0
12,b,353.15,2,0.39271,0.39139,0.2159,0.0,0.0,0.0,0.0,0.0,0.8618675371231465,0.02747020708929187,0.1108647710297258,0.0,0.0,0.0,0.0,0.0,0.02838217617655274,0.6739946598557279,0.2974658992290535,0.0,0.0,0.0,0.0,0.0,0.4371136445752067,2,324.0,926.0,631.0,336.0,282.0
12,b,353.15,2,0.41531,0.40479,0.1799,0.0,0.0,0.0,0.0,0.0,0.8824354067568452,0.01737015800173937,0.1001944615621004,0.0,0.0,0.0,0.0,0.0,0.01705524553934934,0.7350905827052253,0.2478541493153316,0.0,0.0,0.0,0.0,0.0,0.4602078627505737,2,324.0,926.0,631.0,336.0,282.0
12,b,353.15,2,0.44317,0.44173,0.1151,0.0,0.0,0.0,0.0,0.0,0.9150447378277173,0.01297450302879726,0.07199546642221197,0.0,0.0,0.0,0.0,0.0,0.004869250872086235,0.8399794514970212,0.1551376367781985,0.0,0.0,0.0,0.0,0.0,0.4815563101945854,2,324.0,926.0,631.0,336.0,282.0
12,c,323.15,2,0.28544,0.2938,0.42076,0.0,0.0,0.0,0.0,0.0,0.7353719378212796,0.0463521021631652,0.2182760039144838,0.0,0.0,0.0,0.0,0.0,0.05799642277955455,0.4188865527177681,0.5231170023114781,0.0,0.0,0.0,0.0,0.0,0.3357717723328623,2,298.0,848.0,579.0,310.0,256.0
12,c,323.15,2,0.39341,0.39652,0.21007,0.0,0.0,0.0,0.0,0.0,0.8836311524682007,0.009336605255401746,0.1070322652248217,0.0,0.0,0.0,0.0,0.0,0.0133277106970972,0.6967142089068513,0.2899580626034909,0.0,0.0,0.0,0.0,0.0,0.436723872456967,2,298.0,848.0,579.0,310.0,256.0
12,c,323.15,2,0.43,0.4326700000000001,0.13733,0.0,0.0,0.0,0.0,0.0,0.927907507337783,0.009022397045128572,0.06310322653821127,0.0,0.0,0.0,0.0,0.0,0.01019951456285621,0.7898597727062886,0.1999127790753764,0.0,0.0,0.0,0.0,0.0,0.4574445125706803,2,298.0,848.0,579.0,310.0,256.0
12,c,323.15,2,0.4569,0.45694,0.08616,0.0,0.0,0.0,0.0,0.0,0.9498728870127493,0.00526113128771836,0.04492582764641834,0.0,0.0,0.0,0.0,0.0,0.005440920157778836,0.870582477761152,0.1239217958293964,0.0,0.0,0.0,0.0,0.0,0.4780218117199208,2,298.0,848.0,579.0,310.0,256.0
12,c,353.15,2,0.31087,0.3142,0.37493,0.0,0.0,0.0,0.0,0.0,0.7425319551044866,0.05433314236493122,0.2031349418652554,0.0,0.0,0.0,0.0,0.0,0.06544389222608608,0.4619501333036747,0.4726059521060822,0.0,0.0,0.0,0.0,0.0,0.3624729503139836,2,298.0,848.0,579.0,310.0,256.0
12,c,353.15,2,0.3432500000000001,0.33635,0.3204,0.0,0.0,0.0,0.0,0.0,0.7741985331300265,0.04878880097268684,0.1770157303362458,0.0,0.0,0.0,0.0,0.0,0.04874549943551477,0.5328655019467515,0.4183869044208733,0.0,0.0,0.0,0.0,0.0,0.4059594307086475,2,298.0,848.0,579.0,310.0,256.0
12,c,353.15,2,0.38156,0.37594,0.2425,0.0,0.0,0.0,0.0,0.0,0.8153250954740321,0.03553540497459996,0.1491274911994827,0.0,0.0,0.0,0.0,0.0,0.01465900589254414,0.663871845177806,0.3214793062159099,0.0,0.0,0.0,0.0,0.0,0.4582447026065969,2,298.0,848.0,579.0,310.0,256.0
12,c,353.15,2,0.40452,0.40764,0.18784,0.0,0.0,0.0,0.0,0.0,0.8524663520677577,0.02339255358626487,0.1240100712868423,0.0,0.0,0.0,0.0,0.0,0.009685577347644334,0.7463281441495931,0.2441017664706163,0.0,0.0,0.0,0.0,0.0,0.4684900682309463,2,298.0,848.0,579.0,310.0,256.0
12,c,353.15,2,0.44317,0.44269,0.11414,0.0,0.0,0.0,0.0,0.0,0.9189394781252463,0.001492397369998976,0.07959586324356342,0.0,0.0,0.0,0.0,0.0,0.000626444078208557,0.8530760480950204,0.1462717062554772,0.0,0.0,0.0,0.0,0.0,0.4819092613457597,2,298.0,848.0,579.0,310.0,256.0
12,d,323.15,2,0.2975,0.2971,0.4054,0.0,0.0,0.0,0.0,0.0,0.5839352842130373,0.08188687683698112,0.3341778677265191,0.0,0.0,0.0,0.0,0.0,0.07444318445655652,0.4646937168418057,0.4608630762923777,0.0,0.0,0.0,0.0,0.0,0.4378023047856027,2,242.0,680.0,467.0,254.0,200.0
12,d,323.15,2,0.34696,0.34658,0.30646,0.0,0.0,0.0,0.0,0.0,0.7315259971508404,0.04133185850403498,0.2271965183331127,0.0,0.0,0.0,0.0,0.0,0.03042940658582123,0.597825237702061,0.3717006012855391,0.0,0.0,0.0,0.0,0.0,0.4514792935436817,2,242.0,680.0,467.0,254.0,200.0
12,d,323.15,2,0.39341,0.39102,0.21557,0.0,0.0,0.0,0.0,0.0,0.839006808489643,0.01988240546008616,0.1412856231547903,0.0,0.0,0.0,0.0,0.0,0.01573543316148746,0.7055851575253763,0.2785312225971217,0.0,0.0,0.0,0.0,0.0,0.4587485708317888,2,242.0,680.0,467.0,254.0,200.0
12,d,353.15,2,0.32014,0.31145,0.36841,0.0,0.0,0.0,0.0,0.0,0.5864487153080244,0.1023823291409448,0.3117086679186258,0.0,0.0,0.0,0.0,0.0,0.1121457030252672,0.4747374957553586,0.4126952712880814,0.0,0.0,0.0,0.0,0.0,0.4385261986291926,2,242.0,680.0,467.0,254.0,200.0
12,d,353.15,2,0.34504,0.34601,0.30895,0.0,0.0,0.0,0.0,0.0,0.713133412931834,0.05182145264056753,0.2350700051872039,0.0,0.0,0.0,0.0,0.0,0.04109963897299713,0.5889259831528797,0.3699538417075198,0.0,0.0,0.0,0.0,0.0,0.4522694733577775,2,242.0,680.0,467.0,254.0,200.0
12,d,353.15,2,0.38131,0.3804999999999999,0.23819,0.0,0.0,0.0,0.0,0.0,0.7807434860699184,0.03307307679122537,0.1864148746448121,0.0,0.0,0.0,0.0,0.0,0.0180259941871188,0.696484134511033,0.2852793793246076,0.0,0.0,0.0,0.0,0.0,0.4763021822353905,2,242.0,680.0,467.0,254.0,200.0
12,d,353.15,2,0.41184,0.41551,0.17265,0.0,0.0,0.0,0.0,0.0,0.8467389371419849,0.01398475055560513,0.1392763361626542,0.0,0.0,0.0,0.0,0.0,0.008571073453235134,0.787832492643846,0.2035964117780198,0.0,0.0,0.0,0.0,0.0,0.4811314582880705,2,242.0,680.0,467.0,254.0,200.0
13,a,298.15,2,0.4,0.25,0.35,0.0,0.0,0.0,0.0,0.0,0.8167686297655501,0.01140127736978727,0.1718301173632338,0.0,0.0,0.0,0.0,0.0,0.02125105314251885,0.4668325743916228,0.5119163502021673,0.0,0.0,0.0,0.0,0.0,0.4761038071154491,2,317.0086703867213,905.0260111601639,617.0173407734426,329.0086703867213,275.0086703867213
13,a,298.15,2,0.3964,0.3017,0.3019,0.0,0.0,0.0,0.0,0.0,0.856052348354913,0.006975846991043482,0.1369718312522515,0.0,0.0,0.0,0.0,0.0,0.009302680777067003,0.5499026469533586,0.4407946498698305,0.0,0.0,0.0,0.0,0.0,0.4571567418859899,2,317.0086703867213,905.0260111601639,617.0173407734426,329.0086703867213,275.0086703867213
13,a,298.15,2,0.3991,0.3514,0.2495,0.0,0.0,0.0,0.0,0.0,0.8876652809473531,0.005243718589027286,0.1070196550131746,0.0,0.0,0.0,0.0,0.0,0.002455366612448493,0.6324290388805763,0.3651735167358752,0.0,0.0,0.0,0.0,0.0,0.4480797457917846,2,317.0086703867213,905.0260111601639,617.0173407734426,329.0086703867213,275.0086703867213
13,a,298.15,2,0.4002000000000001,0.3999,0.1999,0.0,0.0,0.0,0.0,0.0,0.9153088062311375,0.007579317168055023,0.07685837231352953,0.0,0.0,0.0,0.0,0.0,0.001822041427570282,0.7033153383551385,0.2950586768935384,0.0,0.0,0.0,0.0,0.0,0.4361069847115908,2,317.0086703867213,905.0260111601639,617.0173407734426,329.0086703867213,275.0086703867213
14,a,298.15,1,0.25,0.402,0.348,0.0,0.0,0.0,0.0,0.0,0.8304269750716678,0.005864552094789838,0.1637085043567729,0.0,0.0,0.0,0.0,0.0,0.03594425251487091,0.5480908487174225,0.4159648871422499,0.0,0.0,0.0,0.0,0.0,0.2694278193945576,1,305.6851025405435,913.0553076216306,622.3702050810871,331.6851025405435,277.6851025405435
14,a,298.15,1,0.25,0.46,0.29,0.0,0.0,0.0,0.0,0.0,0.897208514496539,0.002001482237034528,0.1007900702272025,0.0,0.0,0.0,0.0,0.0,0.03233861684142939,0.6140285528202756,0.3536328078188522,0.0,0.0,0.0,0.0,0.0,0.2516695097710164,1,305.6851025405435,913.0553076216306,622.3702050810871,331.6851025405435,277.6851025405435
14,a,308.15,1,0.25,0.212,0.5379999999999999,0.0,0.0,0.0,0.0,0.0,0.6202042648128366,0.03461935593611704,0.345176422470191,0.0,0.0,0.0,0.0,0.0,0.06065691913853673,0.30272234121675,0.6366207175400354,0.0,0.0,0.0,0.0,0.0,0.3383861657556243,1,305.6851025405435,913.0553076216306,622.3702050810871,331.6851025405435,277.6851025405435
14,a,308.15,1,0.25,0.275,0.475,0.0,0.0,0.0,0.0,0.0,0.7891206556843554,0.01136217248358445,0.1994804392693578,0.0,0.0,0.0,0.0,0.0,0.05629293628165216,0.3697255663733811,0.5739946954237065,0.0,0.0,0.0,0.0,0.0,0.2643282433096694,1,305.6851025405435,913.0553076216306,622.3702050810871,331.6851025405435,277.6851025405435
14,a,318.15,1,0.25,0.232,0.518,0.0,0.0,0.0,0.0,0.0,0.6883545170566956,0.0265162909152173,0.2844822358754066,0.0,0.0,0.0,0.0,0.0,0.0593518424991954,0.3213685111231063,0.6195610190878977,0.0,0.0,0.0,0.0,0.0,0.3030959409432154,1,305.6851025405435,913.0553076216306,622.3702050810871,331.6851025405435,277.6851025405435
14,a,328.15,1,0.25,0.427,0.323,0.0,0.0,0.0,0.0,0.0,0.6540394197766458,0.04018120630137978,0.3056881062573672,0.0,0.0,0.0,0.0,0.0,0.05432275638467762,0.6143372538040784,0.3313841909563982,0.0,0.0,0.0,0.0,0.0,0.3262828191375932,1,305.6851025405435,913.0553076216306,622.3702050810871,331.6851025405435,277.6851025405435
14,a,328.15,1,0.25,0.63,0.12,0.0,0.0,0.0,0.0,0.0,0.9039681795939846,0.01518218669287078,0.08088954031100343,0.0,0.0,0.0,0.0,0.0,0.04034270830921201,0.8271059780022527,0.1325385199326787,0.0,0.0,0.0,0.0,0.0,0.2427641363783438,1,305.6851025405435,913.0553076216306,622.3702050810871,331.6851025405435,277.6851025405435
15,a,303.15,1,0.4,0.23,0.37,0.0,0.0,0.0,0.0,0.0,0.8210327929140034,0.01759709455221516,0.161370137519169,0.0,0.0,0.0,0.0,0.0,0.02399197319369425,0.4196887812766179,0.5563192232162093,0.0,0.0,0.0,0.0,0.0,0.4717550437859021,1,307.9194812434999,919.7584437305,626.8389624869999,333.9194812434999,279.9194812434999
15,a,303.15,1,0.4,0.273,0.327,0.0,0.0,0.0,0.0,0.0,0.8281690699990281,0.0172456704369417,0.1545852749525465,0.0,0.0,0.0,0.0,0.0,0.01295586863730228,0.5041895446539558,0.4828545727982675,0.0,0.0,0.0,0.0,0.0,0.474776574663146,1,307.9194812434999,919.7584437305,626.8389624869999,333.9194812434999,279.9194812434999
15,a,303.15,1,0.4,0.34,0.26,0.0,0.0,0.0,0.0,0.0,0.8831681918364581,0.0140114302992956,0.1030526630078171,0.0,0.0,0.0,0.0,0.0,0.01001286193297623,0.6031202787934589,0.386679371314119,0.0,0.0,0.0,0.0,0.0,0.4466411928220524,1,307.9194812434999,919.7584437305,626.8389624869999,333.9194812434999,279.9194812434999
15,a,303.15,1,0.4,0.42,0.18,0.0,0.0,0.0,0.0,0.0,0.9180723294772261,0.01587708314436348,0.06605058737841067,0.0,0.0,0.0,0.0,0.0,0.009,0.725,0.266,0.0,0.0,0.0,0.0,0.0,0.4301087903806837,1,307.9194812434999,919.7584437305,626.8389624869999,333.9194812434999,279.9194812434999
16,aa,298.15,1,0.4,0.6,0.0,0.0,0.0,0.0,0.0,0.0,0.4000040000400005,0.5999960000600005,0.0,0.0,0.0,0.0,0.0,0.0,0.0,0.99999,0.0,0.0,0.0,0.0,0.0,0.0,0.9999899999999999,,,,,,
16,a,298.15,1,0.4,0.525,0.075,0.0,0.0,0.0,0.0,0.0,0.9698074800755991,0.00001061444240025557,0.03009278077178026,0.0,0.0,0.0,0.0,0.0,0.00001000000000000023,0.893528865751857,0.1065236974718416,0.0,0.0,0.0,0.0,0.0,0.4124469368272842,1,310.0,926.0,631.0,336.0,282.0
16,a,298.15,1,0.4,0.456,0.144,0.0,0.0,0.0,0.0,0.0,0.951751762077039,9.964958267868139e-6,0.04827840496649331,0.0,0.0,0.0,0.0,0.0,0.00001000000000000005,0.7865679594565134,0.2133929470262505,0.0,0.0,0.0,0.0,0.0,0.4202715651849506,1,310.0,926.0,631.0,336.0,282.0
16,a,298.15,1,0.4,0.35,0.25,0.0,0.0,0.0,0.0,0.0,0.9152942465615271,0.00001067977109602903,0.08474761937616507,0.0,0.0,0.0,0.0,0.0,0.00001000000000000035,0.6216743474869051,0.3782748646366564,0.0,0.0,0.0,0.0,0.0,0.4370117824082007,1,310.0,926.0,631.0,336.0,282.0
16,a,298.15,1,0.4,0.29,0.31,0.0,0.0,0.0,0.0,0.0,0.8966295075164357,0.001241461187995161,0.1017827414065764,0.0,0.0,0.0,0.0,0.0,0.005464901506929741,0.519397119636793,0.47541308034218,0.0,0.0,0.0,0.0,0.0,0.4427185458584761,1,310.0,926.0,631.0,336.0,282.0
16,a,298.15,1,0.4,0.205,0.395,0.0,0.0,0.0,0.0,0.0,0.8602546342468462,0.006688039079714032,0.1335372010971431,0.0,0.0,0.0,0.0,0.0,0.01324847880246998,0.3716413477467582,0.6147069354395898,0.0,0.0,0.0,0.0,0.0,0.4566100478863975,1,310.0,926.0,631.0,336.0,282.0
16,a,308.15,1,0.5,0.23,0.27,0.0,0.0,0.0,0.0,0.0,0.884143882968602,0.004293118997082295,0.1116075419006838,0.0,0.0,0.0,0.0,0.0,0.003034190754889821,0.5219963267486752,0.4749118562277945,0.0,0.0,0.0,0.0,0.0,0.5640226337727898,1,310.0,926.0,631.0,336.0,282.0
16,a,308.15,1,0.5,0.18,0.32,0.0,0.0,0.0,0.0,0.0,0.850851145092708,0.007691252672390322,0.14145761803189,0.0,0.0,0.0,0.0,0.0,0.00902523224536736,0.4211257548522766,0.5698489907963354,0.0,0.0,0.0,0.0,0.0,0.5832260093942577,1,310.0,926.0,631.0,336.0,282.0
16,a,308.15,1,0.5,0.148,0.352,0.0,0.0,0.0,0.0,0.0,0.8101062936065594,0.007666338169515939,0.182693465789407,0.0,0.0,0.0,0.0,0.0,0.01214192183484439,0.3687723995739333,0.6183524156190682,0.0,0.0,0.0,0.0,0.0,0.6113782712904432,1,310.0,926.0,631.0,336.0,282.0
16,a,318.15,1,0.5,0.435,0.065,0.0,0.0,0.0,0.0,0.0,0.9687008082027102,0.001424325351585719,0.02993319105800557,0.0,0.0,0.0,0.0,0.0,0.0000588500154022198,0.89747481889412,0.1024041189644561,0.0,0.0,0.0,0.0,0.0,0.5161258458390291,1,310.0,926.0,631.0,336.0,282.0
16,a,318.15,1,0.5,0.381,0.119,0.0,0.0,0.0,0.0,0.0,0.9500327994813869,0.0004541117060949086,0.04851996632799314,0.0,0.0,0.0,0.0,0.0,9.9999999999995e-6,0.8037894920266563,0.1973038749092869,0.0,0.0,0.0,0.0,0.0,0.5262926324220243,1,310.0,926.0,631.0,336.0,282.0
16,a,318.15,1,0.5,0.299,0.201,0.0,0.0,0.0,0.0,0.0,0.9093499379198703,0.005094450887803247,0.08564934037120055,0.0,0.0,0.0,0.0,0.0,0.0003267392811858791,0.6577559944787189,0.3418028556585999,0.0,0.0,0.0,0.0,0.0,0.5496815278940121,1,310.0,926.0,631.0,336.0,282.0
16,a,318.15,1,0.5,0.181,0.319,0.0,0.0,0.0,0.0,0.0,0.8370987544357653,0.004314401339151665,0.1590524279329196,0.0,0.0,0.0,0.0,0.0,0.0081038123087911,0.4388205088496442,0.5523962967675512,0.0,0.0,0.0,0.0,0.0,0.5933645221394691,1,310.0,926.0,631.0,336.0,282.0
16,a,318.15,1,0.5,0.159,0.341,0.0,0.0,0.0,0.0,0.0,0.8059879743141237,0.005330175599633997,0.1886818641210419,0.0,0.0,0.0,0.0,0.0,0.01300213306359637,0.4035745682104595,0.5834232763887348,0.0,0.0,0.0,0.0,0.0,0.6141318565895388,1,310.0,926.0,631.0,336.0,282.0
17,a,298.15,2,0.172,0.628,0.2,0.0,0.0,0.0,0.0,0.0,0.7681255125799393,0.04599581983961933,0.1856519526956888,0.0,0.0,0.0,0.0,0.0,0.001515077859953851,0.794446386282651,0.2041033736619504,0.0,0.0,0.0,0.0,0.0,0.222387948844341,1,324.1692065909346,968.5076197728038,659.3384131818692,350.1692065909346,296.1692065909346
17,a,298.15,2,0.41,0.287,0.303,0.0,0.0,0.0,0.0,0.0,0.6478702039497719,0.0599976822988878,0.2921321399453445,0.0,0.0,0.0,0.0,0.0,0.03261680942448449,0.6471411925478978,0.3202419564705973,0.0,0.0,0.0,0.0,0.0,0.6133784777679999,1,324.1692065909346,968.5076197728038,659.3384131818692,350.1692065909346,296.1692065909346
17,a,333.15,2,0.312,0.377,0.311,0.0,0.0,0.0,0.0,0.0,0.6316113462684592,0.0635341591688611,0.304854517876422,0.0,0.0,0.0,0.0,0.0,0.005563240130378629,0.6775445761409757,0.3168921613759109,0.0,0.0,0.0,0.0,0.0,0.4894779759976369,1,324.1692065909346,968.5076197728038,659.3384131818692,350.1692065909346,296.1692065909346
17,a,333.15,2,0.171,0.499,0.33,0.0,0.0,0.0,0.0,0.0,0.6055328646078825,0.07461624723381213,0.3190393231974649,0.0,0.0,0.0,0.0,0.0,0.01669047722009014,0.6497054119462102,0.3338923104430094,0.0,0.0,0.0,0.0,0.0,0.262055731864776,1,324.1692065909346,968.5076197728038,659.3384131818692,350.1692065909346,296.1692065909346
18,a,298.15,1,0.509,0.1428,0.3482,0.0,0.0,0.0,0.0,0.0,0.7186849812368553,0.02997175773515743,0.2513432712390478,0.0,0.0,0.0,0.0,0.0,0.04763106966174713,0.3910554789504692,0.5613134289204328,0.0,0.0,0.0,0.0,0.0,0.6875288592764783,1,305.9049049583612,913.7147148750837,622.8098099167224,331.9049049583612,277.9049049583612
18,a,298.15,1,0.4490999999999999,0.2545,0.2964,0.0,0.0,0.0,0.0,0.0,0.8670060224423611,0.004984458161692849,0.1279244873961313,0.0,0.0,0.0,0.0,0.0,0.0312026990109455,0.504010334595457,0.4648719966188444,0.0,0.0,0.0,0.0,0.0,0.4999947825923503,1,305.9049049583612,913.7147148750837,622.8098099167224,331.9049049583612,277.9049049583612
18,a,318.15,1,0.4594,0.4719,0.0687,0.0,0.0,0.0,0.0,0.0,0.9561726163104034,0.00001001241260227847,0.04353625908214021,0.0,0.0,0.0,0.0,0.0,0.0008181656916332447,0.9075121271474547,0.09192920807084545,0.0,0.0,0.0,0.0,0.0,0.4800122446819078,1,305.9049049583612,913.7147148750837,622.8098099167224,331.9049049583612,277.9049049583612
18,a,318.15,1,0.3425,0.3423,0.3152,0.0,0.0,0.0,0.0,0.0,0.9174420949886015,0.002578031541437141,0.07997539722597051,0.0,0.0,0.0,0.0,0.0,0.01439730027910295,0.5361694278559682,0.4494358263269361,0.0,0.0,0.0,0.0,0.0,0.3633293737399204,1,305.9049049583612,913.7147148750837,622.8098099167224,331.9049049583612,277.9049049583612
18,a,318.15,1,0.1736,0.2075,0.6189,0.0,0.0,0.0,0.0,0.0,0.7895443934427586,0.004983096489894246,0.2053218414781191,0.0,0.0,0.0,0.0,0.0,0.0632592783348338,0.2437790237569985,0.6929886887876118,0.0,0.0,0.0,0.0,0.0,0.1519248011144628,1,305.9049049583612,913.7147148750837,622.8098099167224,331.9049049583612,277.9049049583612
18,a,303.15,1,0.4131,0.3814,0.2055,0.0,0.0,0.0,0.0,0.0,0.9065739994911246,0.02341835916227912,0.07002812247121415,0.0,0.0,0.0,0.0,0.0,0.001487921055616683,0.6799964155377674,0.3184985798757881,0.0,0.0,0.0,0.0,0.0,0.4547767209676652,1,305.9049049583612,913.7147148750837,622.8098099167224,331.9049049583612,277.9049049583612
18,a,303.15,1,0.2539,0.2751,0.471,0.0,0.0,0.0,0.0,0.0,0.9049843197931939,0.01420328950026879,0.08054072138359787,0.0,0.0,0.0,0.0,0.0,0.01934055480661128,0.369090572046083,0.611666744657535,0.0,0.0,0.0,0.0,0.0,0.2648462671635726,1,305.9049049583612,913.7147148750837,622.8098099167224,331.9049049583612,277.9049049583612
18,a,333.15,1,0.4144,0.4226,0.163,0.0,0.0,0.0,0.0,0.0,0.9353751664934468,0.02794315425065503,0.03621345906773328,0.0,0.0,0.0,0.0,0.0,0.004101054477881879,0.7334157510538043,0.2628519457290874,0.0,0.0,0.0,0.0,0.0,0.4405780642115181,1,305.9049049583612,913.7147148750837,622.8098099167224,331.9049049583612,277.9049049583612
18,a,333.15,1,0.4877,0.4736,0.0387,0.0,0.0,0.0,0.0,0.0,0.9631646773340877,0.009047750666047993,0.02773477014172884,0.0,0.0,0.0,0.0,0.0,0.02171931844752803,0.9288859215013009,0.04944650868154066,0.0,0.0,0.0,0.0,0.0,0.4949630662618421,1,305.9049049583612,913.7147148750837,622.8098099167224,331.9049049583612,277.9049049583612
18,a,333.15,1,0.3095,0.3275,0.363,0.0,0.0,0.0,0.0,0.0,0.874093363937108,0.01543008131237593,0.1104904705341737,0.0,0.0,0.0,0.0,0.0,0.01433877178056575,0.4906456307737238,0.4950083224756906,0.0,0.0,0.0,0.0,0.0,0.3433086963561015,1,305.9049049583612,913.7147148750837,622.8098099167224,331.9049049583612,277.9049049583612
19,a,293.15,1,0.2357,0.5347,0.2296,0.0,0.0,0.0,0.0,0.0,0.9553328313586869,0.007869328250885628,0.03652920808335201,0.0,0.0,0.0,0.0,0.0,0.007243789020876153,0.7019488161332917,0.2908926754449748,0.0,0.0,0.0,0.0,0.0,0.2409649313273292,1,305.4415999507858,912.3247998523573,621.8831999015715,331.4415999507858,277.4415999507858
19,a,293.15,1,0.2674,0.3246,0.408,0.0,0.0,0.0,0.0,0.0,0.9347795605720293,0.00001047448247961649,0.06660487654798392,0.0,0.0,0.0,0.0,0.0,0.002042672419728823,0.4536603041214675,0.5437423915268174,0.0,0.0,0.0,0.0,0.0,0.2844932273515302,1,305.4415999507858,912.3247998523573,621.8831999015715,331.4415999507858,277.4415999507858
19,a,293.15,1,0.2141,0.2774,0.5085000000000001,0.0,0.0,0.0,0.0,0.0,0.9167736774549482,0.00183114879364796,0.08114549000768016,0.0,0.0,0.0,0.0,0.0,0.00640204101434323,0.3588532973013651,0.6348184637998785,0.0,0.0,0.0,0.0,0.0,0.2281463422978771,1,305.4415999507858,912.3247998523573,621.8831999015715,331.4415999507858,277.4415999507858
19,a,293.15,1,0.2028,0.4143,0.3829,0.0,0.0,0.0,0.0,0.0,0.9409352751313644,0.003658748470299486,0.05514432711719291,0.0,0.0,0.0,0.0,0.0,0.001756576823715486,0.5261449770473742,0.4721697106639148,0.0,0.0,0.0,0.0,0.0,0.2140630143534498,1,305.4415999507858,912.3247998523573,621.8831999015715,331.4415999507858,277.4415999507858
19,a,293.15,1,0.3905,0.3895,0.22,0.0,0.0,0.0,0.0,0.0,0.9479432984202493,0.00863901252359775,0.04376837011045213,0.0,0.0,0.0,0.0,0.0,0.003008252018806054,0.6542452937245927,0.3425026877334419,0.0,0.0,0.0,0.0,0.0,0.4100723636580764,1,305.4415999507858,912.3247998523573,621.8831999015715,331.4415999507858,277.4415999507858
19,a,303.15,1,0.2795,0.4918,0.2287,0.0,0.0,0.0,0.0,0.0,0.9579324556386527,0.008900013361416033,0.03314921894518796,0.0,0.0,0.0,0.0,0.0,0.005732122732935734,0.6866646518537914,0.3076106148774912,0.0,0.0,0.0,0.0,0.0,0.2875107976822894,1,305.4415999507858,912.3247998523573,621.8831999015715,331.4415999507858,277.4415999507858
19,a,303.15,1,0.2849,0.3801,0.335,0.0,0.0,0.0,0.0,0.0,0.9364373931100479,0.006275014740490625,0.05744525516691412,0.0,0.0,0.0,0.0,0.0,0.003956667900606593,0.5412935678464953,0.4546817798609961,0.0,0.0,0.0,0.0,0.0,0.3012859402925371,1,305.4415999507858,912.3247998523573,621.8831999015715,331.4415999507858,277.4415999507858
19,a,303.15,1,0.1905,0.3088,0.5007,0.0,0.0,0.0,0.0,0.0,0.9110311067922147,0.002520388527992452,0.08644074070328323,0.0,0.0,0.0,0.0,0.0,0.008878609808422762,0.3860026749414494,0.6051206722845901,0.0,0.0,0.0,0.0,0.0,0.2013200548674425,1,305.4415999507858,912.3247998523573,621.8831999015715,331.4415999507858,277.4415999507858
19,a,303.15,1,0.3904,0.2004,0.4092,0.0,0.0,0.0,0.0,0.0,0.9073462519658823,0.00001041300771144866,0.09450385391681648,0.0,0.0,0.0,0.0,0.0,0.01708224546837964,0.345113285690709,0.6364608770617075,0.0,0.0,0.0,0.0,0.0,0.4193337614539037,1,305.4415999507858,912.3247998523573,621.8831999015715,331.4415999507858,277.4415999507858
19,a,313.15,1,0.2458,0.546,0.2082,0.0,0.0,0.0,0.0,0.0,0.9626151670958355,0.007038941748540222,0.03027389233515689,0.0,0.0,0.0,0.0,0.0,0.004082736414227125,0.7277430743097234,0.2681984680004176,0.0,0.0,0.0,0.0,0.0,0.2521743196668774,1,305.4415999507858,912.3247998523573,621.8831999015715,331.4415999507858,277.4415999507858
19,a,313.15,1,0.2169,0.2847,0.4984,0.0,0.0,0.0,0.0,0.0,0.9015680407251079,0.005384659334842303,0.09321572801522113,0.0,0.0,0.0,0.0,0.0,0.01413803145352543,0.3674182297840526,0.6183938593960008,0.0,0.0,0.0,0.0,0.0,0.2284822086565509,1,305.4415999507858,912.3247998523573,621.8831999015715,331.4415999507858,277.4415999507858
19,a,313.15,1,0.2702,0.3468,0.383,0.0,0.0,0.0,0.0,0.0,0.9261634679617704,0.004833359859341584,0.06917502324323829,0.0,0.0,0.0,0.0,0.0,0.004222731776780037,0.485459174192588,0.5102484125942873,0.0,0.0,0.0,0.0,0.0,0.288497142803169,1,305.4415999507858,912.3247998523573,621.8831999015715,331.4415999507858,277.4415999507858
19,b,293.15,1,0.2568,0.4312,0.312,0.0,0.0,0.0,0.0,0.0,0.9304594013625256,0.004196487456749229,0.0657688931076425,0.0,0.0,0.0,0.0,0.0,0.002536207934353561,0.592366803439548,0.4049366603306415,0.0,0.0,0.0,0.0,0.0,0.2740138341906078,1,302.4077160226916,903.2231480680749,615.8154320453832,328.4077160226916,274.4077160226916
19,b,293.15,1,0.2804,0.3424,0.3772,0.0,0.0,0.0,0.0,0.0,0.9269147587383954,0.005280696527708685,0.06781343799687685,0.0,0.0,0.0,0.0,0.0,0.002644246106931704,0.4872332385645374,0.5101186946037439,0.0,0.0,0.0,0.0,0.0,0.300513486146256,1,302.4077160226916,903.2231480680749,615.8154320453832,328.4077160226916,274.4077160226916
19,b,293.15,1,0.2036,0.271,0.5254,0.0,0.0,0.0,0.0,0.0,0.907371617000265,0.001285731645604008,0.09134803557609844,0.0,0.0,0.0,0.0,0.0,0.005437785295614314,0.3469439219533913,0.6476167767061244,0.0,0.0,0.0,0.0,0.0,0.2197081512397202,1,302.4077160226916,903.2231480680749,615.8154320453832,328.4077160226916,274.4077160226916
19,b,303.15,1,0.214,0.293,0.493,0.0,0.0,0.0,0.0,0.0,0.910003266742152,0.005906553616498405,0.08409025704041856,0.0,0.0,0.0,0.0,0.0,0.01329852746063858,0.3757870790251843,0.6109143711951623,0.0,0.0,0.0,0.0,0.0,0.2238211350373523,1,302.4077160226916,903.2231480680749,615.8154320453832,328.4077160226916,274.4077160226916
19,b,303.15,1,0.2204,0.2364,0.5432,0.0,0.0,0.0,0.0,0.0,0.8717694963270942,0.009721434079105662,0.118824224871638,0.0,0.0,0.0,0.0,0.0,0.02094372568279845,0.3058113901266321,0.6731483802893224,0.0,0.0,0.0,0.0,0.0,0.2344266960392624,1,302.4077160226916,903.2231480680749,615.8154320453832,328.4077160226916,274.4077160226916
19,b,313.15,1,0.2547,0.5661,0.1792,0.0,0.0,0.0,0.0,0.0,0.9583524437355491,0.004833720809068409,0.0368386828578335,0.0,0.0,0.0,0.0,0.0,9.99999999999699e-6,0.7692527210909004,0.2307282852859175,0.0,0.0,0.0,0.0,0.0,0.2657609518026113,1,302.4077160226916,903.2231480680749,615.8154320453832,328.4077160226916,274.4077160226916
19,b,313.15,1,0.1922,0.5033,0.3045,0.0,0.0,0.0,0.0,0.0,0.9299145411655182,0.01089946004885462,0.05900247472350587,0.0,0.0,0.0,0.0,0.0,0.004180077631786926,0.628797202684132,0.3670694941178046,0.0,0.0,0.0,0.0,0.0,0.2031035137770499,1,302.4077160226916,903.2231480680749,615.8154320453832,328.4077160226916,274.4077160226916
19,b,313.15,1,0.2031,0.2741,0.5228,0.0,0.0,0.0,0.0,0.0,0.8666364809576173,0.01078717371959548,0.122683494724519,0.0,0.0,0.0,0.0,0.0,0.01972443641267214,0.3468693793855254,0.6333765722927447,0.0,0.0,0.0,0.0,0.0,0.216522559536696,1,302.4077160226916,903.2231480680749,615.8154320453832,328.4077160226916,274.4077160226916
19,b,313.15,1,0.2751,0.3384,0.3865,0.0,0.0,0.0,0.0,0.0,0.9131488784725288,0.003840937047179673,0.08303822786463205,0.0,0.0,0.0,0.0,0.0,0.006501463276961514,0.479238857003692,0.514247874335382,0.0,0.0,0.0,0.0,0.0,0.2962546765382889,1,302.4077160226916,903.2231480680749,615.8154320453832,328.4077160226916,274.4077160226916
19,b,313.15,1,0.4047,0.2256,0.3697,0.0,0.0,0.0,0.0,0.0,0.8828894883830729,0.01360572172015086,0.1030129998111216,0.0,0.0,0.0,0.0,0.0,0.001730830737905819,0.4042470850616298,0.5944365145614029,0.0,0.0,0.0,0.0,0.0,0.4573173806621843,1,302.4077160226916,903.2231480680749,615.8154320453832,328.4077160226916,274.4077160226916
20,a,298.15,2,0.4571,0.457,0.0859,0.0,0.0,0.0,0.0,0.0,0.9467130985217797,0.02036748483180117,0.03300430402778985,0.0,0.0,0.0,0.0,0.0,0.002471524927217473,0.8624335456658166,0.1350161075354476,0.0,0.0,0.0,0.0,0.0,0.4814747494564253,2,311.2021257355889,887.6063772067668,605.4042514711778,323.2021257355889,269.2021257355889
20,a,298.15,2,0.4281,0.428,0.1439,0.0,0.0,0.0,0.0,0.0,0.9249876111881966,0.014856390473961,0.05991224205318858,0.0,0.0,0.0,0.0,0.0,0.001586061379861444,0.7826305123070401,0.2159926596501553,0.0,0.0,0.0,0.0,0.0,0.4618943283219174,2,311.2021257355889,887.6063772067668,605.4042514711778,323.2021257355889,269.2021257355889
20,a,298.15,2,0.3707,0.3707,0.2586,0.0,0.0,0.0,0.0,0.0,0.8773756107744753,0.01467584015503725,0.1079485792374253,0.0,0.0,0.0,0.0,0.0,0.009490229565077177,0.62451013475331,0.3659996141755594,0.0,0.0,0.0,0.0,0.0,0.4161952468096387,2,311.2021257355889,887.6063772067668,605.4042514711778,323.2021257355889,269.2021257355889
20,a,298.15,2,0.3397,0.3397,0.3206,0.0,0.0,0.0,0.0,0.0,0.8517179439829388,0.01237909435485989,0.1359029965325659,0.0,0.0,0.0,0.0,0.0,0.01406772963403011,0.5478689731698622,0.4380632750193146,0.0,0.0,0.0,0.0,0.0,0.3887449257314144,2,311.2021257355889,887.6063772067668,605.4042514711778,323.2021257355889,269.2021257355889
20,a,298.15,2,0.2754,0.2753,0.4493,0.0,0.0,0.0,0.0,0.0,0.789872272774173,0.01362822989993989,0.1964995449496351,0.0,0.0,0.0,0.0,0.0,0.03485873987229583,0.3976445084422344,0.5674967294190095,0.0,0.0,0.0,0.0,0.0,0.3185919849716989,2,311.2021257355889,887.6063772067668,605.4042514711778,323.2021257355889,269.2021257355889
20,a,323.15,2,0.4475,0.4475,0.105,0.0,0.0,0.0,0.0,0.0,0.9387706964440174,0.02395432833237645,0.03712771146567643,0.0,0.0,0.0,0.0,0.0,0.007538986455833941,0.8268093794072184,0.165783517256918,0.0,0.0,0.0,0.0,0.0,0.4724506358892663,2,311.2021257355889,887.6063772067668,605.4042514711778,323.2021257355889,269.2021257355889
20,a,323.15,2,0.4238,0.42,0.1562,0.0,0.0,0.0,0.0,0.0,0.9153325260229265,0.02230130131376064,0.06224478198068104,0.0,0.0,0.0,0.0,0.0,0.009316886534624577,0.7553580610144854,0.2354274147268722,0.0,0.0,0.0,0.0,0.0,0.4574789831436757,2,311.2021257355889,887.6063772067668,605.4042514711778,323.2021257355889,269.2021257355889
20,a,323.15,2,0.3988,0.3988,0.2024,0.0,0.0,0.0,0.0,0.0,0.8961585801849083,0.02131798678258366,0.08241280505958089,0.0,0.0,0.0,0.0,0.0,0.0130670119782214,0.6915611399177964,0.2954576470833425,0.0,0.0,0.0,0.0,0.0,0.4367984045019192,2,311.2021257355889,887.6063772067668,605.4042514711778,323.2021257355889,269.2021257355889
20,a,323.15,2,0.3739,0.374,0.2521,0.0,0.0,0.0,0.0,0.0,0.872230018369321,0.02334844105171649,0.1045083646020648,0.0,0.0,0.0,0.0,0.0,0.01864796631962513,0.6239742637162404,0.3573158744137113,0.0,0.0,0.0,0.0,0.0,0.4161896713119876,2,311.2021257355889,887.6063772067668,605.4042514711778,323.2021257355889,269.2021257355889
20,a,323.15,2,0.3508,0.3508,0.2984,0.0,0.0,0.0,0.0,0.0,0.8521047087866906,0.02191550244891752,0.1260249300827632,0.0,0.0,0.0,0.0,0.0,0.02317857961549049,0.5657383485563463,0.4110535702843245,0.0,0.0,0.0,0.0,0.0,0.3952359671809128,2,311.2021257355889,887.6063772067668,605.4042514711778,323.2021257355889,269.2021257355889
20,a,323.15,2,0.3247,0.3246,0.3507,0.0,0.0,0.0,0.0,0.0,0.8258944070482657,0.02345071580924149,0.1506742502243687,0.0,0.0,0.0,0.0,0.0,0.03051329184793206,0.5013659721108962,0.4681093645990654,0.0,0.0,0.0,0.0,0.0,0.3698688622723596,2,311.2021257355889,887.6063772067668,605.4042514711778,323.2021257355889,269.2021257355889
20,a,323.15,2,0.3055,0.3054,0.3891,0.0,0.0,0.0,0.0,0.0,0.810731484259798,0.02184456735731457,0.1674310262602785,0.0,0.0,0.0,0.0,0.0,0.03752874380974368,0.4557958241956265,0.5066716779378168,0.0,0.0,0.0,0.0,0.0,0.3465730812519878,2,311.2021257355889,887.6063772067668,605.4042514711778,323.2021257355889,269.2021257355889
21,a,313.0,2,0.1992,0.0,0.4,0.4008,0.0,0.0,0.0,0.0,0.07272001020011347,0.0,0.9169840595864295,0.01033305481199998,0.0,0.0,0.0,0.0,0.2696684151268742,0.0,0.1119619681931234,0.6183489326838567,0.0,0.0,0.0,0.0,0.3578014005905722,2,319.8377651378931,913.5132954136797,622.6755302757863,331.8377651378931,277.8377651378931
21,a,313.0,2,0.3015,0.0,0.3494,0.3491,0.0,0.0,0.0,0.0,0.1328006084251798,0.0,0.84944314123067,0.01775488574408094,0.0,0.0,0.0,0.0,0.3726907976860003,0.0,0.1383828186734368,0.4889269594989968,0.0,0.0,0.0,0.0,0.2967641065495937,2,319.8377651378931,913.5132954136797,622.6755302757863,331.8377651378931,277.8377651378931
21,a,313.0,2,0.1001,0.0,0.4487,0.4513,0.0,0.0,0.0,0.0,0.03887320030668294,0.0,0.9416521563990996,0.01955798446001357,0.0,0.0,0.0,0.0,0.1442955916554717,0.0,0.09287032542896682,0.7629461078301025,0.0,0.0,0.0,0.0,0.4192239531851551,2,319.8377651378931,913.5132954136797,622.6755302757863,331.8377651378931,277.8377651378931
21,a,313.0,2,0.1992,0.0,0.4,0.4008,0.0,0.0,0.0,0.0,0.07272001020011347,0.0,0.9169840595864295,0.01033305481199998,0.0,0.0,0.0,0.0,0.2696684151268742,0.0,0.1119619681931234,0.6183489326838567,0.0,0.0,0.0,0.0,0.3578014005905722,2,319.8377651378931,913.5132954136797,622.6755302757863,331.8377651378931,277.8377651378931
21,a,313.0,2,0.4011,0.0,0.2996,0.2993,0.0,0.0,0.0,0.0,0.188366581683225,0.0,0.7957543919892348,0.01588715356459916,0.0,0.0,0.0,0.0,0.4555862649146591,0.0,0.1725226472530888,0.3718890062467875,0.0,0.0,0.0,0.0,0.2039006418081467,2,319.8377651378931,913.5132954136797,622.6755302757863,331.8377651378931,277.8377651378931
21,a,333.0,2,0.1003,0.0,0.4499,0.4498,0.0,0.0,0.0,0.0,0.04121527323729454,0.0,0.9416633969948228,0.01719641025625017,0.0,0.0,0.0,0.0,0.1393119923790956,0.0,0.1252023844397356,0.7354360496348311,0.0,0.0,0.0,0.0,0.3976890636138695,2,319.8377651378931,913.5132954136797,622.6755302757863,331.8377651378931,277.8377651378931
21,a,333.0,2,0.2029,0.0,0.4006,0.3965,0.0,0.0,0.0,0.0,0.08382331190580111,0.0,0.8852393961416813,0.03092750749717172,0.0,0.0,0.0,0.0,0.2623210092317054,0.0,0.1587578519432644,0.5789260214113763,0.0,0.0,0.0,0.0,0.3328951024125171,2,319.8377651378931,913.5132954136797,622.6755302757863,331.8377651378931,277.8377651378931
21,a,333.0,2,0.1003,0.0,0.4499,0.4498,0.0,0.0,0.0,0.0,0.04121527323729454,0.0,0.9416633969948228,0.01719641025625017,0.0,0.0,0.0,0.0,0.1393119923790956,0.0,0.1252023844397356,0.7354360496348311,0.0,0.0,0.0,0.0,0.3976890636138695,2,319.8377651378931,913.5132954136797,622.6755302757863,331.8377651378931,277.8377651378931
21,a,333.0,2,0.2029,0.0,0.4006,0.3965,0.0,0.0,0.0,0.0,0.08382331190580111,0.0,0.8852393961416813,0.03092750749717172,0.0,0.0,0.0,0.0,0.2623210092317054,0.0,0.1587578519432644,0.5789260214113763,0.0,0.0,0.0,0.0,0.3328951024125171,2,319.8377651378931,913.5132954136797,622.6755302757863,331.8377651378931,277.8377651378931
21,a,333.0,2,0.3003,0.0,0.3497,0.35,0.0,0.0,0.0,0.0,0.1502791462451532,0.0,0.8201994606854816,0.02943189048389297,0.0,0.0,0.0,0.0,0.3500115004980475,0.0,0.1937934470855738,0.4562247103453326,0.0,0.0,0.0,0.0,0.2488905750097179,2,319.8377651378931,913.5132954136797,622.6755302757863,331.8377651378931,277.8377651378931
21,a,333.0,2,0.1003,0.0,0.4499,0.4498,0.0,0.0,0.0,0.0,0.04121527323729454,0.0,0.9416633969948228,0.01719641025625017,0.0,0.0,0.0,0.0,0.1393119923790956,0.0,0.1252023844397356,0.7354360496348311,0.0,0.0,0.0,0.0,0.3976890636138695,2,319.8377651378931,913.5132954136797,622.6755302757863,331.8377651378931,277.8377651378931
21,a,333.0,2,0.2029,0.0,0.4006,0.3965,0.0,0.0,0.0,0.0,0.08382331190580111,0.0,0.8852393961416813,0.03092750749717172,0.0,0.0,0.0,0.0,0.2623210092317054,0.0,0.1587578519432644,0.5789260214113763,0.0,0.0,0.0,0.0,0.3328951024125171,2,319.8377651378931,913.5132954136797,622.6755302757863,331.8377651378931,277.8377651378931
21,a,333.0,2,0.3003,0.0,0.3497,0.35,0.0,0.0,0.0,0.0,0.1502791462451532,0.0,0.8201994606854816,0.02943189048389297,0.0,0.0,0.0,0.0,0.3500115004980475,0.0,0.1937934470855738,0.4562247103453326,0.0,0.0,0.0,0.0,0.2488905750097179,2,319.8377651378931,913.5132954136797,622.6755302757863,331.8377651378931,277.8377651378931
22,a,303.2,2,0.354,0.0,0.28,0.0,0.0,0.0,0.0,0.366,0.8885540742953931,0.0,0.1098060802604322,0.0,0.0,0.0,0.0,0.0002741485634261865,0.00001000000000000046,0.0,0.3927050536992396,0.0,0.0,0.0,0.0,0.6081893319598789,0.3983932932991654,2,318.5072205142199,909.5216615426597,620.0144410284397,330.5072205142199,276.5072205142199
22,a,303.2,2,0.313,0.0,0.38,0.0,0.0,0.0,0.0,0.307,0.8809039507122198,0.0,0.1135879633059021,0.0,0.0,0.0,0.0,0.005629416725959961,0.005052906492514927,0.0,0.5244624786858197,0.0,0.0,0.0,0.0,0.4704188229743885,0.3515975639234808,2,318.5072205142199,909.5216615426597,620.0144410284397,330.5072205142199,276.5072205142199
22,a,303.2,2,0.24,0.0,0.521,0.0,0.0,0.0,0.0,0.239,0.8606393264234051,0.0,0.1231088262526649,0.0,0.0,0.0,0.0,0.01619160339640702,0.0189373248462301,0.0,0.6627230322731001,0.0,0.0,0.0,0.0,0.318361100888909,0.2626376968803024,2,318.5072205142199,909.5216615426597,620.0144410284397,330.5072205142199,276.5072205142199
22,a,303.2,2,0.24,0.0,0.6,0.0,0.0,0.0,0.0,0.16,0.8409966764142147,0.0,0.1333059999436917,0.0,0.0,0.0,0.0,0.02575935465367039,0.0307329578019423,0.0,0.7625028504085315,0.0,0.0,0.0,0.0,0.2067425925913497,0.2582702858230731,2,318.5072205142199,909.5216615426597,620.0144410284397,330.5072205142199,276.5072205142199
22,a,323.2,2,0.439,0.0,0.122,0.0,0.0,0.0,0.0,0.439,0.9704799761673008,0.0,0.01099925142800453,0.0,0.0,0.0,0.0,0.01837527825987796,0.006776198474799567,0.0,0.2122708806941552,0.0,0.0,0.0,0.0,0.7810712433176719,0.4485027573100523,2,318.5072205142199,909.5216615426597,620.0144410284397,330.5072205142199,276.5072205142199
22,a,323.2,2,0.389,0.0,0.222,0.0,0.0,0.0,0.0,0.389,0.9376043634931023,0.0,0.04093443269157341,0.0,0.0,0.0,0.0,0.02134117997515351,0.00633845724116406,0.0,0.3482965334172329,0.0,0.0,0.0,0.0,0.6454487281577553,0.4109047052940359,2,318.5072205142199,909.5216615426597,620.0144410284397,330.5072205142199,276.5072205142199
22,a,323.2,2,0.349,0.0,0.312,0.0,0.0,0.0,0.0,0.349,0.9095905283915631,0.0,0.077869870097261,0.0,0.0,0.0,0.0,0.01969225137809191,0.007761988234640446,0.0,0.4545177486526696,0.0,0.0,0.0,0.0,0.5494534784436753,0.3783845781882024,2,318.5072205142199,909.5216615426597,620.0144410284397,330.5072205142199,276.5072205142199
22,a,323.2,2,0.301,0.0,0.398,0.0,0.0,0.0,0.0,0.301,0.8820096679435528,0.0,0.1070277896843516,0.0,0.0,0.0,0.0,0.01094547207108612,0.004981685326960663,0.0,0.54624728066779,0.0,0.0,0.0,0.0,0.4487797311440656,0.337524366998959,2,318.5072205142199,909.5216615426597,620.0144410284397,330.5072205142199,276.5072205142199
23,aa,298.2,2,0.4991,0.0,0.0,0.0,0.0,0.0,0.0,0.5009,0.9981,0.0,0.0,0.0,0.0,0.0,0.0,0.001900000000000124,0.0001,0.0,0.0,0.0,0.0,0.0,0.0,0.9998999999999999,0.5,,,,,,
23,ba,298.2,2,0.5014,0.0,0.0,0.0,0.0,0.0,0.0,0.4986,0.9978000000000001,0.0,0.0,0.0,0.0,0.0,0.0,0.002199999999999882,0.0001,0.0,0.0,0.0,0.0,0.0,0.0,0.9998999999999999,0.5024556479903778,,,,,,
23,a,298.2,2,0.4749,0.0,0.1959,0.0,0.0,0.0,0.0,0.3292,0.9684875896063018,0.0,0.02504583806461174,0.0,0.0,0.0,0.0,0.006421977015590104,0.001432501862139544,0.0,0.3597896404638379,0.0,0.0,0.0,0.0,0.638820635150512,0.489597236122621,2,356.3060956551174,1022.918286965352,695.6121913102348,368.3060956551174,314.3060956551174
23,a,298.2,2,0.3989,0.0,0.3031,0.0,0.0,0.0,0.0,0.298,0.9558904956441653,0.0,0.03622873610920593,0.0,0.0,0.0,0.0,0.007915374095280895,0.00001000000000000003,0.0,0.4942204576844452,0.0,0.0,0.0,0.0,0.5057447592589734,0.4173011185160642,2,356.3060956551174,1022.918286965352,695.6121913102348,368.3060956551174,314.3060956551174
23,a,298.2,2,0.3776,0.0,0.3605,0.0,0.0,0.0,0.0,0.2619,0.9324646627343527,0.0,0.06015730071310883,0.0,0.0,0.0,0.0,0.007515306676926685,0.0006771437303586496,0.0,0.564524576942914,0.0,0.0,0.0,0.0,0.4347050309170882,0.4045158886357928,2,356.3060956551174,1022.918286965352,695.6121913102348,368.3060956551174,314.3060956551174
23,a,298.2,2,0.4179,0.0,0.421,0.0,0.0,0.0,0.0,0.1611,0.9206815594084198,0.0,0.07124338282446799,0.0,0.0,0.0,0.0,0.008075085089501974,0.01363366520194237,0.0,0.702225162401117,0.0,0.0,0.0,0.0,0.2841411504281111,0.4456945850160717,2,356.3060956551174,1022.918286965352,695.6121913102348,368.3060956551174,314.3060956551174
23,a,298.2,2,0.3948,0.0,0.4976,0.0,0.0,0.0,0.0,0.1076,0.8637661226361176,0.0,0.1237997930404394,0.0,0.0,0.0,0.0,0.01243411327941247,0.03025524342232508,0.0,0.7881687615318225,0.0,0.0,0.0,0.0,0.1815759725373035,0.4373605260216052,2,356.3060956551174,1022.918286965352,695.6121913102348,368.3060956551174,314.3060956551174
23,b,298.2,2,0.5039,0.0,0.1054,0.0,0.0,0.0,0.0,0.3907,0.9885672092786826,0.0,0.006590980109221437,0.0,0.0,0.0,0.0,0.004727487273065697,0.0008606323963844058,0.0,0.2079545486218568,0.0,0.0,0.0,0.0,0.791303475946924,0.5093004130755739,2,331.1029412402727,947.308823720818,645.2058824805454,343.1029412402727,289.1029412402727
23,b,298.2,2,0.2987,0.0,0.3994,0.0,0.0,0.0,0.0,0.3019,0.9290536040774889,0.0,0.06745135157653055,0.0,0.0,0.0,0.0,0.003454501139247832,0.001551906383687027,0.0,0.5558802793535232,0.0,0.0,0.0,0.0,0.442586926292152,0.3203747166772423,2,331.1029412402727,947.308823720818,645.2058824805454,343.1029412402727,289.1029412402727
23,c,298.2,2,0.4551,0.0,0.08929999999999999,0.0,0.0,0.0,0.0,0.4556,0.9473811331945321,0.0,0.05107464858132742,0.0,0.0,0.0,0.0,0.001051342220980734,0.00001000000000000176,0.0,0.1246374809719742,0.0,0.0,0.0,0.0,0.8758081589564187,0.4803714025626241,2,316.7414520211055,904.2243560633165,616.482904042211,328.7414520211055,274.7414520211055
23,c,298.2,2,0.4271,0.0,0.1935,0.0,0.0,0.0,0.0,0.3794,0.9404440180799057,0.0,0.05688689892664373,0.0,0.0,0.0,0.0,0.002020181749285462,9.999999999999533e-6,0.0,0.3071588472495607,0.0,0.0,0.0,0.0,0.6933710231348397,0.4541413770548138,2,316.7414520211055,904.2243560633165,616.482904042211,328.7414520211055,274.7414520211055
23,c,298.2,2,0.3271,0.0,0.3274,0.0,0.0,0.0,0.0,0.3455,0.9106622109455181,0.0,0.07832929328322566,0.0,0.0,0.0,0.0,0.0112803717553161,0.001649344974538841,0.0,0.4663058837742264,0.0,0.0,0.0,0.0,0.531893146942055,0.3580264561798307,2,316.7414520211055,904.2243560633165,616.482904042211,328.7414520211055,274.7414520211055
23,c,298.2,2,0.4192,0.0,0.3985,0.0,0.0,0.0,0.0,0.1823,0.8587356187089674,0.0,0.1274381220546942,0.0,0.0,0.0,0.0,0.01382628382964657,0.008463486703636475,0.0,0.6518014524780491,0.0,0.0,0.0,0.0,0.3397350378364009,0.4830647716604081,2,316.7414520211055,904.2243560633165,616.482904042211,328.7414520211055,274.7414520211055
24,a,298.15,1,0.5,0.15,0.35,0.0,0.0,0.0,0.0,0.0,0.9125994412577437,0.0005987985206270784,0.0868017602216291,0.0,0.0,0.0,0.0,0.0,0.0156,0.3254,0.659,0.0,0.0,0.0,0.0,0.0,0.5400226329247094,1,304.8964260100024,910.6892780300072,620.7928520200048,330.8964260100024,276.8964260100024
24,a,298.15,1,0.5,0.2,0.3,0.0,0.0,0.0,0.0,0.0,0.9348088577407608,0.003197072046498572,0.06199039078154542,0.0,0.0,0.0,0.0,0.0,0.02535451800277575,0.4148337572567301,0.5598157412764088,0.0,0.0,0.0,0.0,0.0,0.521901387741984,1,304.8964260100024,910.6892780300072,620.7928520200048,330.8964260100024,276.8964260100024
24,a,298.15,1,0.5,0.35,0.15,0.0,0.0,0.0,0.0,0.0,0.9673413400018328,0.0005107965050527489,0.03214786349311428,0.0,0.0,0.0,0.0,0.0,0.0174,0.7109000000000001,0.2717,0.0,0.0,0.0,0.0,0.0,0.508031369599168,1,304.8964260100024,910.6892780300072,620.7928520200048,330.8964260100024,276.8964260100024
24,a,313.15,1,0.5,0.1,0.4,0.0,0.0,0.0,0.0,0.0,0.9000848623191107,0.00001044873942103229,0.1053016814703808,0.0,0.0,0.0,0.0,0.0,0.02939413633331377,0.2176142202828389,0.7466433493855462,0.0,0.0,0.0,0.0,0.0,0.540497158889416,1,304.8964260100024,910.6892780300072,620.7928520200048,330.8964260100024,276.8964260100024
24,a,313.15,1,0.5,0.2,0.3,0.0,0.0,0.0,0.0,0.0,0.9274410992358736,0.00001033037545735518,0.07997290870555723,0.0,0.0,0.0,0.0,0.0,0.04182451336381646,0.414369568968075,0.5358477455892584,0.0,0.0,0.0,0.0,0.0,0.5173519714347073,1,304.8964260100024,910.6892780300072,620.7928520200048,330.8964260100024,276.8964260100024
24,a,313.15,1,0.5,0.25,0.25,0.0,0.0,0.0,0.0,0.0,0.9500992089754063,0.005320921347997436,0.04449753503502896,0.0,0.0,0.0,0.0,0.0,0.04442199468904404,0.4976574150115705,0.4580039271527395,0.0,0.0,0.0,0.0,0.0,0.5030246959121449,1,304.8964260100024,910.6892780300072,620.7928520200048,330.8964260100024,276.8964260100024
24,a,313.15,1,0.5,0.3,0.2,0.0,0.0,0.0,0.0,0.0,0.9622520888404941,0.01424921930346826,0.0235432735812335,0.0,0.0,0.0,0.0,0.0,0.0496013324264622,0.5784233408369222,0.3719318882100821,0.0,0.0,0.0,0.0,0.0,0.4935060475304209,1,304.8964260100024,910.6892780300072,620.7928520200048,330.8964260100024,276.8964260100024
24,a,313.15,1,0.5,0.4,0.1,0.0,0.0,0.0,0.0,0.0,0.9771672769710714,0.01244445563147167,0.01038771328783499,0.0,0.0,0.0,0.0,0.0,0.0190207641744718,0.7906516196030399,0.1903281747587405,0.0,0.0,0.0,0.0,0.0,0.5019892358859245,1,304.8964260100024,910.6892780300072,620.7928520200048,330.8964260100024,276.8964260100024
24,a,328.15,1,0.5,0.1,0.4,0.0,0.0,0.0,0.0,0.0,0.9047873165547728,0.001872272137021237,0.09334041130820597,0.0,0.0,0.0,0.0,0.0,0.0153,0.2175,0.7672,0.0,0.0,0.0,0.0,0.0,0.5449206424633185,1,304.8964260100024,910.6892780300072,620.7928520200048,330.8964260100024,276.8964260100024
24,a,328.15,1,0.5,0.15,0.35,0.0,0.0,0.0,0.0,0.0,0.9199127670396399,0.0001261718485762772,0.0799610611117838,0.0,0.0,0.0,0.0,0.0,0.0265,0.319,0.6545000000000001,0.0,0.0,0.0,0.0,0.0,0.5299901875915226,1,304.8964260100024,910.6892780300072,620.7928520200048,330.8964260100024,276.8964260100024
24,a,328.15,1,0.5,0.2,0.3,0.0,0.0,0.0,0.0,0.0,0.9298017727235677,0.0002179917585727318,0.0699802355178595,0.0,0.0,0.0,0.0,0.0,0.0153,0.4253,0.5594,0.0,0.0,0.0,0.0,0.0,0.5300153749909825,1,304.8964260100024,910.6892780300072,620.7928520200048,330.8964260100024,276.8964260100024
24,a,328.15,1,0.5,0.25,0.25,0.0,0.0,0.0,0.0,0.0,0.9526652148685159,0.0001295398350177915,0.04720524529646629,0.0,0.0,0.0,0.0,0.0,0.0096,0.5207,0.4697,0.0,0.0,0.0,0.0,0.0,0.5200064558296454,1,304.8964260100024,910.6892780300072,620.7928520200048,330.8964260100024,276.8964260100024
24,a,328.15,1,0.5,0.35,0.15,0.0,0.0,0.0,0.0,0.0,0.969385877118493,0.0006270114221411273,0.02998711145936585,0.0,0.0,0.0,0.0,0.0,0.0115,0.7136,0.2749,0.0,0.0,0.0,0.0,0.0,0.5099772443346832,1,304.8964260100024,910.6892780300072,620.7928520200048,330.8964260100024,276.8964260100024
24,a,328.15,1,0.5,0.4,0.1,0.0,0.0,0.0,0.0,0.0,0.9792,0.0008000000000000229,0.02000000000000002,0.0,0.0,0.0,0.0,0.0,0.0208,0.7992,0.18,0.0,0.0,0.0,0.0,0.0,0.5,1,304.8964260100024,910.6892780300072,620.7928520200048,330.8964260100024,276.8964260100024
25,a,303.15,1,0.4358,0.4335,0.1307,0.0,0.0,0.0,0.0,0.0,0.9026937475153132,0.003823386021822636,0.09372052671890355,0.0,0.0,0.0,0.0,0.0,0.0054703733596514,0.82952710007003,0.1647834783397674,0.0,0.0,0.0,0.0,0.0,0.4796237358899764,1,305.0977349501336,911.2932048504008,621.1954699002672,331.0977349501336,277.0977349501336
25,a,303.15,1,0.3923,0.3957,0.212,0.0,0.0,0.0,0.0,0.0,0.8835373794019454,0.005132552048993573,0.111454477264542,0.0,0.0,0.0,0.0,0.0,0.01329643780625254,0.6970338566184979,0.2895737207249259,0.0,0.0,0.0,0.0,0.0,0.4355156647753187,1,305.0977349501336,911.2932048504008,621.1954699002672,331.0977349501336,277.0977349501336
25,a,303.15,1,0.3433,0.3447,0.312,0.0,0.0,0.0,0.0,0.0,0.8591555033733145,0.01071396666152259,0.1301679222685485,0.0,0.0,0.0,0.0,0.0,0.02208356444033048,0.5526687091717638,0.4252244426925059,0.0,0.0,0.0,0.0,0.0,0.3837381479650653,1,305.0977349501336,911.2932048504008,621.1954699002672,331.0977349501336,277.0977349501336
25,a,303.15,1,0.2959,0.298,0.4061,0.0,0.0,0.0,0.0,0.0,0.8295866846747367,0.01024287797505592,0.160170482643827,0.0,0.0,0.0,0.0,0.0,0.03046857247195123,0.4411172743741857,0.5284141306268815,0.0,0.0,0.0,0.0,0.0,0.3321554391958175,1,305.0977349501336,911.2932048504008,621.1954699002672,331.0977349501336,277.0977349501336
25,a,303.15,1,0.251,0.2537,0.4952,0.0,0.0,0.0,0.0,0.0,0.7990913936306745,0.01208867760018326,0.1880365106079938,0.0,0.0,0.0,0.0,0.0,0.05982643319548278,0.337973715698323,0.6023382264738866,0.0,0.0,0.0,0.0,0.0,0.2585995239000329,1,305.0977349501336,911.2932048504008,621.1954699002672,331.0977349501336,277.0977349501336
25,a,323.15,1,0.4389,0.44,0.1211,0.0,0.0,0.0,0.0,0.0,0.8988083684161539,0.02336041648328676,0.0776812713491953,0.0,0.0,0.0,0.0,0.0,0.01108075797083846,0.8275694443945785,0.1614892793802111,0.0,0.0,0.0,0.0,0.0,0.4819262541744673,1,305.0977349501336,911.2932048504008,621.1954699002672,331.0977349501336,277.0977349501336
25,a,323.15,1,0.3957,0.3932,0.2111,0.0,0.0,0.0,0.0,0.0,0.870080220450817,0.02746615626316487,0.1024536487485419,0.0,0.0,0.0,0.0,0.0,0.0102502613227755,0.6903709367642062,0.2993787812238691,0.0,0.0,0.0,0.0,0.0,0.4482860065356542,1,305.0977349501336,911.2932048504008,621.1954699002672,331.0977349501336,277.0977349501336
25,a,323.15,1,0.3041,0.3015,0.3944,0.0,0.0,0.0,0.0,0.0,0.8288044058472533,0.03050460667995146,0.1406910296858674,0.0,0.0,0.0,0.0,0.0,0.02749891400989232,0.4443568528400402,0.5281442108971923,0.0,0.0,0.0,0.0,0.0,0.3451880572487686,1,305.0977349501336,911.2932048504008,621.1954699002672,331.0977349501336,277.0977349501336
26,a,303.15,1,0.8459,0.0879,0.0662,0.0,0.0,0.0,0.0,0.0,0.9630944259064953,0.001949920355927018,0.03501023282567477,0.0,0.0,0.0,0.0,0.0,0.009728245766708601,0.701146136209729,0.2887362011081621,0.0,0.0,0.0,0.0,0.0,0.8770730194254303,1,308.2969824934549,920.8909474803647,627.5939649869098,334.2969824934549,280.2969824934549
26,a,303.15,1,0.7843,0.0815,0.1342,0.0,0.0,0.0,0.0,0.0,0.9237546575456367,9.999942067990654e-6,0.0763865275008895,0.0,0.0,0.0,0.0,0.0,0.00001000000000000063,0.5397980107675522,0.4593417281024766,0.0,0.0,0.0,0.0,0.0,0.8490333271142658,1,308.2969824934549,920.8909474803647,627.5939649869098,334.2969824934549,280.2969824934549
26,a,303.15,1,0.7229,0.0751,0.202,0.0,0.0,0.0,0.0,0.0,0.8967748551053282,0.00001000032127557373,0.1043817216660266,0.0,0.0,0.0,0.0,0.0,0.001392887427748693,0.3866917411889622,0.6070745698241055,0.0,0.0,0.0,0.0,0.0,0.8058092954939435,1,308.2969824934549,920.8909474803647,627.5939649869098,334.2969824934549,280.2969824934549
26,a,303.15,1,0.6554,0.0681,0.2765,0.0,0.0,0.0,0.0,0.0,0.878903450425621,0.003160874546626103,0.1179356842634111,0.0,0.0,0.0,0.0,0.0,0.01478428551910289,0.2542314631646906,0.7309842248445447,0.0,0.0,0.0,0.0,0.0,0.7413511243558636,1,308.2969824934549,920.8909474803647,627.5939649869098,334.2969824934549,280.2969824934549
26,a,313.15,1,0.8039,0.0835,0.1126,0.0,0.0,0.0,0.0,0.0,0.9382883333494273,9.999949278806322e-6,0.06181469279069011,0.0,0.0,0.0,0.0,0.0,0.00001000000000000197,0.5829241275859998,0.416389768017583,0.0,0.0,0.0,0.0,0.0,0.8567713560328166,1,308.2969824934549,920.8909474803647,627.5939649869098,334.2969824934549,280.2969824934549
26,a,313.15,1,0.7552,0.0785,0.1663,0.0,0.0,0.0,0.0,0.0,0.9244641375997357,9.999991319328327e-6,0.0758433239696253,0.0,0.0,0.0,0.0,0.0,0.00001000000000000054,0.4286915051062068,0.5698821062871461,0.0,0.0,0.0,0.0,0.0,0.8169036940661921,1,308.2969824934549,920.8909474803647,627.5939649869098,334.2969824934549,280.2969824934549
26,a,313.15,1,0.6909,0.0718,0.2373,0.0,0.0,0.0,0.0,0.0,0.8894196538660435,9.227430328476864e-6,0.1119374236511503,0.0,0.0,0.0,0.0,0.0,9.999999999994294e-6,0.3216469340175707,0.6735880384231397,0.0,0.0,0.0,0.0,0.0,0.7767961557386658,1,308.2969824934549,920.8909474803647,627.5939649869098,334.2969824934549,280.2969824934549
26,a,323.15,1,0.7979,0.0829,0.1192,0.0,0.0,0.0,0.0,0.0,0.939690977584425,0.003560177261839768,0.05674615097066403,0.0,0.0,0.0,0.0,0.0,0.0000632124500865568,0.5293334076581372,0.4706185396600727,0.0,0.0,0.0,0.0,0.0,0.8490987784251426,1,308.2969824934549,920.8909474803647,627.5939649869098,334.2969824934549,280.2969824934549
26,a,323.15,1,0.7528,0.0782,0.169,0.0,0.0,0.0,0.0,0.0,0.9221303817941716,0.0006434952554292151,0.07722610514840755,0.0,0.0,0.0,0.0,0.0,0.00001083023894654621,0.4229916209579126,0.5769976279451492,0.0,0.0,0.0,0.0,0.0,0.8163682989818587,1,308.2969824934549,920.8909474803647,627.5939649869098,334.2969824934549,280.2969824934549
26,a,323.15,1,0.6841,0.0711,0.2448,0.0,0.0,0.0,0.0,0.0,0.8920843569882522,0.00001279448224768987,0.1113578325067972,0.0,0.0,0.0,0.0,0.0,9.99999999999804e-6,0.3049158846503347,0.6837101838345533,0.0,0.0,0.0,0.0,0.0,0.7668531155962921,1,308.2969824934549,920.8909474803647,627.5939649869098,334.2969824934549,280.2969824934549
26,a,323.15,1,0.6284,0.0653,0.3063,0.0,0.0,0.0,0.0,0.0,0.8855634301891759,0.001497105840804241,0.1129394756772616,0.0,0.0,0.0,0.0,0.0,0.02636150732831131,0.2146672650090131,0.7589712002551617,0.0,0.0,0.0,0.0,0.0,0.7006950015510848,1,308.2969824934549,920.8909474803647,627.5939649869098,334.2969824934549,280.2969824934549
26,b,303.15,1,0.8155,0.0847,0.0998,0.0,0.0,0.0,0.0,0.0,0.9408238390580702,0.00177316031738317,0.0574028906439861,0.0,0.0,0.0,0.0,0.0,0.00006632893844707123,0.6242728204639183,0.3756615661985362,0.0,0.0,0.0,0.0,0.0,0.8667841205518152,1,305.2717489539532,911.8152468618598,621.5434979079065,331.2717489539532,277.2717489539532
26,b,303.15,1,0.7778,0.0808,0.1414,0.0,0.0,0.0,0.0,0.0,0.9227356431207905,9.999911354495993e-6,0.07745753252140494,0.0,0.0,0.0,0.0,0.0,0.00001000000000000162,0.5143555617369995,0.4845441066482723,0.0,0.0,0.0,0.0,0.0,0.8429266118251604,1,305.2717489539532,911.8152468618598,621.5434979079065,331.2717489539532,277.2717489539532
26,b,303.15,1,0.7529,0.0782,0.1689,0.0,0.0,0.0,0.0,0.0,0.907980794329435,9.999967840844737e-6,0.09229988791823633,0.0,0.0,0.0,0.0,0.0,0.00001000000000000009,0.4577987077494536,0.5407800811835458,0.0,0.0,0.0,0.0,0.0,0.8292006799139756,1,305.2717489539532,911.8152468618598,621.5434979079065,331.2717489539532,277.2717489539532
26,b,313.15,1,0.823,0.0855,0.0915,0.0,0.0,0.0,0.0,0.0,0.939059441990549,0.00162312990130056,0.05931741064312093,0.0,0.0,0.0,0.0,0.0,0.00008077624899205351,0.6802287669874084,0.3196905805993535,0.0,0.0,0.0,0.0,0.0,0.8763982119882444,1,305.2717489539532,911.8152468618598,621.5434979079065,331.2717489539532,277.2717489539532
26,b,313.15,1,0.775,0.0805,0.1445,0.0,0.0,0.0,0.0,0.0,0.9223930579511104,9.381596978788793e-6,0.07770960292273334,0.0,0.0,0.0,0.0,0.0,9.999999999999874e-6,0.5037181978126027,0.4956826849272651,0.0,0.0,0.0,0.0,0.0,0.840204070661798,1,305.2717489539532,911.8152468618598,621.5434979079065,331.2717489539532,277.2717489539532
26,b,313.15,1,0.6963,0.0724,0.2313,0.0,0.0,0.0,0.0,0.0,0.9047579246645362,9.97051137884629e-6,0.09566901909740974,0.0,0.0,0.0,0.0,0.0,0.0000100000000000002,0.3141967736834477,0.6843338476920033,0.0,0.0,0.0,0.0,0.0,0.769595575760145,1,305.2717489539532,911.8152468618598,621.5434979079065,331.2717489539532,277.2717489539532
26,b,323.15,1,0.7811,0.0812,0.1377,0.0,0.0,0.0,0.0,0.0,0.9302182070319989,0.0003187602668625821,0.06946183423436654,0.0,0.0,0.0,0.0,0.0,9.999999999999999e-6,0.5048607239356067,0.4951355537043247,0.0,0.0,0.0,0.0,0.0,0.8396937310327673,1,305.2717489539532,911.8152468618598,621.5434979079065,331.2717489539532,277.2717489539532
26,b,323.15,1,0.7083,0.0736,0.2181,0.0,0.0,0.0,0.0,0.0,0.9046730704677344,0.001194643430999451,0.09413228713409542,0.0,0.0,0.0,0.0,0.0,0.0000594943426305406,0.3347376714056975,0.6652028305266628,0.0,0.0,0.0,0.0,0.0,0.7829204915220321,1,305.2717489539532,911.8152468618598,621.5434979079065,331.2717489539532,277.2717489539532
26,b,323.15,1,0.6735,0.07,0.2565,0.0,0.0,0.0,0.0,0.0,0.8882518202111912,0.000639000458706229,0.1111091835638206,0.0,0.0,0.0,0.0,0.0,0.01285069219906194,0.283377918241966,0.7037713765346222,0.0,0.0,0.0,0.0,0.0,0.7546818100419267,1,305.2717489539532,911.8152468618598,621.5434979079065,331.2717489539532,277.2717489539532
26,b,323.15,1,0.582,0.0605,0.3575,0.0,0.0,0.0,0.0,0.0,0.8484197296317628,0.00001005984482139925,0.1545068773684873,0.0,0.0,0.0,0.0,0.0,0.04839126760414875,0.1816545418709018,0.7640723773618121,0.0,0.0,0.0,0.0,0.0,0.6669871857351908,1,305.2717489539532,911.8152468618598,621.5434979079065,331.2717489539532,277.2717489539532
27,a,303.15,1,0.4413,0.4353,0.1234,0.0,0.0,0.0,0.0,0.0,0.9193889649331805,0.01445651500981188,0.06615454511520807,0.0,0.0,0.0,0.0,0.0,0.01297641483557658,0.8123369188698615,0.1746866438447273,0.0,0.0,0.0,0.0,0.0,0.4725481626642315,1,323.5896407676961,966.7689223030883,658.1792815353923,349.5896407676962,295.5896407676961
27,a,303.15,1,0.3862,0.4007,0.2131,0.0,0.0,0.0,0.0,0.0,0.8516028369792831,0.01447997877876162,0.1339172121630024,0.0,0.0,0.0,0.0,0.0,0.0140178070554136,0.7095597727297993,0.276422397886353,0.0,0.0,0.0,0.0,0.0,0.4443515340507161,1,323.5896407676961,966.7689223030883,658.1792815353923,349.5896407676962,295.5896407676961
27,a,303.15,1,0.3644,0.3688,0.2668,0.0,0.0,0.0,0.0,0.0,0.7944269657490824,0.02523332002180376,0.1803334083721765,0.0,0.0,0.0,0.0,0.0,0.009133867626573063,0.6526370970425432,0.3382342449051288,0.0,0.0,0.0,0.0,0.0,0.4523994075878199,1,323.5896407676961,966.7689223030883,658.1792815353923,349.5896407676962,295.5896407676961
27,a,303.15,1,0.3379,0.3273,0.3348,0.0,0.0,0.0,0.0,0.0,0.6933833734695527,0.05795580597506897,0.2487385578808421,0.0,0.0,0.0,0.0,0.0,0.01509876167100552,0.5718814512205856,0.412949196732608,0.0,0.0,0.0,0.0,0.0,0.4759082436988376,1,323.5896407676961,966.7689223030883,658.1792815353923,349.5896407676962,295.5896407676961
27,a,318.15,1,0.3832,0.4075,0.2093,0.0,0.0,0.0,0.0,0.0,0.8390644075485704,0.03038699097739314,0.1309392217417157,0.0,0.0,0.0,0.0,0.0,0.00275455124047701,0.7222228113775772,0.2746966419750418,0.0,0.0,0.0,0.0,0.0,0.4549096795761885,1,323.5896407676961,966.7689223030883,658.1792815353923,349.5896407676962,295.5896407676961
27,a,318.15,1,0.4471,0.4617,0.09119999999999999,0.0,0.0,0.0,0.0,0.0,0.9630261025653527,0.01154947199139788,0.02542445334033623,0.0,0.0,0.0,0.0,0.0,0.007894393562738642,0.844911151091212,0.1471944315973829,0.0,0.0,0.0,0.0,0.0,0.4598377399656191,1,323.5896407676961,966.7689223030883,658.1792815353923,349.5896407676962,295.5896407676961
27,a,333.15,1,0.3328,0.3573,0.3099,0.0,0.0,0.0,0.0,0.0,0.6816464769704484,0.07991147746353332,0.2383879868496886,0.0,0.0,0.0,0.0,0.0,0.0002697892176156842,0.6217144916374754,0.3780672494240501,0.0,0.0,0.0,0.0,0.0,0.4880269853068536,1,323.5896407676961,966.7689223030883,658.1792815353923,349.5896407676962,295.5896407676961
27,a,333.15,1,0.3742,0.3985,0.2273,0.0,0.0,0.0,0.0,0.0,0.8144767606774524,0.04260049764663249,0.1429227683216468,0.0,0.0,0.0,0.0,0.0,0.006465318804526352,0.6957598186517134,0.2977748402883052,0.0,0.0,0.0,0.0,0.0,0.4551107349953918,1,323.5896407676961,966.7689223030883,658.1792815353923,349.5896407676962,295.5896407676961
27,a,303.15,1,0.3679,0.0,0.3204,0.0,0.0,0.0,0.0,0.3117,0.8608380051118688,0.0,0.09107970611321035,0.0,0.0,0.0,0.0,0.04814968370130843,0.0147377473679173,0.0,0.484695044657655,0.0,0.0,0.0,0.0,0.5005189233143443,0.417400005968273,1,323.5896407676961,966.7689223030883,658.1792815353923,349.5896407676962,295.5896407676961
27,a,318.15,1,0.3449,0.0,0.3312,0.0,0.0,0.0,0.0,0.3239,0.8723340634895523,0.0,0.09473012657168065,0.0,0.0,0.0,0.0,0.03285328051798892,0.009063227323676452,0.0,0.4817691130412144,0.0,0.0,0.0,0.0,0.5092202091692473,0.389028284759284,1,323.5896407676961,966.7689223030883,658.1792815353923,349.5896407676962,295.5896407676961
27,a,318.15,1,0.3308,0.0,0.4097999999999999,0.0,0.0,0.0,0.0,0.2594,0.7553509499417675,0.0,0.2046982917606715,0.0,0.0,0.0,0.0,0.03995078854287498,0.01688205444714163,0.0,0.5614546056220175,0.0,0.0,0.0,0.0,0.4216633175671011,0.4250929828839932,1,323.5896407676961,966.7689223030883,658.1792815353923,349.5896407676962,295.5896407676961
27,a,318.15,1,0.2621,0.0,0.5318,0.0,0.0,0.0,0.0,0.2061,0.6529997676896923,0.0,0.3073632654917417,0.0,0.0,0.0,0.0,0.03963701234639948,0.06928612191716611,0.0,0.6425048935345935,0.0,0.0,0.0,0.0,0.2882089620913376,0.3303227181328799,1,323.5896407676961,966.7689223030883,658.1792815353923,349.5896407676962,295.5896407676961
27,a,318.15,1,0.3167,0.0,0.4529,0.0,0.0,0.0,0.0,0.2304,0.7067284898194859,0.0,0.2412341584380152,0.0,0.0,0.0,0.0,0.05210499093367781,0.04726910071345459,0.0,0.5991183392466624,0.0,0.0,0.0,0.0,0.3535658350221419,0.4085632925050749,1,323.5896407676961,966.7689223030883,658.1792815353923,349.5896407676962,295.5896407676961
27,a,318.15,1,0.2709,0.0,0.5497,0.0,0.0,0.0,0.0,0.1794,0.6098643877921737,0.0,0.3419100007547473,0.0,0.0,0.0,0.0,0.04795055546597603,0.0818477373448786,0.0,0.6655917306041788,0.0,0.0,0.0,0.0,0.252713940369313,0.3580422369161481,1,323.5896407676961,966.7689223030883,658.1792815353923,349.5896407676962,295.5896407676961
27,a,333.15,1,0.3174,0.0,0.3814,0.0,0.0,0.0,0.0,0.3012,0.8446004259612924,0.0,0.1160507808668755,0.0,0.0,0.0,0.0,0.0393487931718319,0.0009,0.0,0.5407,0.0,0.0,0.0,0.0,0.4584,0.375133151840462,1,323.5896407676961,966.7689223030883,658.1792815353923,349.5896407676962,295.5896407676961
27,a,333.15,1,0.3146,0.0,0.4171,0.0,0.0,0.0,0.0,0.2683,0.7780059551076187,0.0,0.1741362288184987,0.0,0.0,0.0,0.0,0.04785785161677025,0.02533238587193112,0.0,0.5687630281389223,0.0,0.0,0.0,0.0,0.4059045638025385,0.3843201434877134,1,323.5896407676961,966.7689223030883,658.1792815353923,349.5896407676962,295.5896407676961
27,a,333.15,1,0.3089,0.0,0.4385,0.0,0.0,0.0,0.0,0.2526,0.7553795604094801,0.0,0.2064017887996693,0.0,0.0,0.0,0.0,0.03821868452087098,0.01908159064060124,0.0,0.5891593814138986,0.0,0.0,0.0,0.0,0.3917590060506998,0.3936156573273883,1,323.5896407676961,966.7689223030883,658.1792815353923,349.5896407676962,295.5896407676961
27,a,333.15,1,0.2928,0.0,0.4707,0.0,0.0,0.0,0.0,0.2365,0.6762835693678224,0.0,0.2802543775626054,0.0,0.0,0.0,0.0,0.04324215859515951,0.01806225197478941,0.0,0.6071402691775395,0.0,0.0,0.0,0.0,0.3749550170514667,0.4173941815092581,1,323.5896407676961,966.7689223030883,658.1792815353923,349.5896407676962,295.5896407676961
27,a,333.15,1,0.2718,0.0,0.5531,0.0,0.0,0.0,0.0,0.1751,0.5299167539183766,0.0,0.4127122274482677,0.0,0.0,0.0,0.0,0.05737104959867333,0.08822651500275627,0.0,0.6529442459355875,0.0,0.0,0.0,0.0,0.2588292170390205,0.4156158973490769,1,323.5896407676961,966.7689223030883,658.1792815353923,349.5896407676962,295.5896407676961
27,a,303.15,4,0.4072,0.1916,0.0,0.0,0.0,0.0,0.0,0.4012,0.9999897207646058,0.09181416500409219,0.0,0.0,0.0,0.0,0.0,0.09651331271144528,0.1609240731861771,0.2330562670972275,0.0,0.0,0.0,0.0,0.0,0.5277828230000956,0.2935121078125214,1,323.5896407676961,966.7689223030883,658.1792815353923,349.5896407676962,295.5896407676961
27,a,303.15,4,0.3626,0.5029,0.0,0.0,0.0,0.0,0.0,0.1345,0.9999899128357509,0.142566570632134,0.0,0.0,0.0,0.0,0.0,0.00001001838712658341,0.204397071866036,0.5923363128166403,0.0,0.0,0.0,0.0,0.0,0.167880994062456,0.1988491097294654,1,323.5896407676961,966.7689223030883,658.1792815353923,349.5896407676962,295.5896407676961
27,a,303.15,4,0.3909,0.2238,0.0,0.0,0.0,0.0,0.0,0.3853,0.999988452216911,0.1105628289908201,0.0,0.0,0.0,0.0,0.0,0.06609986837901397,0.1396122882960404,0.2705175325343276,0.0,0.0,0.0,0.0,0.0,0.5169903486820256,0.292067263415111,1,323.5896407676961,966.7689223030883,658.1792815353923,349.5896407676962,295.5896407676961
27,a,318.15,4,0.3416,0.4136,0.0,0.0,0.0,0.0,0.0,0.2448,0.9857756590732516,0.01303687920060972,0.0,0.0,0.0,0.0,0.0,0.001401453648772659,0.0009337338673807052,0.6254340561167344,0.0,0.0,0.0,0.0,0.0,0.3735190423911237,0.3459095895632252,1,323.5896407676961,966.7689223030883,658.1792815353923,349.5896407676962,295.5896407676961
27,a,318.15,4,0.3573,0.4781,0.0,0.0,0.0,0.0,0.0,0.1646,0.9890800225727333,0.01296837859253139,0.0,0.0,0.0,0.0,0.0,0.00001089240524717389,0.003330447109196015,0.7387008835077117,0.0,0.0,0.0,0.0,0.0,0.2568149019349594,0.3590866906783641,1,323.5896407676961,966.7689223030883,658.1792815353923,349.5896407676962,295.5896407676961
27,a,333.15,4,0.3669,0.3024,0.0,0.0,0.0,0.0,0.0,0.3307,0.983429207504118,0.01227495358723962,0.0,0.0,0.0,0.0,0.0,0.004012497453468028,0.00001000000000000003,0.4750503415941842,0.0,0.0,0.0,0.0,0.0,0.5251082719041279,0.3730758939833537,1,323.5896407676961,966.7689223030883,658.1792815353923,349.5896407676962,295.5896407676961
27,a,333.15,4,0.3637,0.4351,0.0,0.0,0.0,0.0,0.0,0.2012,0.9832745624962447,0.003586959921291912,0.0,0.0,0.0,0.0,0.0,0.01311554888643079,0.01019930588455123,0.6813014556780892,0.0,0.0,0.0,0.0,0.0,0.3085123204947151,0.3632819678781674,1,323.5896407676961,966.7689223030883,658.1792815353923,349.5896407676962,295.5896407676961
27,a,333.15,4,0.4272,0.1414,0.0,0.0,0.0,0.0,0.0,0.4314,0.9825208596636321,0.006162221501488748,0.0,0.0,0.0,0.0,0.0,0.01151653075288627,0.0005845343712100584,0.245294040428613,0.0,0.0,0.0,0.0,0.0,0.7539680768613494,0.4344634724677724,1,323.5896407676961,966.7689223030883,658.1792815353923,349.5896407676962,295.5896407676961
27,b,303.15,1,0.755,0.113,0.108,0.0,0.0,0.0,0.0,0.024,0.8897903766636809,0.00856246919033775,0.09709557137085652,0.0,0.0,0.0,0.0,0.004551588569482596,0.02941261864924576,0.6751955837692974,0.1666994117086575,0.0,0.0,0.0,0.0,0.1286923546813082,0.843335819170003,2,337.5896407676961,966.7689223030883,658.1792815353923,349.5896407676962,295.5896407676961
27,b,303.15,1,0.7959999999999999,0.0693,0.0357,0.0,0.0,0.0,0.0,0.099,0.950647773576333,0.01205399531891156,0.02049536090660436,0.0,0.0,0.0,0.0,0.0168028762087312,0.005414695014664083,0.3619511583281946,0.1134286601472531,0.0,0.0,0.0,0.0,0.5192054557827956,0.8363919153023551,2,337.5896407676961,966.7689223030883,658.1792815353923,349.5896407676962,295.5896407676961
27,b,318.15,1,0.741,0.16,0.047,0.0,0.0,0.0,0.0,0.052,0.9543364155465237,0.0077684922732881,0.03256342995332474,0.0,0.0,0.0,0.0,0.005403440801841609,0.001875310587578624,0.68742081364329,0.09701689619933894,0.0,0.0,0.0,0.0,0.213438295739602,0.7760156142483956,2,337.5896407676961,966.7689223030883,658.1792815353923,349.5896407676962,295.5896407676961
27,b,318.15,1,0.779,0.057,0.029,0.0,0.0,0.0,0.0,0.135,0.9610587367543023,0.007950768905648727,0.01035945963300428,0.0,0.0,0.0,0.0,0.02072877194299995,0.02316873760465364,0.26063176696978,0.1063876794296984,0.0,0.0,0.0,0.0,0.6094060521212413,0.8058847658900634,2,337.5896407676961,966.7689223030883,658.1792815353923,349.5896407676962,295.5896407676961
27,b,333.15,1,0.685,0.15,0.118,0.0,0.0,0.0,0.0,0.047,0.8739040309701873,0.00001010142974376853,0.1016099074720798,0.0,0.0,0.0,0.0,0.02726170298130023,0.001108008602749388,0.6930105958875635,0.17733728867794,0.0,0.0,0.0,0.0,0.1184588417493292,0.7835645143549237,2,337.5896407676961,966.7689223030883,658.1792815353923,349.5896407676962,295.5896407676961
27,a,303.15,2,0.3386,0.3732,0.2882,0.0,0.0,0.0,0.0,0.0,0.6738692820467649,0.05961958012814102,0.2664932888243435,0.0,0.0,0.0,0.0,0.0,0.003071636242707037,0.6870227413606411,0.309923485190344,0.0,0.0,0.0,0.0,0.0,0.500193114653986,1,323.5896407676961,966.7689223030883,658.1792815353923,349.5896407676962,295.5896407676961
27,a,303.15,2,0.4106,0.43,0.1594,0.0,0.0,0.0,0.0,0.0,0.8240025419533574,0.04426197639759696,0.1319701548800168,0.0,0.0,0.0,0.0,0.0,0.01902862829629636,0.7953677752114796,0.18538131600377,0.0,0.0,0.0,0.0,0.0,0.4864398275029355,1,323.5896407676961,966.7689223030883,658.1792815353923,349.5896407676962,295.5896407676961
27,a,303.15,2,0.4435,0.458,0.09849999999999999,0.0,0.0,0.0,0.0,0.0,0.9144151815518947,0.01036963882828034,0.07510782468491263,0.0,0.0,0.0,0.0,0.0,0.0129523882950545,0.8672588017527476,0.11988696225784,0.0,0.0,0.0,0.0,0.0,0.4776099634122959,1,323.5896407676961,966.7689223030883,658.1792815353923,349.5896407676962,295.5896407676961
27,a,318.15,2,0.3303,0.36,0.3097,0.0,0.0,0.0,0.0,0.0,0.6718146916557408,0.05691738876398401,0.271267944762957,0.0,0.0,0.0,0.0,0.0,0.02370829623286801,0.632089653626705,0.3442020275329039,0.0,0.0,0.0,0.0,0.0,0.4730576737590883,1,323.5896407676961,966.7689223030883,658.1792815353923,349.5896407676962,295.5896407676961
27,a,318.15,2,0.4002000000000001,0.4046,0.1952,0.0,0.0,0.0,0.0,0.0,0.8063402943566224,0.0296301896495506,0.164400062683271,0.0,0.0,0.0,0.0,0.0,0.01219915086687936,0.7628225325505611,0.2246243196210528,0.0,0.0,0.0,0.0,0.0,0.4885792057418217,1,323.5896407676961,966.7689223030883,658.1792815353923,349.5896407676962,295.5896407676961
27,a,318.15,2,0.4084,0.4429,0.1487,0.0,0.0,0.0,0.0,0.0,0.8536752830012385,0.02519990003820808,0.1211248415793002,0.0,0.0,0.0,0.0,0.0,0.02038407921159213,0.8068867180762286,0.1727291812592353,0.0,0.0,0.0,0.0,0.0,0.465642645720712,1,323.5896407676961,966.7689223030883,658.1792815353923,349.5896407676962,295.5896407676961
27,a,333.15,2,0.3786,0.4083,0.2131,0.0,0.0,0.0,0.0,0.0,0.7584487693723757,0.06144727206218922,0.1801039693582683,0.0,0.0,0.0,0.0,0.0,0.03272489853657294,0.724130225451512,0.2431448661843928,0.0,0.0,0.0,0.0,0.0,0.4765932544909803,1,323.5896407676961,966.7689223030883,658.1792815353923,349.5896407676962,295.5896407676961
27,a,333.15,2,0.4388,0.4378,0.1234,0.0,0.0,0.0,0.0,0.0,0.8948646964294926,0.02583186686809046,0.07935376156889648,0.0,0.0,0.0,0.0,0.0,0.02504284585104654,0.8115512762974152,0.1633602214486188,0.0,0.0,0.0,0.0,0.0,0.4756803406051458,1,323.5896407676961,966.7689223030883,658.1792815353923,349.5896407676962,295.5896407676961
27,a,333.15,2,0.4508,0.4653,0.0839,0.0,0.0,0.0,0.0,0.0,0.9548090986162749,0.009437447290152652,0.03573804300001493,0.0,0.0,0.0,0.0,0.0,0.02346328906140103,0.8518144586673724,0.1247353189520679,0.0,0.0,0.0,0.0,0.0,0.4588378522289585,1,323.5896407676961,966.7689223030883,658.1792815353923,349.5896407676962,295.5896407676961
27,a,303.15,2,0.2967,0.0,0.3992,0.0,0.0,0.0,0.0,0.3041,0.7035654432535146,0.0,0.2354437467315137,0.0,0.0,0.0,0.0,0.06099084377686081,0.01852652109964351,0.0,0.5111599794446029,0.0,0.0,0.0,0.0,0.4703134763727853,0.4060695967839826,1,323.5896407676961,966.7689223030883,658.1792815353923,349.5896407676962,295.5896407676961
27,a,303.15,2,0.3439,0.0,0.2955,0.0,0.0,0.0,0.0,0.3606,0.8065341621065519,0.0,0.1636173110704409,0.0,0.0,0.0,0.0,0.02955972110153594,0.002697418330535565,0.0,0.3927663015964492,0.0,0.0,0.0,0.0,0.604749280464768,0.4244675107369043,1,323.5896407676961,966.7689223030883,658.1792815353923,349.5896407676962,295.5896407676961
27,a,303.15,2,0.3772,0.0,0.2201,0.0,0.0,0.0,0.0,0.4027000000000001,0.8659418335710135,0.0,0.1110957766243753,0.0,0.0,0.0,0.0,0.02284357540279209,0.00001000000000000014,0.0,0.3042247877527511,0.0,0.0,0.0,0.0,0.6958569081102667,0.4355885594879996,1,323.5896407676961,966.7689223030883,658.1792815353923,349.5896407676962,295.5896407676961
27,a,303.15,2,0.4577000000000001,0.0,0.0951,0.0,0.0,0.0,0.0,0.4472,0.9303522773632936,0.0,0.04950543775174623,0.0,0.0,0.0,0.0,0.01985318948287623,0.00001000000000000024,0.0,0.1392512210875553,0.0,0.0,0.0,0.0,0.8610187227123941,0.4919587243709388,1,323.5896407676961,966.7689223030883,658.1792815353923,349.5896407676962,295.5896407676961
27,a,318.15,2,0.3027,0.0,0.3918,0.0,0.0,0.0,0.0,0.3055,0.6935822548383445,0.0,0.2434930124194773,0.0,0.0,0.0,0.0,0.06299220950188342,0.02331018256975366,0.0,0.4978049712435483,0.0,0.0,0.0,0.0,0.4788366160116478,0.4168304618222098,1,323.5896407676961,966.7689223030883,658.1792815353923,349.5896407676962,295.5896407676961
27,a,318.15,2,0.3546,0.0,0.288,0.0,0.0,0.0,0.0,0.3574,0.7987894166977031,0.0,0.1632755316969034,0.0,0.0,0.0,0.0,0.03793508292285939,0.004378228564118345,0.0,0.3863391827640879,0.0,0.0,0.0,0.0,0.6092825639794938,0.4408570481726271,1,323.5896407676961,966.7689223030883,658.1792815353923,349.5896407676962,295.5896407676961
27,a,318.15,2,0.4016,0.0,0.1986,0.0,0.0,0.0,0.0,0.3998,0.8545609155656506,0.0,0.09932447970126493,0.0,0.0,0.0,0.0,0.04616403101800201,0.002553254684786027,0.0,0.2860591425072809,0.0,0.0,0.0,0.0,0.7113440595408395,0.4683605132172776,1,323.5896407676961,966.7689223030883,658.1792815353923,349.5896407676962,295.5896407676961
27,a,333.15,2,0.3248,0.0,0.3884,0.0,0.0,0.0,0.0,0.2868,0.6846054382669503,0.0,0.2591292044208565,0.0,0.0,0.0,0.0,0.05626538387578461,0.02774740454872888,0.0,0.4951249720509923,0.0,0.0,0.0,0.0,0.4771276014695826,0.4522325680783262,1,323.5896407676961,966.7689223030883,658.1792815353923,349.5896407676962,295.5896407676961
27,a,333.15,2,0.363,0.0,0.2847,0.0,0.0,0.0,0.0,0.3522999999999999,0.7869395079636203,0.0,0.1669083130948265,0.0,0.0,0.0,0.0,0.04615220720426257,0.006105289442309886,0.0,0.3838632749824569,0.0,0.0,0.0,0.0,0.6100314117821888,0.4570684814934884,1,323.5896407676961,966.7689223030883,658.1792815353923,349.5896407676962,295.5896407676961
27,a,333.15,2,0.3819,0.0,0.2058,0.0,0.0,0.0,0.0,0.4122999999999999,0.8592496018259436,0.0,0.1059843751781056,0.0,0.0,0.0,0.0,0.03478730406828291,0.0002483947192957048,0.0,0.2856048082572049,0.0,0.0,0.0,0.0,0.714129782333665,0.4442969370976925,1,323.5896407676961,966.7689223030883,658.1792815353923,349.5896407676962,295.5896407676961
27,a,333.15,2,0.4417,0.0,0.1093,0.0,0.0,0.0,0.0,0.449,0.9342457039943425,0.0,0.05003025714045022,0.0,0.0,0.0,0.0,0.01482534305833604,0.0000100000000000003,0.0,0.1624500985823952,0.0,0.0,0.0,0.0,0.8383458062254592,0.4727821877407876,1,323.5896407676961,966.7689223030883,658.1792815353923,349.5896407676962,295.5896407676961
27,b,315.15,2,0.6759999999999999,0.186,0.039,0.0,0.0,0.0,0.0,0.099,0.9372583623017906,0.0108747919638507,0.02758049115878096,0.0,0.0,0.0,0.0,0.02427498739885826,0.007375814513892203,0.6341883318475237,0.06822532213070967,0.0,0.0,0.0,0.0,0.2902396228992786,0.7190415467810432,2,337.5896407676961,966.7689223030883,658.1792815353923,349.5896407676962,295.5896407676961
27,b,315.15,2,0.691,0.179,0.1,0.0,0.0,0.0,0.0,0.03,0.883387084914997,0.01822545366960441,0.09661726094915951,0.0,0.0,0.0,0.0,0.001770208605462544,0.00782178533665348,0.7499201715584969,0.1120123116707458,0.0,0.0,0.0,0.0,0.1302457025312276,0.7802710031934259,2,337.5896407676961,966.7689223030883,658.1792815353923,349.5896407676962,295.5896407676961
27,b,333.15,2,0.713,0.068,0.07400000000000001,0.0,0.0,0.0,0.0,0.145,0.9219523983043764,0.00001000000360061644,0.05726321428891647,0.0,0.0,0.0,0.0,0.02270461208179255,0.001722096845415001,0.2994392417859429,0.1309723340948979,0.0,0.0,0.0,0.0,0.5612958060774614,0.7729346686659885,2,337.5896407676961,966.7689223030883,658.1792815353923,349.5896407676962,295.5896407676961
28,a,298.0,2,0.2348,0.2463,0.5189,0.0,0.0,0.0,0.0,0.0,0.6971272480570473,0.03888723008857762,0.2638928112305522,0.0,0.0,0.0,0.0,0.0,0.07906528248003536,0.3161668946464584,0.6047990524038288,0.0,0.0,0.0,0.0,0.0,0.2519726600140706,2,319.3913369251829,912.1740107755488,621.7826738503659,331.3913369251829,277.3913369251829
28,a,298.0,2,0.1302,0.3635,0.5064,0.0,0.0,0.0,0.0,0.0,0.7711075315801568,0.02226633302203672,0.2071455592870575,0.0,0.0,0.0,0.0,0.0,0.0398597574003743,0.411599188633257,0.5485819333381345,0.0,0.0,0.0,0.0,0.0,0.1235425881479879,2,319.3913369251829,912.1740107755488,621.7826738503659,331.3913369251829,277.3913369251829
28,a,298.0,2,0.3245,0.3355,0.3401,0.0,0.0,0.0,0.0,0.0,0.8421038921414256,0.01490452563188226,0.1431664678532353,0.0,0.0,0.0,0.0,0.0,0.008867369131962467,0.5309977436521036,0.4601892222824223,0.0,0.0,0.0,0.0,0.0,0.3788031635099761,2,319.3913369251829,912.1740107755488,621.7826738503659,331.3913369251829,277.3913369251829
28,a,298.0,2,0.2474,0.5041,0.2484,0.0,0.0,0.0,0.0,0.0,0.9074350328895506,0.004812682415658829,0.08610057436416657,0.0,0.0,0.0,0.0,0.0,0.001399448089380211,0.6901885401037102,0.3088903471659704,0.0,0.0,0.0,0.0,0.0,0.2715131238083504,2,319.3913369251829,912.1740107755488,621.7826738503659,331.3913369251829,277.3913369251829
28,a,298.0,2,0.4197,0.4076,0.1726,0.0,0.0,0.0,0.0,0.0,0.9282987537639854,0.002023523897893916,0.06954702667095432,0.0,0.0,0.0,0.0,0.0,0.00419048632803403,0.7389434865791624,0.2567911045072521,0.0,0.0,0.0,0.0,0.0,0.4496329362195262,2,319.3913369251829,912.1740107755488,621.7826738503659,331.3913369251829,277.3913369251829
28,a,298.0,2,0.37,0.37,0.26,0.0,0.0,0.0,0.0,0.0,0.879161872786017,0.008914377866629372,0.1070782012869273,0.0,0.0,0.0,0.0,0.0,0.00572074032497975,0.6283382812823425,0.3694077200214518,0.0,0.0,0.0,0.0,0.0,0.4170621764155012,2,319.3913369251829,912.1740107755488,621.7826738503659,331.3913369251829,277.3913369251829
28,a,298.0,2,0.2498,0.0,0.4998,0.0,0.0,0.0,0.0,0.2504,0.9208617714068053,0.0,0.07486983617410789,0.0,0.0,0.0,0.0,0.004401626517081389,0.007496621534218193,0.0,0.653231500189891,0.0,0.0,0.0,0.0,0.3392237708237211,0.2652864284339979,2,319.3913369251829,912.1740107755488,621.7826738503659,331.3913369251829,277.3913369251829
28,a,298.0,2,0.2501,0.0,0.5999,0.0,0.0,0.0,0.0,0.1502,0.834135779527097,0.0,0.1523887685688774,0.0,0.0,0.0,0.0,0.01358991825093664,0.02339554220106542,0.0,0.7736098901075447,0.0,0.0,0.0,0.0,0.2032277691854197,0.2796265034860574,2,319.3913369251829,912.1740107755488,621.7826738503659,331.3913369251829,277.3913369251829
28,a,298.0,2,0.2998,0.0,0.4499,0.0,0.0,0.0,0.0,0.2503,0.9254829490962585,0.0,0.06922261859840864,0.0,0.0,0.0,0.0,0.005336204586479413,0.005171043451071416,0.0,0.6291578490849593,0.0,0.0,0.0,0.0,0.3656514372402168,0.3201403293184371,2,319.3913369251829,912.1740107755488,621.7826738503659,331.3913369251829,277.3913369251829
28,a,298.0,2,0.3496,0.0,0.4001,0.0,0.0,0.0,0.0,0.2503,0.9304275204532944,0.0,0.06482367657221014,0.0,0.0,0.0,0.0,0.004859901993974542,0.002962964023203434,0.0,0.6001924317351667,0.0,0.0,0.0,0.0,0.3967783005052264,0.3737469357438727,2,319.3913369251829,912.1740107755488,621.7826738503659,331.3913369251829,277.3913369251829
28,a,298.0,2,0.28,0.0,0.5399,0.0,0.0,0.0,0.0,0.1801,0.8903540031134883,0.0,0.1032307390759347,0.0,0.0,0.0,0.0,0.005940871180374257,0.01723928382763622,0.0,0.7278884905244567,0.0,0.0,0.0,0.0,0.2550764516709345,0.3009463823806384,2,319.3913369251829,912.1740107755488,621.7826738503659,331.3913369251829,277.3913369251829
28,a,298.0,2,0.36,0.0,0.4596,0.0,0.0,0.0,0.0,0.1803,0.9029507496888247,0.0,0.09059502653784968,0.0,0.0,0.0,0.0,0.006462715520617337,0.01231573029129193,0.0,0.6958962474784288,0.0,0.0,0.0,0.0,0.2916185483895154,0.3903779462252652,2,319.3913369251829,912.1740107755488,621.7826738503659,331.3913369251829,277.3913369251829
28,a,298.0,2,0.1801,0.108,0.6398,0.0,0.0,0.0,0.0,0.0721,0.7083762650307919,0.02004372938344879,0.2566168679076021,0.0,0.0,0.0,0.0,0.01335670208805404,0.02783403035550707,0.1333517860223419,0.7502455282617363,0.0,0.0,0.0,0.0,0.08903168103275738,0.2237421307395351,2,319.3913369251829,912.1740107755488,621.7826738503659,331.3913369251829,277.3913369251829
28,a,298.0,2,0.22,0.1321,0.5598,0.0,0.0,0.0,0.0,0.0881,0.7993592625643521,0.01293120939474258,0.1776525211553819,0.0,0.0,0.0,0.0,0.008786808508184035,0.01876621550030944,0.1734919104729657,0.6925345368822444,0.0,0.0,0.0,0.0,0.1156485259595275,0.2577960247744567,2,319.3913369251829,912.1740107755488,621.7826738503659,331.3913369251829,277.3913369251829
28,a,298.0,2,0.25,0.15,0.4999,0.0,0.0,0.0,0.0,0.1001,0.8313213957586882,0.0103768893737579,0.1493742478306853,0.0,0.0,0.0,0.0,0.007229705054250857,0.01304613157065673,0.2069121254204787,0.6427786787594907,0.0,0.0,0.0,0.0,0.137955093258436,0.2895772105056492,2,319.3913369251829,912.1740107755488,621.7826738503659,331.3913369251829,277.3913369251829
28,a,298.0,2,0.2799,0.168,0.4399,0.0,0.0,0.0,0.0,0.1122,0.8750957059136384,0.006553043890046662,0.1122397562154289,0.0,0.0,0.0,0.0,0.004576799418911214,0.008113787715411446,0.241722065280436,0.589520596535982,0.0,0.0,0.0,0.0,0.1613443431954511,0.3134854448284436,2,319.3913369251829,912.1740107755488,621.7826738503659,331.3913369251829,277.3913369251829
28,a,298.0,2,0.3199,0.192,0.3598,0.0,0.0,0.0,0.0,0.1282,0.9148996649042905,0.003213554571317481,0.07872802095639689,0.0,0.0,0.0,0.0,0.002806705976460789,0.003309218447769654,0.2924505579248489,0.509354365769534,0.0,0.0,0.0,0.0,0.1949199719561298,0.347294975263138,2,319.3913369251829,912.1740107755488,621.7826738503659,331.3913369251829,277.3913369251829
28,a,298.0,2,0.3499,0.2099,0.3,0.0,0.0,0.0,0.0,0.1401,0.9337288117355315,0.001334690548577206,0.06337303087034088,0.0,0.0,0.0,0.0,0.001503675929796565,0.0009516937299638481,0.3345572796971313,0.4414294369100275,0.0,0.0,0.0,0.0,0.22293755711847,0.3740961260029037,2,319.3913369251829,912.1740107755488,621.7826738503659,331.3913369251829,277.3913369251829
48,a,298.2,2,0.4998,0.0,0.2512,0.0,0.0,0.0,0.0,0.249,0.9523496425164834,0.0,0.04285722655810731,0.0,0.0,0.0,0.0,0.004793151260132266,0.001376934803468746,0.0,0.4806617739017931,0.0,0.0,0.0,0.0,0.5179612688987533,0.5241192109447433,2,319.1828386945529,911.5485160836586,621.3656773891057,331.1828386945529,277.1828386945529
48,a,298.2,2,0.55,0.0,0.2,0.0,0.0,0.0,0.0,0.25,0.9630912770973471,0.0,0.03590283900846629,0.0,0.0,0.0,0.0,0.001129518648107032,0.0007895214163582242,0.0,0.4181694102950981,0.0,0.0,0.0,0.0,0.580876694199487,0.5707258407680903,2,319.1828386945529,911.5485160836586,621.3656773891057,331.1828386945529,277.1828386945529
48,a,298.2,2,0.5113,0.0,0.2908,0.0,0.0,0.0,0.0,0.1979,0.9366978765450248,0.0,0.06296326605150238,0.0,0.0,0.0,0.0,0.0003388760317210401,0.002551865915214749,0.0,0.563277884031002,0.0,0.0,0.0,0.0,0.4341702277756123,0.5446130779296294,2,319.1828386945529,911.5485160836586,621.3656773891057,331.1828386945529,277.1828386945529
48,a,298.2,2,0.3874,0.0,0.2075,0.0,0.0,0.0,0.0,0.4051,0.9752414897146198,0.0,0.0251684829908345,0.0,0.0,0.0,0.0,0.00001752589361872641,0.00001000000000000024,0.0,0.3276572321961676,0.0,0.0,0.0,0.0,0.6720510444392989,0.3972287647452414,2,319.1828386945529,911.5485160836586,621.3656773891057,331.1828386945529,277.1828386945529
48,a,333.2,2,0.2153,0.0,0.3877,0.0,0.0,0.0,0.0,0.397,0.9305210213936208,0.0,0.06303602924749246,0.0,0.0,0.0,0.0,0.006426482362938104,0.00199813108486246,0.0,0.484525218582057,0.0,0.0,0.0,0.0,0.5134815613199031,0.2297217129932134,2,319.1828386945529,911.5485160836586,621.3656773891057,331.1828386945529,277.1828386945529
48,b,298.2,2,0.2803,0.0,0.1633,0.0,0.0,0.0,0.0,0.5564,0.9244969408343936,0.0,0.05646169596891095,0.0,0.0,0.0,0.0,0.01877780860150358,0.00001000000000000006,0.0,0.2097853313306438,0.0,0.0,0.0,0.0,0.7903193412373299,0.303184380027072,2,338.1692065909346,968.5076197728038,659.3384131818692,350.1692065909346,296.1692065909346
48,b,298.2,2,0.3,0.0,0.201,0.0,0.0,0.0,0.0,0.499,0.9037931624155697,0.0,0.07494394380128136,0.0,0.0,0.0,0.0,0.02041862301595091,9.999999999999776e-6,0.0,0.2636299843273589,0.0,0.0,0.0,0.0,0.7367794851254558,0.3319269626557406,2,338.1692065909346,968.5076197728038,659.3384131818692,350.1692065909346,296.1692065909346
48,b,298.2,2,0.2005,0.0,0.3045,0.0,0.0,0.0,0.0,0.495,0.8368859725258232,0.0,0.1299330154780076,0.0,0.0,0.0,0.0,0.03221268082863409,0.00001000000000000169,0.0,0.3594963956432023,0.0,0.0,0.0,0.0,0.6407986719166758,0.239569549828142,2,338.1692065909346,968.5076197728038,659.3384131818692,350.1692065909346,296.1692065909346
48,b,298.2,2,0.254,0.0,0.371,0.0,0.0,0.0,0.0,0.375,0.7580815901712635,0.0,0.1909946608607158,0.0,0.0,0.0,0.0,0.05092442178172841,0.007216777003063989,0.0,0.4591252134884681,0.0,0.0,0.0,0.0,0.5336576801190626,0.3286653185353815,2,338.1692065909346,968.5076197728038,659.3384131818692,350.1692065909346,296.1692065909346
48,b,333.2,2,0.4062,0.0,0.2644,0.0,0.0,0.0,0.0,0.3294,0.7558436858830414,0.0,0.1925246512650025,0.0,0.0,0.0,0.0,0.05163168405656051,0.003372025459741273,0.0,0.347208305481538,0.0,0.0,0.0,0.0,0.6494196446286847,0.5353397286931036,2,338.1692065909346,968.5076197728038,659.3384131818692,350.1692065909346,296.1692065909346
48,b,333.2,2,0.4085,0.0,0.1732,0.0,0.0,0.0,0.0,0.4183,0.8565983610915008,0.0,0.1072818855253977,0.0,0.0,0.0,0.0,0.03611976422307538,0.0005363505654843444,0.0,0.2332140435224881,0.0,0.0,0.0,0.0,0.7662495960429548,0.4765585254552273,2,338.1692065909346,968.5076197728038,659.3384131818692,350.1692065909346,296.1692065909346
48,b,333.2,2,0.4198,0.0,0.1109,0.0,0.0,0.0,0.0,0.4693,0.9135803662016805,0.0,0.06463262267028393,0.0,0.0,0.0,0.0,0.02189486736875575,0.0003384492695415542,0.0,0.1502036806875127,0.0,0.0,0.0,0.0,0.8493662472302842,0.4593104444215166,2,338.1692065909346,968.5076197728038,659.3384131818692,350.1692065909346,296.1692065909346
48,b,333.2,2,0.2141,0.0,0.3877,0.0,0.0,0.0,0.0,0.3982,0.7004384668674384,0.0,0.2279686981827294,0.0,0.0,0.0,0.0,0.07160281494541527,0.0100801947794174,0.0,0.454707549894819,0.0,0.0,0.0,0.0,0.535208068700823,0.2955274289732419,2,338.1692065909346,968.5076197728038,659.3384131818692,350.1692065909346,296.1692065909346
48,b,333.2,2,0.5925,0.0,0.1925,0.0,0.0,0.0,0.0,0.215,0.8118927423079547,0.0,0.1465612955304557,0.0,0.0,0.0,0.0,0.04141519712396477,0.00001000000000000041,0.0,0.3165616381600943,0.0,0.0,0.0,0.0,0.683781504684684,0.7297728712839952,2,338.1692065909346,968.5076197728038,659.3384131818692,350.1692065909346,296.1692065909346
29,aa,293.15,2,0.0,0.0,0.5342,0.4658,0.0,0.0,0.0,0.0,0.0,0.0,0.9675000000000001,0.03250000000000001,0.0,0.0,0.0,0.0,0.0,0.0,0.1141,0.8859,0.0,0.0,0.0,0.0,0.4922662292008437,,,,,,
29,a,293.15,2,0.0,0.0,0.5451,0.4269,0.0,0.0,0.028,0.0,0.0,0.0,0.9187972311563315,0.04835830501421446,0.0,0.0,0.03274409619267363,0.0,0.0,0.0,0.1391971708170632,0.8380647937101162,0.0,0.0,0.0228470528920867,0.0,0.5206552049345596,2,324.0,926.0,631.0,336.0,278.5669859456578
29,a,293.15,2,0.0,0.0,0.5428000000000001,0.4048,0.0,0.0,0.0524,0.0,0.0,0.0,0.8764821254374837,0.06415012220063815,0.0,0.0,0.05928115109574668,0.0,0.0,0.0,0.1621345785484491,0.7934142511526532,0.0,0.0,0.04454996524461732,0.0,0.532885460458763,2,324.0,926.0,631.0,336.0,278.5669859456578
29,a,293.15,2,0.0,0.0,0.4973,0.4014,0.0,0.0,0.1013,0.0,0.0,0.0,0.7662543132309204,0.1202624181136446,0.0,0.0,0.1133531545414086,0.0,0.0,0.0,0.2304063125215989,0.6803836125587147,0.0,0.0,0.08933919214881086,0.0,0.4980772292237802,2,324.0,926.0,631.0,336.0,278.5669859456578
29,a,293.15,2,0.0,0.0,0.4931,0.3801,0.0,0.0,0.1268,0.0,0.0,0.0,0.6821739733689648,0.1807542513488901,0.0,0.0,0.1370717966737204,0.0,0.0,0.0,0.2904662119846165,0.5937422240152032,0.0,0.0,0.1157915410744659,0.0,0.5173085856130302,2,324.0,926.0,631.0,336.0,278.5669859456578
29,aa,303.15,2,0.0,0.0,0.5579999999999999,0.442,0.0,0.0,0.0,0.0,0.0,0.0,0.9571999999999999,0.04279999999999994,0.0,0.0,0.0,0.0,0.0,0.0,0.1397,0.8603000000000001,0.0,0.0,0.0,0.0,0.5116819571865443,,,,,,
29,a,303.15,2,0.0,0.0,0.5498,0.4219,0.0,0.0,0.0283,0.0,0.0,0.0,0.9035618981862342,0.06362431844559428,0.0,0.0,0.03243976565035702,0.0,0.0,0.0,0.1705083738627673,0.8060311530691118,0.0,0.0,0.02386148230377154,0.0,0.5174132768644416,2,324.0,926.0,631.0,336.0,278.5669859456578
29,a,303.15,2,0.0,0.0,0.5493,0.3979,0.0,0.0,0.0528,0.0,0.0,0.0,0.853528262297356,0.08764690506075497,0.0,0.0,0.05860675712629571,0.0,0.0,0.0,0.2002593695519046,0.7538529119297342,0.0,0.0,0.04613791623133219,0.0,0.5342985626962959,2,324.0,926.0,631.0,336.0,278.5669859456578
29,a,303.15,2,0.0,0.0,0.5288,0.4132,0.0,0.0,0.058,0.0,0.0,0.0,0.8383651823416013,0.09587361940717927,0.0,0.0,0.06576122069965101,0.0,0.0,0.0,0.2056648028748363,0.7444366131431572,0.0,0.0,0.04989856054953178,0.0,0.5107238870276949,2,324.0,926.0,631.0,336.0,278.5669859456578
29,a,303.15,2,0.0,0.0,0.521,0.4023,0.0,0.0,0.0767,0.0,0.0,0.0,0.7949616534322048,0.1200958643291541,0.0,0.0,0.08494249606744375,0.0,0.0,0.0,0.240654870658631,0.6910796665123077,0.0,0.0,0.06826544867803894,0.0,0.5057580712590448,2,324.0,926.0,631.0,336.0,278.5669859456578
29,a,303.15,2,0.0,0.0,0.5008,0.4172,0.0,0.0,0.08199999999999999,0.0,0.0,0.0,0.7811419265593863,0.1273996051873362,0.0,0.0,0.0914271728372741,0.0,0.0,0.0,0.2602779174937648,0.6658370673375018,0.0,0.0,0.07391186537527393,0.0,0.4617752010504778,2,324.0,926.0,631.0,336.0,278.5669859456578
29,ba,298.15,2,0.0,0.0,0.5207999999999999,0.4792,0.0,0.0,0.0,0.0,0.0,0.0,0.942,0.05799999999999991,0.0,0.0,0.0,0.0,0.0,0.0,0.1427,0.8573000000000001,0.0,0.0,0.0,0.0,0.4730389090454147,,,,,,
29,b,298.15,2,0.0,0.0,0.5004,0.4506,0.0,0.0,0.049,0.0,0.0,0.0,0.8487557948005191,0.09607314137961093,0.0,0.0,0.0553475492397958,0.0,0.0,0.0,0.1838986412220617,0.7727081266665352,0.0,0.0,0.04323288491452922,0.0,0.4760441503478371,2,319.8780296731748,913.6340890195241,622.7560593463495,331.8780296731748,278.5669859456578
29,b,298.15,2,0.0,0.0,0.4943,0.4054,0.0,0.0,0.1003,0.0,0.0,0.0,0.6759235001513009,0.215200324626131,0.0,0.0,0.1088761946653818,0.0,0.0,0.0,0.3261345502709178,0.5815061422168778,0.0,0.0,0.09235928951007635,0.0,0.4807626135319299,2,319.8780296731748,913.6340890195241,622.7560593463495,331.8780296731748,278.5669859456578
30,a,298.15,2,0.0,0.0,0.5001,0.4498,0.0,0.0,0.0501,0.0,0.0,0.0,0.8236859747679823,0.118820026187639,0.0,0.0,0.05763505382337463,0.0,0.0,0.0,0.2032135657972927,0.7534703438340125,0.0,0.0,0.04318667422081199,0.0,0.4784845061768602,2,318.4917182113255,909.4751546339764,619.9834364226509,330.4917182113255,278.7291932780423
30,a,298.15,2,0.0,0.0,0.469,0.4999,0.0,0.0,0.0,0.0311,0.0,0.0,0.0420467283355956,0.9571203683535177,0.0,0.0,0.0,0.0006815869520924596,0.0,0.0,0.9185394881764588,0.01849225818264573,0.0,0.0,0.0,0.06312757477273716,0.5128844284556071,2,318.4917182113255,909.4751546339764,619.9834364226509,330.4917182113255,278.7291932780423
30,a,298.15,2,0.0,0.0,0.4397,0.4988,0.0,0.0,0.0,0.06150000000000001,0.0,0.0,0.04811888515945037,0.9536312408308107,0.0,0.0,0.0,0.00001004261688828031,0.0,0.0,0.8631255742344017,0.006980624576462849,0.0,0.0,0.0,0.127990490802129,0.5195363178123091,2,318.4917182113255,909.4751546339764,619.9834364226509,330.4917182113255,278.7291932780423
30,ab,298.15,2,0.0,0.0,0.4041,0.4751,0.0,0.0,0.025,0.0958,0.0,0.0,0.004646385357982648,0.912438581606255,0.0,0.0,0.03175033720744615,0.0505143544357265,0.0,0.0,0.8380347721924419,0.00001000000000000003,0.0,0.0,0.01766696825121884,0.1449947389414201,0.520687327838463,,,,,,
30,ab,298.15,2,0.0,0.0,0.4043,0.4499,0.0,0.0,0.05,0.0958,0.0,0.0,0.01738660082769045,0.8687465995706547,0.0,0.0,0.06478183646647391,0.04834643801295321,0.0,0.0,0.8198900258759698,0.00001000000000000055,0.0,0.0,0.03412258708864095,0.1467706489780184,0.5178669808804461,,,,,,
30,ab,298.15,2,0.0,0.0,0.4043,0.3998,0.0,0.0,0.1001,0.0958,0.0,0.0,0.07501083663810394,0.790590420692789,0.0,0.0,0.1252506692962916,0.01022133051419856,0.0,0.0,0.7407841586362397,0.0004707765071528136,0.0,0.0,0.07439978651316807,0.1832485704453367,0.5054034872205077,,,,,,
30,ab,298.15,2,0.0,0.0,0.4045,0.2984,0.0,0.0,0.2012,0.0959,0.0,0.0,0.126299164423205,0.6153746726452556,0.0,0.0,0.2416845142205729,0.01665769791980924,0.0,0.0,0.6528535258862292,0.015432562447671,0.0,0.0,0.165058944457789,0.1666406398695899,0.4716579028918919,,,,,,
30,ab,298.15,2,0.0,0.0,0.4043,0.3998,0.0,0.0,0.1001,0.0958,0.0,0.0,0.07501083663810394,0.790590420692789,0.0,0.0,0.1252506692962916,0.01022133051419856,0.0,0.0,0.7407841586362397,0.0004707765071528136,0.0,0.0,0.07439978651316807,0.1832485704453367,0.5054034872205077,,,,,,
30,ab,298.15,2,0.0,0.0,0.4045,0.2984,0.0,0.0,0.2012,0.0959,0.0,0.0,0.126299164423205,0.6153746726452556,0.0,0.0,0.2416845142205729,0.01665769791980924,0.0,0.0,0.6528535258862292,0.015432562447671,0.0,0.0,0.165058944457789,0.1666406398695899,0.4716579028918919,,,,,,
30,b,298.15,2,0.0,0.0,0.5,0.4606,0.0,0.0,0.0394,0.0,0.0,0.0,0.8565341516437422,0.09838650350996457,0.0,0.0,0.0450402524567496,0.0,0.0,0.0,0.1785277118096745,0.7871931215655925,0.0,0.0,0.03431441463634546,0.0,0.474143414137779,2,316.0685351526234,902.2056054578702,615.1370703052469,328.0685351526234,278.7291932780423
30,b,298.15,2,0.0,0.0,0.5,0.3999,0.0,0.0,0.1002,0.0,0.0,0.0,0.6370312987457407,0.2564686649408521,0.0,0.0,0.1066701817336457,0.0,0.0,0.0,0.3443042643479459,0.5628674930617588,0.0,0.0,0.09284854296760603,0.0,0.5318802753300704,2,316.0685351526234,902.2056054578702,615.1370703052469,328.0685351526234,278.7291932780423
30,b,298.15,2,0.0,0.0,0.4999,0.4499,0.0,0.0,0.0501,0.0,0.0,0.0,0.8226956285223037,0.1203249781220503,0.0,0.0,0.05688309655972263,0.0,0.0,0.0,0.2001703443002583,0.7559246146669465,0.0,0.0,0.04380160244817786,0.0,0.4814738666788556,2,316.0685351526234,902.2056054578702,615.1370703052469,328.0685351526234,278.7291932780423
30,b,298.15,2,0.0,0.0,0.4678,0.5,0.0,0.0,0.0,0.0322,0.0,0.0,0.07064863701370351,0.9266817175985537,0.0,0.0,0.0,0.002667057486135734,0.0,0.0,0.918493123184927,0.01579540237650765,0.0,0.0,0.0,0.06571441122681898,0.5315752246266409,2,316.0685351526234,902.2056054578702,615.1370703052469,328.0685351526234,278.7291932780423
31,aa,298.15,2,0.0,0.0,0.4999,0.5001,0.0,0.0,0.0,0.0,0.0,0.0,0.9252,0.0748,0.0,0.0,0.0,0.0,0.0,0.0,0.1478,0.8522,0.0,0.0,0.0,0.0,0.4529199897092874,,,,,,
31,a,298.15,2,0.0,0.0,0.5023,0.4475,0.0,0.0,0.05019999999999999,0.0,0.0,0.0,0.8246553801124895,0.1182487800287938,0.0,0.0,0.05709586434763998,0.0,0.0,0.0,0.2110579327972648,0.7449723297621839,0.0,0.0,0.04396971531526643,0.0,0.4746468038239977,2,317.8720011228281,907.6160033684844,618.7440022456562,329.8720011228282,280.3232277130076
31,a,298.15,2,0.0,0.0,0.4881,0.4999,0.0,0.0,0.0,0.012,0.0,0.0,0.1126659233695721,0.8859418750554002,0.0,0.0,0.0,0.001392071616567476,0.0,0.0,0.9328833178936039,0.04254943775459945,0.0,0.0,0.0,0.02456739831585776,0.5422749149958097,2,317.8720011228281,907.6160033684844,618.7440022456562,329.8720011228282,280.3232277130076
31,ab,298.15,2,0.0,0.0,0.4902,0.4377,0.0,0.0,0.06,0.0121,0.0,0.0,0.1633724820348871,0.7801592563826538,0.0,0.0,0.05370223639946602,0.002617439831346354,0.0,0.0,0.8402419575598389,0.07091598733474186,0.0,0.0,0.0667450914559016,0.02225610296458817,0.5171483871219941,,,,,,
31,a,298.15,2,0.0,0.0,0.4481,0.4988,0.0,0.0,0.0,0.05309999999999999,0.0,0.0,0.06446852549001617,0.9312388887807146,0.0,0.0,0.0,0.004279065317830966,0.0,0.0,0.884272232326433,0.007135869195378877,0.0,0.0,0.0,0.1086072705955217,0.5320447183748421,2,317.8720011228281,907.6160033684844,618.7440022456562,329.8720011228282,280.3232277130076
31,ab,298.15,2,0.0,0.0,0.4471,0.4495,0.0,0.0,0.0504,0.053,0.0,0.0,0.08940166817309833,0.848415300360521,0.0,0.0,0.05629793314103611,0.005885125483039523,0.0,0.0,0.8391865052480246,0.01223403566217141,0.0,0.0,0.04393505513530204,0.1046443741859378,0.5229320277769811,,,,,,
31,ab,298.15,2,0.0,0.0,0.4482,0.3492,0.0,0.0,0.1495,0.05309999999999999,0.0,0.0,0.1500437197886635,0.6752992986137979,0.0,0.0,0.1587290355413191,0.01592798667107017,0.0,0.0,0.7337732147661596,0.03686304378320034,0.0,0.0,0.140660456701239,0.08870324584861589,0.4892218351535739,,,,,,
31,ab,298.15,2,0.0,0.0,0.4473,0.2976,0.0,0.0,0.2001,0.055,0.0,0.0,0.1945416846159284,0.5737356339004862,0.0,0.0,0.2090031762345833,0.0227195407108013,0.0,0.0,0.6588734421094591,0.066458379734695,0.0,0.0,0.192647522565991,0.08202062590626218,0.4556514575947496,,,,,,
31,ab,298.15,2,0.0,0.0,0.4379,0.45,0.0,0.0,0.0501,0.062,0.0,0.0,0.07277266268724386,0.8594190684815243,0.0,0.0,0.05997329198613126,0.007835004258947127,0.0,0.0,0.834302727873558,0.005511683173394421,0.0,0.0,0.03938100014313051,0.1208045590479069,0.5205345737421083,,,,,,
31,ab,298.15,2,0.0,0.0,0.4382,0.3994,0.0,0.0,0.1004,0.062,0.0,0.0,0.1000936514452494,0.7712719595330009,0.0,0.0,0.1177893755652756,0.0108450421624455,0.0,0.0,0.7888171498870283,0.01376782500032968,0.0,0.0,0.08236717297656782,0.1150478223679082,0.5090826008990423,,,,,,
31,ab,298.15,2,0.0,0.0,0.4384,0.2995,0.0,0.0,0.2,0.0621,0.0,0.0,0.1718856843285707,0.5886351403951812,0.0,0.0,0.2210212882325789,0.0184579202102129,0.0,0.0,0.6769143794178386,0.040741334802192,0.0,0.0,0.1811872037540438,0.1011570523438518,0.4722788660071667,,,,,,
32,a,283.15,2,0.0,0.0,0.6236999999999999,0.3179,0.0,0.0,0.0154,0.043,0.0,0.0,0.09871340802326685,0.8823321145647989,0.0,0.0,0.01497996890325212,0.004109781093309645,0.0,0.0,0.8898798696971381,0.03172037369366412,0.0,0.0,0.01561296510103262,0.06271820530139328,0.3364397792267145,2,317.4628998325747,906.3886994977241,617.9257996651495,329.4628998325747,275.4628998325747
32,a,308.15,2,0.0,0.0,0.3156,0.6288,0.0,0.0,0.033,0.0226,0.0,0.0,0.1117081808318352,0.8504689251054959,0.0,0.0,0.03368912836429948,0.004122115058151278,0.0,0.0,0.8528662855398119,0.04469005141591367,0.0,0.0,0.0311841084254492,0.07129025470389815,0.7249010462504487,2,317.4628998325747,906.3886994977241,617.9257996651495,329.4628998325747,275.4628998325747
32,a,308.15,2,0.0,0.0,0.6239,0.3168,0.0,0.0,0.0163,0.043,0.0,0.0,0.1025433682918177,0.8770711139372654,0.0,0.0,0.01588197872835447,0.004623478111643032,0.0,0.0,0.8844311461579106,0.03682259759314318,0.0,0.0,0.0165088926358592,0.06217742793521057,0.3332078509641694,2,317.4628998325747,906.3886994977241,617.9257996651495,329.4628998325747,275.4628998325747
32,a,333.15,2,0.0,0.0,0.4676,0.4751,0.0,0.0,0.0251,0.0322,0.0,0.0,0.1092304715751919,0.860585981510498,0.0,0.0,0.02542751183857532,0.004507132854721699,0.0,0.0,0.8671768269461351,0.04528872111918498,0.0,0.0,0.02473482904972296,0.06307714525168646,0.5271835191430929,2,317.4628998325747,906.3886994977241,617.9257996651495,329.4628998325747,275.4628998325747
32,a,333.15,2,0.0,0.0,0.624,0.3169,0.0,0.0,0.0168,0.0423,0.0,0.0,0.106384054817807,0.8721363616094018,0.0,0.0,0.01739856180019428,0.004008944391838081,0.0,0.0,0.8854303094832172,0.03646889040427677,0.0,0.0,0.01649768667652898,0.06163951728352829,0.3355773908386197,2,317.4628998325747,906.3886994977241,617.9257996651495,329.4628998325747,275.4628998325747
32,a,283.15,2,0.0,0.0,0.405,0.4755,0.0,0.0,0.0243,0.09519999999999999,0.0,0.0,0.06355089076493993,0.9002969616798183,0.0,0.0,0.03258527147565772,0.003333105683554538,0.0,0.0,0.7772922560590291,0.01233106807601031,0.0,0.0,0.01526631876813398,0.195365244006131,0.521606668972633,2,317.4628998325747,906.3886994977241,617.9257996651495,329.4628998325747,275.4628998325747
32,a,283.15,2,0.0,0.0,0.2768,0.6256,0.0,0.0,0.032,0.06559999999999999,0.0,0.0,0.06391524217714942,0.8960895935657649,0.0,0.0,0.03785205198459347,0.002554904159369527,0.0,0.0,0.7596512320301089,0.01209326123556789,0.0,0.0,0.01872675986969183,0.2085947475405268,0.6940150273556457,2,317.4628998325747,906.3886994977241,617.9257996651495,329.4628998325747,275.4628998325747
32,a,308.15,2,0.0,0.0,0.4063000000000001,0.4752,0.0,0.0,0.023,0.0955,0.0,0.0,0.06629709057214478,0.8958802426856688,0.0,0.0,0.03133830299977798,0.006474755416413037,0.0,0.0,0.7797356852398464,0.01315391057522191,0.0,0.0,0.01384178456090455,0.1932791727449055,0.5234307311532277,2,317.4628998325747,906.3886994977241,617.9257996651495,329.4628998325747,275.4628998325747
32,a,308.15,2,0.0,0.0,0.5435,0.3143,0.0,0.0,0.0152,0.127,0.0,0.0,0.062348073600793,0.9060614660659243,0.0,0.0,0.0235054957000695,0.007842301058973107,0.0,0.0,0.7915862892272433,0.009182430747739785,0.0,0.0,0.0109176112255373,0.1884387883352453,0.3401992434174962,2,317.4628998325747,906.3886994977241,617.9257996651495,329.4628998325747,275.4628998325747
32,a,308.15,2,0.0,0.0,0.2698,0.6355,0.0,0.0,0.0307,0.064,0.0,0.0,0.06640203981409273,0.8905375735605524,0.0,0.0,0.03649344873894075,0.006566951961011266,0.0,0.0,0.765028654668546,0.01454040763790441,0.0,0.0,0.01659424484761571,0.2038366585774297,0.7088602754873836,2,317.4628998325747,906.3886994977241,617.9257996651495,329.4628998325747,275.4628998325747
32,a,333.15,2,0.0,0.0,0.4051,0.4767,0.0,0.0,0.023,0.09519999999999999,0.0,0.0,0.0621250352606053,0.8951385011989602,0.0,0.0,0.03154259805573913,0.01119389331457274,0.0,0.0,0.7845766328586193,0.0137285011501011,0.0,0.0,0.01354824206040912,0.1881465931391531,0.5252623623787285,2,317.4628998325747,906.3886994977241,617.9257996651495,329.4628998325747,275.4628998325747
32,a,333.15,2,0.0,0.0,0.5402,0.3181,0.0,0.0,0.0154,0.1263,0.0,0.0,0.05647978026876675,0.9022930813373141,0.0,0.0,0.02280306623819739,0.01842412866032848,0.0,0.0,0.7939304069190712,0.01166759920149365,0.0,0.0,0.01151679865251377,0.1828851655880179,0.3440642637617406,2,317.4628998325747,906.3886994977241,617.9257996651495,329.4628998325747,275.4628998325747
32,a,333.15,2,0.0,0.0,0.2702,0.6349,0.0,0.0,0.0307,0.0642,0.0,0.0,0.0645662394423814,0.8896726023076611,0.0,0.0,0.03635719980617561,0.009403972822392057,0.0,0.0,0.7688856876295429,0.01704692944175273,0.0,0.0,0.01698063520430581,0.1970867128546034,0.7080390707840077,2,317.4628998325747,906.3886994977241,617.9257996651495,329.4628998325747,275.4628998325747
32,a,308.15,2,0.0,0.0,0.3632,0.4757,0.0,0.0,0.023,0.1381,0.0,0.0,0.05845067804027639,0.9065038625523841,0.0,0.0,0.03642021542220648,0.0000104693809775902,0.0,0.0,0.6954957280166347,0.005955613962802171,0.0,0.0,0.008366726248363746,0.2886714953308014,0.52162045373238,2,317.4628998325747,906.3886994977241,617.9257996651495,329.4628998325747,275.4628998325747
32,a,308.15,2,0.0,0.0,0.4726,0.3142,0.0,0.0,0.0196,0.1936,0.0,0.0,0.04687736286605369,0.9008922770391505,0.0,0.0,0.04128668743051994,0.01039250906277673,0.0,0.0,0.7005862895692911,0.00001000000000000045,0.0,0.0,0.007986176892967052,0.2917126969457705,0.3487581096973295,2,317.4628998325747,906.3886994977241,617.9257996651495,329.4628998325747,275.4628998325747
32,a,333.15,2,0.0,0.0,0.363,0.476,0.0,0.0,0.023,0.138,0.0,0.0,0.03820535001442574,0.8978681771562174,0.0,0.0,0.03891586784266518,0.02529574869213213,0.0,0.0,0.7274083208100428,0.002678551978861524,0.0,0.0,0.005142948860032701,0.2644502570134002,0.528738755129522,2,317.4628998325747,906.3886994977241,617.9257996651495,329.4628998325747,275.4628998325747
33,aa,298.15,2,0.0,0.0,0.494,0.4797999999999999,0.0,0.0,0.0,0.0262,0.0,0.0,0.0834394683387937,0.9181501480429465,0.0,0.0,0.0,0.0000100001991679226,0.0,0.0,0.9264050221064164,0.01812677318512144,0.0,0.0,0.0,0.05378347812202987,0.5129569294662021,,,,,,
33,a,298.15,2,0.0,0.0,0.4902,0.4346,0.0,0.0,0.0491,0.0261,0.0,0.0,0.108274651098479,0.8434230462175907,0.0,0.0,0.04676093507510447,0.001416084814151233,0.0,0.0,0.880030800213382,0.01731474854692171,0.0,0.0,0.05148748109819282,0.05129484615769727,0.5051217287487294,2,319.8780296731748,913.6340890195241,622.7560593463495,331.8780296731748,279.3690292823096
33,a,298.15,2,0.0,0.0,0.4732,0.3565,0.0,0.0,0.1452,0.0251,0.0,0.0,0.1976994812184824,0.6581001273970063,0.0,0.0,0.1387960789784265,0.005404343863029233,0.0,0.0,0.7311898239280588,0.07406944738989804,0.0,0.0,0.1511968905471106,0.04354380867737793,0.4835885549825301,2,319.8780296731748,913.6340890195241,622.7560593463495,331.8780296731748,279.3690292823096
33,aa,298.15,2,0.0,0.0,0.4603,0.4997,0.0,0.0,0.0,0.04,0.0,0.0,0.06647481188559184,0.943612262101672,0.0,0.0,0.0,0.00001579840565095958,0.0,0.0,0.8926096466559609,0.01240878814467274,0.0,0.0,0.0,0.08389144367793003,0.5232918749590373,,,,,,
33,a,298.15,2,0.0,0.0,0.4638,0.3978,0.0,0.0,0.0981,0.0403,0.0,0.0,0.1162788934176468,0.784046136952836,0.0,0.0,0.1064735101323364,0.00001008810318418116,0.0,0.0,0.8020130851835285,0.02189909745127466,0.0,0.0,0.08995076635049823,0.07951078503232004,0.4932130980848023,2,319.8780296731748,913.6340890195241,622.7560593463495,331.8780296731748,279.3690292823096
33,aa,298.15,2,0.0,0.0,0.4394,0.5007,0.0,0.0,0.0,0.0599,0.0,0.0,0.05681163756908784,0.9487667202954032,0.0,0.0,0.0,0.0000103927444923,0.0,0.0,0.8607188506670401,0.007274234465641348,0.0,0.0,0.0,0.1258523994286351,0.524088904543396,,,,,,
33,a,298.15,2,0.0,0.0,0.4370000000000001,0.4794,0.0,0.0,0.024,0.0596,0.0,0.0,0.06666609872674015,0.9085310227136266,0.0,0.0,0.02830279090204018,0.0000117269963519682,0.0,0.0,0.8425604308575253,0.009449606942005964,0.0,0.0,0.01928792334128321,0.1248563688885274,0.5227005973142793,2,319.8780296731748,913.6340890195241,622.7560593463495,331.8780296731748,279.3690292823096
33,a,298.15,2,0.0,0.0,0.4326,0.4149,0.0,0.0,0.0965,0.05599999999999999,0.0,0.0,0.1082037521025447,0.7845680140988882,0.0,0.0,0.1115193513084219,0.0000126693991214601,0.0,0.0,0.7831754180630981,0.01539932936265135,0.0,0.0,0.08026856884716194,0.1165055760011269,0.51939279193919,2,319.8780296731748,913.6340890195241,622.7560593463495,331.8780296731748,279.3690292823096
33,a,298.15,2,0.0,0.0,0.4493,0.3415,0.0,0.0,0.1479,0.0613,0.0,0.0,0.1385815923634756,0.693571282933775,0.0,0.0,0.1663202628068682,0.001452009206082779,0.0,0.0,0.7301997147634094,0.02321591858769572,0.0,0.0,0.1312474733355061,0.1154045626200563,0.4747990369597253,2,319.8780296731748,913.6340890195241,622.7560593463495,331.8780296731748,279.3690292823096
33,a,298.15,2,0.0,0.0,0.4397,0.3004,0.0,0.0,0.1999,0.06,0.0,0.0,0.1754708941557052,0.5995091075065656,0.0,0.0,0.2176456431889358,0.007384060259301044,0.0,0.0,0.6670329871589492,0.04305754456292029,0.0,0.0,0.1846323024376622,0.1052688159209718,0.4624705411477874,2,319.8780296731748,913.6340890195241,622.7560593463495,331.8780296731748,279.3690292823096
33,aa,298.15,2,0.0,0.0,0.4072,0.5035000000000001,0.0,0.0,0.0,0.08929999999999999,0.0,0.0,0.04488460977865485,0.9604579813459624,0.0,0.0,0.0,0.00001157443941093148,0.0,0.0,0.8028130754797667,0.004546443942497139,0.0,0.0,0.0,0.1867942538852434,0.5219662453419136,,,,,,
33,a,298.15,2,0.0,0.0,0.4044,0.4827,0.0,0.0,0.0242,0.08869999999999999,0.0,0.0,0.05962612254493778,0.9138343422962252,0.0,0.0,0.03260897285553112,0.0000103517990957113,0.0,0.0,0.7865363011875431,0.004844531087691296,0.0,0.0,0.01487976435013425,0.1870007598118724,0.5256994776178878,2,319.8780296731748,913.6340890195241,622.7560593463495,331.8780296731748,279.3690292823096
33,a,298.15,2,0.0,0.0,0.4181,0.441,0.0,0.0,0.0491,0.09179999999999999,0.0,0.0,0.07042506029689978,0.8662777269735101,0.0,0.0,0.0678811182460814,0.0000100437298746929,0.0,0.0,0.7749075605738119,0.00455120545249739,0.0,0.0,0.02982554498188685,0.1860010672667077,0.5064817939885816,2,319.8780296731748,913.6340890195241,622.7560593463495,331.8780296731748,279.3690292823096
33,a,298.15,2,0.0,0.0,0.4122,0.3994,0.0,0.0,0.098,0.0904,0.0,0.0,0.09669691964097009,0.7740870938525036,0.0,0.0,0.1330670102662177,0.00001088588474770585,0.0,0.0,0.7446125708510835,0.00463142914960398,0.0,0.0,0.06105356188158331,0.1856335481663484,0.5130491449469322,2,319.8780296731748,913.6340890195241,622.7560593463495,331.8780296731748,279.3690292823096
33,a,298.15,2,0.0,0.0,0.4118,0.347,0.0,0.0,0.1508,0.0904,0.0,0.0,0.1280669197129551,0.6746167141616517,0.0,0.0,0.1988005330915357,0.00001014898726181116,0.0,0.0,0.7071876058962092,0.005926210684036233,0.0,0.0,0.1008278129807556,0.1845026744606448,0.5100622598080329,2,319.8780296731748,913.6340890195241,622.7560593463495,331.8780296731748,279.3690292823096
33,a,298.15,2,0.0,0.0,0.4116,0.2966,0.0,0.0,0.2015,0.09029999999999999,0.0,0.0,0.1591470143102898,0.5792958887962478,0.0,0.0,0.2556071757691619,0.005949950639711385,0.0,0.0,0.6658029295745229,0.01194453072777084,0.0,0.0,0.1470177661933859,0.1752347437843154,0.5017269549531462,2,319.8780296731748,913.6340890195241,622.7560593463495,331.8780296731748,279.3690292823096
34,aa,318.15,2,0.0,0.0,0.516,0.484,0.0,0.0,0.0,0.0,0.0,0.0,0.8835999999999999,0.1164000000000001,0.0,0.0,0.0,0.0,0.0,0.0,0.25,0.75,0.0,0.0,0.0,0.0,0.4198232323232324,,,,,,
34,a,318.15,2,0.0,0.0,0.5006,0.4694,0.0,0.0,0.03,0.0,0.0,0.0,0.7819188165128699,0.1841040016554856,0.0,0.0,0.03397722004127214,0.0,0.0,0.0,0.3156292405877892,0.65698580789293,0.0,0.0,0.02738492639595646,0.0,0.3966864561474355,2,311.2641629283024,887.7924887849073,605.5283258566049,323.2641629283024,255.4048333318071
34,a,318.15,2,0.0,0.0,0.501,0.4540999999999999,0.0,0.0,0.0449,0.0,0.0,0.0,0.7064994858224048,0.2435899954235662,0.0,0.0,0.04991055473667722,0.0,0.0,0.0,0.3760592941421333,0.5820870285644034,0.0,0.0,0.04185365541653498,0.0,0.3781038414926148,2,311.2641629283024,887.7924887849073,605.5283258566049,323.2641629283024,255.4048333318071
34,ab,318.15,2,0.0,0.0,0.4701,0.4794,0.0,0.0,0.02,0.0305,0.0,0.0,0.1274781084906931,0.8497515881706825,0.0,0.0,0.01785506489919331,0.004915262909014052,0.0,0.0,0.8837184228174872,0.03230586041566974,0.0,0.0,0.02258939867949865,0.06138628854728689,0.5469404566003477,,,,,,
34,a,318.15,2,0.0,0.0,0.4367,0.5015,0.0,0.0,0.0,0.06179999999999999,0.0,0.0,0.07708033106645507,0.9165484044392608,0.0,0.0,0.0,0.006371270897013737,0.0,0.0,0.8649643728788294,0.007226577279103712,0.0,0.0,0.0,0.1278090422171752,0.5435626947002129,2,311.2641629283024,887.7924887849073,605.5283258566049,323.2641629283024,255.4048333318071
34,ab,318.15,2,0.0,0.0,0.4365,0.4615,0.0,0.0,0.04019999999999999,0.06179999999999999,0.0,0.0,0.09933949604642063,0.8417171523563297,0.0,0.0,0.04645421009771917,0.01253938782255227,0.0,0.0,0.8343122148831208,0.01288568799787566,0.0,0.0,0.03282072175671977,0.119922090241943,0.5412611988003716,,,,,,
34,ab,318.15,2,0.0,0.0,0.4423,0.4356,0.0,0.0,0.0594,0.06269999999999999,0.0,0.0,0.1115288425116537,0.8080098209028169,0.0,0.0,0.0658669041955536,0.01446142144115013,0.0,0.0,0.8174048382725726,0.01327561506389672,0.0,0.0,0.05206632837392172,0.1174040568658217,0.5314033067071756,,,,,,
34,ab,318.15,2,0.0,0.0,0.4385,0.3196,0.0,0.0,0.1797,0.0622,0.0,0.0,0.2247871759271206,0.5598943547002178,0.0,0.0,0.1907397077119082,0.02457879141329645,0.0,0.0,0.6525602422474117,0.0789150153671962,0.0,0.0,0.168642345797902,0.09988236678658037,0.5004060776634686,,,,,,
34,ba,318.15,2,0.0,0.0,0.4995000000000001,0.4551,0.0,0.0,0.0454,0.0,0.0,0.0,0.7101110940820498,0.2416388275912505,0.0,0.0,0.04825011362083087,0.0,0.0,0.0,0.3674217748976889,0.588965563458981,0.0,0.0,0.04361263950970878,0.0,0.385416812571434,,,,,,
34,b,318.15,2,0.0,0.0,0.47,0.4596,0.0,0.0,0.0399,0.0305,0.0,0.0,0.1487466412000956,0.8059188737111515,0.0,0.0,0.03724758181183026,0.00808692837320749,0.0,0.0,0.8604903851655418,0.03864194094420027,0.0,0.0,0.04312407150477022,0.05774357188041232,0.5486390129542177,2,311.2641629283024,887.7924887849073,605.5283258566049,323.2641629283024,278.9137840150115
34,b,318.15,2,0.0,0.0,0.4772,0.4426,0.0,0.0,0.0493,0.0309,0.0,0.0,0.1455129680198513,0.798095848977296,0.0,0.0,0.04825504935148589,0.008087038737387723,0.0,0.0,0.8501520963061319,0.04287704033920248,0.0,0.0,0.05047495258278024,0.05655111356645091,0.5292809912687804,2,311.2641629283024,887.7924887849073,605.5283258566049,323.2641629283024,278.9137840150115
34,b,318.15,2,0.0,0.0,0.4388,0.479,0.0,0.0,0.02,0.0622,0.0,0.0,0.08149630778986001,0.8791405206323755,0.0,0.0,0.0226802959534533,0.0166875194766152,0.0,0.0,0.8621375200380801,0.004908913441536517,0.0,0.0,0.01682435455708728,0.1161237098737273,0.5422946078120606,2,311.2641629283024,887.7924887849073,605.5283258566049,323.2641629283024,278.9137840150115
34,b,318.15,2,0.0,0.0,0.4384,0.4595,0.0,0.0,0.04,0.0621,0.0,0.0,0.0904296580034277,0.8463721258459609,0.0,0.0,0.04555107425538942,0.01784216877721033,0.0,0.0,0.8452092963856532,0.007210944548924884,0.0,0.0,0.03351028424128821,0.1138414704827787,0.5389775713314119,2,311.2641629283024,887.7924887849073,605.5283258566049,323.2641629283024,278.9137840150115
34,b,318.15,2,0.0,0.0,0.4379999999999999,0.4398,0.0,0.0,0.0601,0.0621,0.0,0.0,0.1079224117505575,0.8055169124299286,0.0,0.0,0.06741650977048126,0.01899175225086707,0.0,0.0,0.8292157677197417,0.006343661982146828,0.0,0.0,0.05142829950052615,0.1131929152375081,0.5423809390204,2,311.2641629283024,887.7924887849073,605.5283258566049,323.2641629283024,278.9137840150115
34,b,318.15,2,0.0,0.0,0.4376,0.4003,0.0,0.0,0.1001,0.062,0.0,0.0,0.1284006183282075,0.7368061918382128,0.0,0.0,0.1104451167349405,0.02463652785098353,0.0,0.0,0.8019253662390411,0.003799396019826547,0.0,0.0,0.08791049165472285,0.1060248638307496,0.5409235033591866,2,311.2641629283024,887.7924887849073,605.5283258566049,323.2641629283024,278.9137840150115
35,aa,293.15,1,0.0,0.0,0.5241,0.4759,0.0,0.0,0.0,0.0,0.0,0.0,0.9949000000000001,0.005100000000000035,0.0,0.0,0.0,0.0,0.0,0.0,0.0503,0.9497,0.0,0.0,0.0,0.0,0.5015879737455007,,,,,,
35,a,293.15,1,0.0,0.0,0.512,0.4396,0.0,0.0,0.0484,0.0,0.0,0.0,0.9454350204422475,0.008621834734127625,0.0,0.0,0.04594315697279031,0.0,0.0,0.0,0.0724254829157367,0.8766828611802269,0.0,0.0,0.05089164358278114,0.0,0.5035162826854165,1,307.4866014093657,918.4598042280971,625.9732028187314,333.4866014093657,278.2120215435834
35,a,293.15,1,0.0,0.0,0.5103,0.3955,0.0,0.0,0.0942,0.0,0.0,0.0,0.9013108636339912,0.01303961552036106,0.0,0.0,0.08557254821209458,0.0,0.0,0.0,0.0935605001933108,0.8031263964704408,0.0,0.0,0.1033951407929769,0.0,0.515926106218699,1,307.4866014093657,918.4598042280971,625.9732028187314,333.4866014093657,278.2120215435834
35,a,293.15,1,0.0,0.0,0.4765,0.3321,0.0,0.0,0.1914,0.0,0.0,0.0,0.7647683099645485,0.04761656182742453,0.0,0.0,0.1875065888234822,0.0,0.0,0.0,0.165991226871338,0.6385318910852651,0.0,0.0,0.1955937954534601,0.0,0.5185715717852977,1,307.4866014093657,918.4598042280971,625.9732028187314,333.4866014093657,278.2120215435834
35,a,293.15,1,0.0,0.0,0.4828,0.2815,0.0,0.0,0.2357,0.0,0.0,0.0,0.7095994535794673,0.06319360622473849,0.0,0.0,0.2272219636093372,0.0,0.0,0.0,0.2002061642545417,0.5535114189476807,0.0,0.0,0.2462636975107945,0.0,0.5547655253173167,1,307.4866014093657,918.4598042280971,625.9732028187314,333.4866014093657,278.2120215435834
35,a,303.15,1,0.0,0.0,0.5272,0.4412,0.0,0.0,0.0316,0.0,0.0,0.0,0.965557495758471,0.006404988025441069,0.0,0.0,0.02803753821523705,0.0,0.0,0.0,0.06673937101371619,0.8979185154379451,0.0,0.0,0.03534209043993483,0.0,0.5122956650624338,1,307.4866014093657,918.4598042280971,625.9732028187314,333.4866014093657,278.2120215435834
35,a,303.15,1,0.0,0.0,0.5196999999999999,0.4215,0.0,0.0,0.0588,0.0,0.0,0.0,0.936044108929168,0.01014314740485564,0.0,0.0,0.05381276592948023,0.0,0.0,0.0,0.08279634972586157,0.8531701176013884,0.0,0.0,0.06403350930984911,0.0,0.5120478144379583,1,307.4866014093657,918.4598042280971,625.9732028187314,333.4866014093657,278.2120215435834
35,a,303.15,1,0.0,0.0,0.4795,0.4277,0.0,0.0,0.0928,0.0,0.0,0.0,0.8926788470063576,0.01846376369587114,0.0,0.0,0.08874684200605495,0.0,0.0,0.0,0.1079455056847159,0.7957090690439704,0.0,0.0,0.09644483583738986,0.0,0.4734786643441389,1,307.4866014093657,918.4598042280971,625.9732028187314,333.4866014093657,278.2120215435834
35,a,303.15,1,0.0,0.0,0.473,0.3967,0.0,0.0,0.1303,0.0,0.0,0.0,0.8530878892784184,0.02410830697878037,0.0,0.0,0.1225595700622652,0.0,0.0,0.0,0.1309466853526848,0.7320072465684573,0.0,0.0,0.13726586182218,0.0,0.4736654172173406,1,307.4866014093657,918.4598042280971,625.9732028187314,333.4866014093657,278.2120215435834
35,a,293.15,2,0.0,0.0,0.5306000000000001,0.4404,0.0,0.0,0.029,0.0,0.0,0.0,0.9012121412722659,0.06468077873730688,0.0,0.0,0.03428204864090858,0.0,0.0,0.0,0.1534612291825098,0.8227357885499487,0.0,0.0,0.02362493234843321,0.0,0.5043641735768561,1,307.4866014093657,918.4598042280971,625.9732028187314,333.4866014093657,278.2120215435834
35,a,293.15,2,0.0,0.0,0.528,0.4133,0.0,0.0,0.0587,0.0,0.0,0.0,0.8418550130958871,0.09128544100139134,0.0,0.0,0.0669388315029608,0.0,0.0,0.0,0.1884677153351078,0.7616593836328247,0.0,0.0,0.04978712887655951,0.0,0.5196493501304691,1,307.4866014093657,918.4598042280971,625.9732028187314,333.4866014093657,278.2120215435834
35,a,293.15,2,0.0,0.0,0.5084000000000001,0.4136,0.0,0.0,0.078,0.0,0.0,0.0,0.79420093257052,0.1179268694313004,0.0,0.0,0.0878722542214007,0.0,0.0,0.0,0.2196254743900805,0.7123494381058684,0.0,0.0,0.06802503069586002,0.0,0.5025876436219677,1,307.4866014093657,918.4598042280971,625.9732028187314,333.4866014093657,278.2120215435834
35,a,293.15,2,0.0,0.0,0.5084000000000001,0.3955,0.0,0.0,0.09609999999999999,0.0,0.0,0.0,0.7403992103786403,0.1534910111337784,0.0,0.0,0.1061097955907735,0.0,0.0,0.0,0.2539801376362352,0.6608969965572211,0.0,0.0,0.08512284705048073,0.0,0.5230466415088518,1,307.4866014093657,918.4598042280971,625.9732028187314,333.4866014093657,278.2120215435834
35,a,293.15,2,0.0,0.0,0.5017,0.3878,0.0,0.0,0.1105,0.0,0.0,0.0,0.6716093728234868,0.2094638557164684,0.0,0.0,0.1189267877013911,0.0,0.0,0.0,0.3114722969314841,0.5874621760024663,0.0,0.0,0.101065508882509,0.0,0.5282091620179676,1,307.4866014093657,918.4598042280971,625.9732028187314,333.4866014093657,278.2120215435834
35,a,303.15,2,0.0,0.0,0.5215,0.466,0.0,0.0,0.0125,0.0,0.0,0.0,0.9149541073075274,0.07111528525190604,0.0,0.0,0.01377500698864975,0.0,0.0,0.0,0.1693010900108201,0.8194795126613389,0.0,0.0,0.01135868246565274,0.0,0.4723361963531548,1,307.4866014093657,918.4598042280971,625.9732028187314,333.4866014093657,278.2120215435834
35,a,303.15,2,0.0,0.0,0.5008,0.4744,0.0,0.0,0.0248,0.0,0.0,0.0,0.8913467163351495,0.0811238836586768,0.0,0.0,0.02752943597856556,0.0,0.0,0.0,0.1830073940584636,0.7944135518728151,0.0,0.0,0.02257902479754924,0.0,0.4486445915781064,1,307.4866014093657,918.4598042280971,625.9732028187314,333.4866014093657,278.2120215435834
35,a,303.15,2,0.0,0.0,0.5086999999999999,0.4583,0.0,0.0,0.033,0.0,0.0,0.0,0.8718672435164471,0.0909581869757183,0.0,0.0,0.03717120981932046,0.0,0.0,0.0,0.1954081490991033,0.7751931079833371,0.0,0.0,0.02940164120492404,0.0,0.4631349530022139,1,307.4866014093657,918.4598042280971,625.9732028187314,333.4866014093657,278.2120215435834
35,a,303.15,2,0.0,0.0,0.5165,0.4422,0.0,0.0,0.0413,0.0,0.0,0.0,0.8524347597969285,0.1005393816432158,0.0,0.0,0.04716938541120947,0.0,0.0,0.0,0.2074650421243947,0.7565023212765117,0.0,0.0,0.03590060258603404,0.0,0.4791464613110868,1,307.4866014093657,918.4598042280971,625.9732028187314,333.4866014093657,278.2120215435834
35,a,303.15,2,0.0,0.0,0.5074000000000001,0.4421,0.0,0.0,0.0505,0.0,0.0,0.0,0.830283003439008,0.1122771552743444,0.0,0.0,0.05744027158078825,0.0,0.0,0.0,0.2186414493199439,0.7370649427494378,0.0,0.0,0.04429322311286365,0.0,0.4721042066802504,1,307.4866014093657,918.4598042280971,625.9732028187314,333.4866014093657,278.2120215435834
35,a,303.15,2,0.0,0.0,0.481,0.4393,0.0,0.0,0.0797,0.0,0.0,0.0,0.7452803830051161,0.1658410002230459,0.0,0.0,0.08887864496246833,0.0,0.0,0.0,0.2729781890256557,0.6545465336775813,0.0,0.0,0.07247525510720088,0.0,0.4404421864349646,1,307.4866014093657,918.4598042280971,625.9732028187314,333.4866014093657,278.2120215435834
35,a,303.15,2,0.0,0.0,0.4898,0.4183,0.0,0.0,0.0919,0.0,0.0,0.0,0.6756645466310173,0.2251472253163677,0.0,0.0,0.09918825738819723,0.0,0.0,0.0,0.343587896191709,0.5702454573494745,0.0,0.0,0.08616662338170304,0.0,0.4402962497208556,1,307.4866014093657,918.4598042280971,625.9732028187314,333.4866014093657,278.2120215435834
35,aa,283.15,3,0.0,0.0,0.5765,0.4235,0.0,0.0,0.0,0.0,0.0,0.0,0.9084000000000001,0.09159999999999993,0.0,0.0,0.0,0.0,0.0,0.0,0.2189,0.7811,0.0,0.0,0.0,0.0,0.5186366932559826,,,,,,
35,a,283.15,3,0.0,0.0,0.5381,0.4451,0.0,0.0,0.0168,0.0,0.0,0.0,0.8657803683496262,0.1155314634162018,0.0,0.0,0.0186315924502593,0.0,0.0,0.0,0.2491040368741746,0.7357612230867026,0.0,0.0,0.01518463675171438,0.0,0.4686347576116267,1,307.4866014093657,918.4598042280971,625.9732028187314,333.4866014093657,278.2120215435834
35,a,283.15,3,0.0,0.0,0.5622,0.4053,0.0,0.0,0.0325,0.0,0.0,0.0,0.8237220134237276,0.1406275924294509,0.0,0.0,0.03565036575578576,0.0,0.0,0.0,0.2789667363729242,0.6919451997934978,0.0,0.0,0.02908809458160426,0.0,0.5199275262838101,1,307.4866014093657,918.4598042280971,625.9732028187314,333.4866014093657,278.2120215435834
35,a,283.15,3,0.0,0.0,0.5808,0.3697,0.0,0.0,0.0495,0.0,0.0,0.0,0.7638972927173489,0.1836938271619413,0.0,0.0,0.05240889545137369,0.0,0.0,0.0,0.3250382441407721,0.6295250616362567,0.0,0.0,0.04543667280814053,0.0,0.5827879285815839,1,307.4866014093657,918.4598042280971,625.9732028187314,333.4866014093657,278.2120215435834
35,aa,293.15,3,0.0,0.0,0.7004,0.2996,0.0,0.0,0.0,0.0,0.0,0.0,0.8495,0.1505000000000001,0.0,0.0,0.0,0.0,0.0,0.0,0.3076,0.6923999999999999,0.0,0.0,0.0,0.0,0.7248569846835209,,,,,,
35,aa,293.15,3,0.0,0.0,0.5872999999999999,0.4127,0.0,0.0,0.0,0.0,0.0,0.0,0.6774,0.3225999999999999,0.0,0.0,0.0,0.0,0.0,0.0,0.4077,0.5922999999999999,0.0,0.0,0.0,0.0,0.6659251019651462,,,,,,
35,a,303.15,2,0.0,0.0,0.4965,0.4701,0.0,0.0,0.0,0.0334,0.0,0.0,0.08390144677869477,0.9132772258244204,0.0,0.0,0.0,0.002821335822779319,0.0,0.0,0.9213820385332251,0.01372893018002924,0.0,0.0,0.0,0.06488902261000352,0.5073335940157048,1,307.4866014093657,918.4598042280971,625.9732028187314,333.4866014093657,278.2120215435834
36,a,308.15,2,0.0,0.0,0.509,0.4824,0.0,0.0,0.0086,0.0,0.0,0.0,0.822726612802468,0.167925492242176,0.0,0.0,0.009347923703441818,0.0,0.0,0.0,0.2650904163864775,0.7268910412894208,0.0,0.0,0.0080185199736433,0.0,0.4373991236242646,2,288.3128930171489,818.9386790514466,559.6257860342978,300.3128930171489,282.0
36,a,308.15,2,0.0,0.0,0.5105,0.4571,0.0,0.0,0.03240000000000001,0.0,0.0,0.0,0.7319439400274839,0.2336522571477647,0.0,0.0,0.03440383141224189,0.0,0.0,0.0,0.3364740216465924,0.6327007053337954,0.0,0.0,0.03082525055358298,0.0,0.4400485859098816,2,288.3128930171489,818.9386790514466,559.6257860342978,300.3128930171489,282.0
36,a,308.15,2,0.0,0.0,0.5105,0.4571,0.0,0.0,0.03240000000000001,0.0,0.0,0.0,0.7319439400274839,0.2336522571477647,0.0,0.0,0.03440383141224189,0.0,0.0,0.0,0.3364740216465924,0.6327007053337954,0.0,0.0,0.03082525055358298,0.0,0.4400485859098816,2,288.3128930171489,818.9386790514466,559.6257860342978,300.3128930171489,282.0
37,aa,298.15,2,0.0,0.0,0.5,0.5,0.0,0.0,0.0,0.0,0.0,0.0,0.9309999999999999,0.06900000000000003,0.0,0.0,0.0,0.0,0.0,0.0,0.142,0.858,0.0,0.0,0.0,0.0,0.4537389100126743,,,,,,
37,a,298.15,2,0.0,0.0,0.5,0.449,0.0,0.0,0.051,0.0,0.0,0.0,0.8235588236093905,0.1185158312445732,0.0,0.0,0.05792537007019388,0.0,0.0,0.0,0.2106185246331354,0.7445752999500697,0.0,0.0,0.04480615312536304,0.0,0.4721201654552576,2,319.5665875039039,912.6997625117117,622.1331750078078,331.5665875039039,280.0
37,a,298.15,2,0.0,0.0,0.489,0.409,0.0,0.0,0.102,0.0,0.0,0.0,0.621804949905772,0.2691495156766531,0.0,0.0,0.1090455524601418,0.0,0.0,0.0,0.3387211724906342,0.5672513816363112,0.0,0.0,0.09402742545652792,0.0,0.5308634386667249,2,319.5665875039039,912.6997625117117,622.1331750078078,331.5665875039039,280.0
37,a,298.15,2,0.0,0.0,0.469,0.5,0.0,0.0,0.0,0.031,0.0,0.0,0.07612054256898282,0.9198165092865588,0.0,0.0,0.0,0.004012272558413898,0.0,0.0,0.9219163479270415,0.01603028208993927,0.0,0.0,0.0,0.06211178943185075,0.5354913621678511,2,319.5665875039039,912.6997625117117,622.1331750078078,331.5665875039039,280.0
37,ab,298.15,2,0.0,0.0,0.469,0.488,0.0,0.0,0.012,0.031,0.0,0.0,0.08325255057035112,0.902905494326979,0.0,0.0,0.01106754487253428,0.002774436356354699,0.0,0.0,0.907130338893005,0.01675207572512566,0.0,0.0,0.01305907863189536,0.0630584770759236,0.5317904489026238,,,,,,
37,ab,298.15,2,0.0,0.0,0.469,0.478,0.0,0.0,0.022,0.031,0.0,0.0,0.08610590274500773,0.8905152006806064,0.0,0.0,0.02055188566994659,0.002752933785183073,0.0,0.0,0.8955646326089437,0.01843586389700261,0.0,0.0,0.02361327730462141,0.06246875208728956,0.5269751463186345,,,,,,
37,ab,298.15,2,0.0,0.0,0.47,0.347,0.0,0.0,0.152,0.031,0.0,0.0,0.1869759520800583,0.6558544992032629,0.0,0.0,0.1488424433341266,0.008327137806942608,0.0,0.0,0.7240616163150965,0.06975121548693722,0.0,0.0,0.1548344374127715,0.05135270167885878,0.473037418857478,,,,,,
37,a,298.15,2,0.0,0.0,0.439,0.5,0.0,0.0,0.0,0.061,0.0,0.0,0.05588762453826848,0.9408763990854635,0.0,0.0,0.0,0.003236409001277069,0.0,0.0,0.8672321060386117,0.007200912903044132,0.0,0.0,0.0,0.125566497482426,0.5278055324252927,2,319.5665875039039,912.6997625117117,622.1331750078078,331.5665875039039,280.0
37,ab,298.15,2,0.0,0.0,0.439,0.493,0.0,0.0,0.006999999999999999,0.061,0.0,0.0,0.05907248697878985,0.934135674164997,0.0,0.0,0.007799052585591883,0.00001069934192321399,0.0,0.0,0.8577457911046698,0.006792235277256721,0.0,0.0,0.006119305931736442,0.128220751532046,0.5243017250501097,,,,,,
37,ab,298.15,2,0.0,0.0,0.439,0.489,0.0,0.0,0.011,0.061,0.0,0.0,0.05827758601745592,0.9297921312993559,0.0,0.0,0.01147478918769795,0.0008775849409523253,0.0,0.0,0.8569822358998189,0.005069257178016191,0.0,0.0,0.01047874504109404,0.1270063619874765,0.5233251565035728,,,,,,
37,ab,298.15,2,0.0,0.0,0.44,0.397,0.0,0.0,0.102,0.061,0.0,0.0,0.09995727190607638,0.771157623871622,0.0,0.0,0.1192669885637928,0.00961814469323153,0.0,0.0,0.7889229210591658,0.01307127495523733,0.0,0.0,0.08428208519163023,0.1137236890010042,0.5064445832503828,,,,,,
37,a,298.15,2,0.0,0.0,0.408,0.498,0.0,0.0,0.0,0.094,0.0,0.0,0.04136424862024972,0.9471520292816998,0.0,0.0,0.0,0.01140688445795494,0.0,0.0,0.8145014202910134,0.00001000000000000065,0.0,0.0,0.0,0.1855737721914793,0.5257817566998575,2,319.5665875039039,912.6997625117117,622.1331750078078,331.5665875039039,280.0
37,ab,298.15,2,0.0,0.0,0.405,0.48,0.0,0.0,0.021,0.094,0.0,0.0,0.0511978677132529,0.9147490069245912,0.0,0.0,0.02675569727575534,0.007254211038085998,0.0,0.0,0.7942217432963384,0.001727680729753037,0.0,0.0,0.01466809206864864,0.189430027470858,0.5238347731301338,,,,,,
37,ab,298.15,2,0.0,0.0,0.406,0.469,0.0,0.0,0.031,0.094,0.0,0.0,0.05705474409820902,0.8983788715302145,0.0,0.0,0.03906028086692521,0.005506660901401228,0.0,0.0,0.7860443283698683,0.001353565245663203,0.0,0.0,0.02222136215714814,0.190380137153661,0.5213302584419972,,,,,,
37,ab,298.15,2,0.0,0.0,0.406,0.449,0.0,0.0,0.051,0.094,0.0,0.0,0.06090345776954798,0.8656985983953804,0.0,0.0,0.06447542669064288,0.008922544778388232,0.0,0.0,0.7747863286872695,0.003696360391979531,0.0,0.0,0.03659952787525176,0.1849177535145559,0.5165922082052223,,,,,,
37,ab,298.15,2,0.0,0.0,0.405,0.404,0.0,0.0,0.09699999999999999,0.094,0.0,0.0,0.09306761607803325,0.774457888271062,0.0,0.0,0.1315799215467225,0.0008946017365355589,0.0,0.0,0.7413661613277243,0.004524010221123762,0.0,0.0,0.05971142058596055,0.1943983780683858,0.5188445412879547,,,,,,
37,ab,298.15,2,0.0,0.0,0.406,0.295,0.0,0.0,0.205,0.094,0.0,0.0,0.1549182615800116,0.5765224268683475,0.0,0.0,0.2590052558704587,0.00968610579757244,0.0,0.0,0.6616828559115999,0.008318624612751497,0.0,0.0,0.1500050882151439,0.1798589613022568,0.5045396990467341,,,,,,
37,b,298.15,2,0.0,0.0,0.5,0.489,0.0,0.0,0.011,0.0,0.0,0.0,0.9231625550773038,0.06416265926134862,0.0,0.0,0.01265093963427461,0.0,0.0,0.0,0.1432087479072356,0.84720335452463,0.0,0.0,0.009608003444126097,0.0,0.457451773185545,2,321.0731691710873,917.219507513262,625.1463383421747,333.0731691710873,278.7291932780423
37,b,298.15,2,0.0,0.0,0.5,0.478,0.0,0.0,0.022,0.0,0.0,0.0,0.903218107979747,0.07097774636371065,0.0,0.0,0.02580417320020139,0.0,0.0,0.0,0.1540606775650855,0.8272030736028905,0.0,0.0,0.01873622520105463,0.0,0.4617711957330995,2,321.0731691710873,917.219507513262,625.1463383421747,333.0731691710873,278.7291932780423
37,b,298.15,2,0.0,0.0,0.5,0.468,0.0,0.0,0.032,0.0,0.0,0.0,0.9018740006552984,0.06099741973222842,0.0,0.0,0.03712867801712331,0.0,0.0,0.0,0.1708243175531199,0.8013765107939893,0.0,0.0,0.02779909104947314,0.0,0.4502781275412595,2,321.0731691710873,917.219507513262,625.1463383421747,333.0731691710873,278.7291932780423
37,b,298.15,2,0.0,0.0,0.499,0.45,0.0,0.0,0.051,0.0,0.0,0.0,0.8250611951863622,0.1181983522010651,0.0,0.0,0.0567404650221495,0.0,0.0,0.0,0.2095886005854222,0.7445066160438617,0.0,0.0,0.04590477235599543,0.0,0.4702262975693114,2,321.0731691710873,917.219507513262,625.1463383421747,333.0731691710873,278.7291932780423
37,b,298.15,2,0.0,0.0,0.469,0.5,0.0,0.0,0.0,0.031,0.0,0.0,0.06099319039132964,0.9375438166066263,0.0,0.0,0.0,0.001454577003688504,0.0,0.0,0.920596319752975,0.01571107967599935,0.0,0.0,0.0,0.06370191569468268,0.5253544389587523,2,321.0731691710873,917.219507513262,625.1463383421747,333.0731691710873,278.7291932780423
37,bb,298.15,2,0.0,0.0,0.47,0.477,0.0,0.0,0.022,0.031,0.0,0.0,0.06563900337969192,0.910334158548064,0.0,0.0,0.02052147262082867,0.003265071481373876,0.0,0.0,0.9016680724443243,0.01440216660814424,0.0,0.0,0.02357837444550159,0.0606079078671832,0.5163314152787583,,,,,,
37,bb,298.15,2,0.0,0.0,0.469,0.447,0.0,0.0,0.053,0.031,0.0,0.0,0.09348702775929818,0.848299478716168,0.0,0.0,0.05059588906485998,0.007736453588050647,0.0,0.0,0.8775606674292726,0.01038343816734411,0.0,0.0,0.05561568904630335,0.05631089669718656,0.5210743567418495,,,,,,
37,bb,298.15,2,0.0,0.0,0.46,0.308,0.0,0.0,0.201,0.031,0.0,0.0,0.253713469014682,0.536559725659792,0.0,0.0,0.1960862317678357,0.01364061176016591,0.0,0.0,0.6209049788486534,0.1297217690011941,0.0,0.0,0.2048327745863343,0.04454044776561233,0.4382045187303156,,,,,,
37,b,298.15,2,0.0,0.0,0.439,0.5,0.0,0.0,0.0,0.061,0.0,0.0,0.04567291118470967,0.94835356252434,0.0,0.0,0.0,0.005973546735042141,0.0,0.0,0.8736898106055688,0.004497069436370254,0.0,0.0,0.0,0.1218130973640452,0.5249769792254294,2,321.0731691710873,917.219507513262,625.1463383421747,333.0731691710873,278.7291932780423
37,bb,298.15,2,0.0,0.0,0.439,0.492,0.0,0.0,0.008,0.061,0.0,0.0,0.0462574772816381,0.9395424061657336,0.0,0.0,0.0089338517746813,0.005277702294742423,0.0,0.0,0.870155693035268,0.0006845830762478298,0.0,0.0,0.006974810503537803,0.1221723571930517,0.5233118421562359,,,,,,
37,bb,298.15,2,0.0,0.0,0.439,0.488,0.0,0.0,0.012,0.061,0.0,0.0,0.04792680658988711,0.9332959723235846,0.0,0.0,0.01342348010511084,0.005208975864727034,0.0,0.0,0.8663389918863874,0.00140993166905084,0.0,0.0,0.01044451482909372,0.1219647513867672,0.5221561941084344,,,,,,
37,bb,298.15,2,0.0,0.0,0.439,0.478,0.0,0.0,0.022,0.061,0.0,0.0,0.05071343232593786,0.9190246705921215,0.0,0.0,0.02394880061148426,0.006313132872789014,0.0,0.0,0.8543130614007519,0.0062780262163893,0.0,0.0,0.01991555408969341,0.1194933193570665,0.5168158948491586,,,,,,
37,bb,298.15,2,0.0,0.0,0.439,0.448,0.0,0.0,0.052,0.061,0.0,0.0,0.06528361257777038,0.8696181307902154,0.0,0.0,0.05725902239266274,0.007815668113126497,0.0,0.0,0.8351743771779553,0.00104528783205379,0.0,0.0,0.04642494364416479,0.1173803736470949,0.5145851793451428,,,,,,
37,bb,298.15,2,0.0,0.0,0.44,0.396,0.0,0.0,0.103,0.061,0.0,0.0,0.09932997606731302,0.7706598389296652,0.0,0.0,0.1203438306020534,0.009541630433830202,0.0,0.0,0.7887713698238559,0.01243051615453046,0.0,0.0,0.08524372227635067,0.1136820817262203,0.5058752969900946,,,,,,
37,bb,298.15,2,0.0,0.0,0.436,0.3,0.0,0.0,0.203,0.061,0.0,0.0,0.171580574330728,0.5873302094236931,0.0,0.0,0.2234344404017313,0.0176548083610413,0.0,0.0,0.6754036037447433,0.03985312377615641,0.0,0.0,0.1844987924571,0.1002444505811478,0.4751739991385228,,,,,,
37,b,298.15,2,0.0,0.0,0.406,0.5,0.0,0.0,0.0,0.094,0.0,0.0,0.01796800033269014,0.9741678317412339,0.0,0.0,0.0,0.00745739464802602,0.0,0.0,0.8151633943222363,0.00001000000000000029,0.0,0.0,0.0,0.1852555309604961,0.5132535855163279,2,321.0731691710873,917.219507513262,625.1463383421747,333.0731691710873,278.7291932780423
37,bb,298.15,2,0.0,0.0,0.406,0.487,0.0,0.0,0.013,0.094,0.0,0.0,0.02764574050698647,0.948726249674017,0.0,0.0,0.01593005431922204,0.007549256827382468,0.0,0.0,0.8024407034297703,0.003201880591919138,0.0,0.0,0.00992988048566883,0.1845833423979511,0.5116717614351342,,,,,,
37,bb,298.15,2,0.0,0.0,0.407,0.468,0.0,0.0,0.031,0.094,0.0,0.0,0.04463876291399422,0.9064983796570427,0.0,0.0,0.03988302486434708,0.009185652002528197,0.0,0.0,0.7922975184187673,0.001746106865154251,0.0,0.0,0.0215547087105435,0.1841828188702628,0.5153387365317994,,,,,,
37,bb,298.15,2,0.0,0.0,0.406,0.447,0.0,0.0,0.053,0.094,0.0,0.0,0.05924952364766051,0.8673963394297192,0.0,0.0,0.06758500233183516,0.005517703281933811,0.0,0.0,0.7725450448318137,0.002604950555802987,0.0,0.0,0.03758239945382974,0.1875333896539191,0.5138754330369361,,,,,,
37,bb,298.15,2,0.0,0.0,0.408,0.402,0.0,0.0,0.099,0.091,0.0,0.0,0.09502061517105724,0.7739712669969488,0.0,0.0,0.1336622882790804,0.00001000013067218388,0.0,0.0,0.7431207935364944,0.003714003505622493,0.0,0.0,0.06188556334077776,0.1884269949976426,0.5170817795200999,,,,,,
37,bb,298.15,2,0.0,0.0,0.406,0.292,0.0,0.0,0.206,0.096,0.0,0.0,0.1533035917181179,0.5752184375747557,0.0,0.0,0.2603579635862084,0.01118281108061614,0.0,0.0,0.6601735633196573,0.007125988668977588,0.0,0.0,0.1513242830262366,0.181312993900365,0.501457134098029,,,,,,
37,ca,298.15,2,0.0,0.0,0.5,0.5,0.0,0.0,0.0,0.0,0.0,0.0,0.934,0.06599999999999996,0.0,0.0,0.0,0.0,0.0,0.0,0.147,0.853,0.0,0.0,0.0,0.0,0.4485387547649301,,,,,,
37,c,298.15,2,0.0,0.0,0.5,0.485,0.0,0.0,0.015,0.0,0.0,0.0,0.9118235593634287,0.07080386917783994,0.0,0.0,0.01737259845056002,0.0,0.0,0.0,0.1589797298236035,0.827984934269728,0.0,0.0,0.01303531355544413,0.0,0.4529761111077242,2,319.9090852062284,913.7272556186851,622.8181704124568,331.9090852062284,278.7291932780423
37,c,298.15,2,0.0,0.0,0.502,0.447,0.0,0.0,0.051,0.0,0.0,0.0,0.82358252602921,0.1185409593946695,0.0,0.0,0.05787653911656059,0.0,0.0,0.0,0.2106377122850444,0.7445925920885884,0.0,0.0,0.04476967339207825,0.0,0.4753483204061598,2,319.9090852062284,913.7272556186851,622.8181704124568,331.9090852062284,278.7291932780423
37,c,298.15,2,0.0,0.0,0.492,0.406,0.0,0.0,0.102,0.0,0.0,0.0,0.6221873941992662,0.2688837476181307,0.0,0.0,0.1089288853722132,0.0,0.0,0.0,0.3392837409658886,0.5668441527332928,0.0,0.0,0.09387207440605999,0.0,0.5398172038030566,2,319.9090852062284,913.7272556186851,622.8181704124568,331.9090852062284,278.7291932780423
37,c,298.15,2,0.0,0.0,0.47,0.499,0.0,0.0,0.0,0.031,0.0,0.0,0.0695069694918215,0.9288146551293864,0.0,0.0,0.0,0.001657377502537542,0.0,0.0,0.918974000323593,0.0171548980608156,0.0,0.0,0.0,0.06389464135232123,0.5285361103231655,2,319.9090852062284,913.7272556186851,622.8181704124568,331.9090852062284,278.7291932780423
37,cb,298.15,2,0.0,0.0,0.469,0.488,0.0,0.0,0.012,0.031,0.0,0.0,0.06990584758210068,0.917303036223804,0.0,0.0,0.01155631309586669,0.001252022341716054,0.0,0.0,0.9086354848193373,0.01508691089255648,0.0,0.0,0.01248875811891723,0.06376987773677016,0.5241682960763021,,,,,,
37,cb,298.15,2,0.0,0.0,0.469,0.477,0.0,0.0,0.023,0.031,0.0,0.0,0.08140071771301167,0.8939796707972085,0.0,0.0,0.02209588299468924,0.002541758411312761,0.0,0.0,0.9023309536287722,0.01082215435430481,0.0,0.0,0.02401079104633948,0.0628159437588768,0.5278535674171932,,,,,,
37,cb,298.15,2,0.0,0.0,0.469,0.467,0.0,0.0,0.033,0.031,0.0,0.0,0.09252276312687495,0.8741023606776506,0.0,0.0,0.03112519792262884,0.002168113091662029,0.0,0.0,0.8965919547042837,0.004624915618606956,0.0,0.0,0.03512934596419424,0.06374642308614208,0.5317850244522382,,,,,,
37,cb,298.15,2,0.0,0.0,0.47,0.347,0.0,0.0,0.152,0.031,0.0,0.0,0.1869759520800583,0.6558544992032629,0.0,0.0,0.1488424433341266,0.008327137806942608,0.0,0.0,0.7240616163150965,0.06975121548693722,0.0,0.0,0.1548344374127715,0.05135270167885878,0.473037418857478,,,,,,
37,c,298.15,2,0.0,0.0,0.439,0.5,0.0,0.0,0.0,0.061,0.0,0.0,0.0501297244996334,0.9489931448337549,0.0,0.0,0.0,0.0008777314788959896,0.0,0.0,0.8674372712320242,0.005322443257102092,0.0,0.0,0.0,0.1272396235667967,0.5242056958178394,2,319.9090852062284,913.7272556186851,622.8181704124568,331.9090852062284,278.7291932780423
37,cb,298.15,2,0.0,0.0,0.439,0.475,0.0,0.0,0.025,0.061,0.0,0.0,0.05984328987575975,0.9095027791978911,0.0,0.0,0.02740452458524905,0.003487491309984008,0.0,0.0,0.8509657010243534,0.002899052688174331,0.0,0.0,0.02238740834609566,0.1234891511280072,0.5207357233455688,,,,,,
37,cb,298.15,2,0.0,0.0,0.4379999999999999,0.4,0.0,0.0,0.101,0.061,0.0,0.0,0.1004604162184382,0.7715164094285409,0.0,0.0,0.118098994688361,0.009924207971137688,0.0,0.0,0.7895355827317209,0.01307875058773208,0.0,0.0,0.08319199954400155,0.1141936376563462,0.5101556402191788,,,,,,
37,cb,298.15,2,0.0,0.0,0.4379999999999999,0.299,0.0,0.0,0.203,0.06,0.0,0.0,0.1722512990183295,0.5876849949686578,0.0,0.0,0.2235239656498959,0.01654430381386958,0.0,0.0,0.6761052021703351,0.04034436466993115,0.0,0.0,0.1846109618886057,0.09893538251599925,0.4725679421768857,,,,,,
38,a,323.15,2,0.0,0.0,0.4744,0.4982,0.0,0.0,0.0,0.0274,0.0,0.0,0.1350098380944388,0.8643421850663325,0.0,0.0,0.0,0.0005509486393109261,0.0,0.0,0.9075526941387965,0.03090456335891489,0.0,0.0,0.0,0.06166657645777455,0.5606843565374008,2,319.9648542104955,913.8945626314865,622.929708420991,331.9648542104955,278.5037174805497
38,ab,323.15,2,0.0,0.0,0.4709,0.4269,0.0,0.0,0.0751,0.0271,0.0,0.0,0.1924624062491228,0.7331121459053064,0.0,0.0,0.06969629866513782,0.0046805007749734,0.0,0.0,0.8010323907850622,0.06383642638791648,0.0,0.0,0.08150695394876382,0.0536819093594956,0.5424723518640213,,,,,,
38,a,323.15,2,0.0,0.0,0.4008,0.4998,0.0,0.0,0.0,0.09939999999999999,0.0,0.0,0.06132682067191334,0.9393349845437661,0.0,0.0,0.0,0.00001004050392232256,0.0,0.0,0.7849602220457266,0.002406192355449806,0.0,0.0,0.0,0.2118733004966733,0.5308768518926862,2,319.9648542104955,913.8945626314865,622.929708420991,331.9648542104955,278.5037174805497
38,ab,323.15,2,0.0,0.0,0.4024,0.4848,0.0,0.0,0.0131,0.09970000000000001,0.0,0.0,0.06969239265613764,0.9141722698146036,0.0,0.0,0.01648674821238003,0.00001031405928759938,0.0,0.0,0.775838342664371,0.002863112215270855,0.0,0.0,0.009298639250993824,0.2115938980555235,0.5288401677585446,,,,,,
38,ab,323.15,2,0.0,0.0,0.4014,0.4743,0.0,0.0,0.0248,0.09949999999999999,0.0,0.0,0.07151123942436535,0.8937480613618899,0.0,0.0,0.03046445931450291,0.004145810575049817,0.0,0.0,0.7728458659628072,0.002012771701821508,0.0,0.0,0.01842197126202418,0.2068662509820839,0.5296271592864913,,,,,,
38,ab,323.15,2,0.0,0.0,0.4019,0.4626,0.0,0.0,0.0358,0.09970000000000001,0.0,0.0,0.0801141304093891,0.8705151710254686,0.0,0.0,0.04583206544954865,0.003538659283857401,0.0,0.0,0.76436245960239,0.003120730798009413,0.0,0.0,0.02449979243538027,0.2080169876880557,0.5297235581559643,,,,,,
38,ab,323.15,2,0.0,0.0,0.4038,0.4206,0.0,0.0,0.0755,0.1001,0.0,0.0,0.09010729935316696,0.8097159439749761,0.0,0.0,0.09500512682425424,0.005359268266303236,0.0,0.0,0.7378961521081268,0.006174865663443718,0.0,0.0,0.05472620512072111,0.2010029341609449,0.5157485354792078,,,,,,
38,ab,323.15,2,0.0,0.0,0.4025,0.3972,0.0,0.0,0.1005,0.0998,0.0,0.0,0.09897398555816174,0.7678902486949196,0.0,0.0,0.1267969418509265,0.006338851957391415,0.0,0.0,0.7230804461017178,0.005681515132386068,0.0,0.0,0.0727254932079426,0.1985125159198486,0.5136630789280936,,,,,,
38,ab,323.15,2,0.0,0.0,0.3491,0.4873,0.0,0.0,0.013,0.1506,0.0,0.0,0.07488505513718041,0.9254189647652271,0.0,0.0,0.01932397163322572,0.00001038741081294764,0.0,0.0,0.652569472818105,0.00244046276569399,0.0,0.0,0.006001357607946067,0.3172552140955888,0.5253205098319302,,,,,,
38,ab,323.15,2,0.0,0.0,0.3506,0.4739,0.0,0.0,0.0242,0.1513,0.0,0.0,0.0601425685008343,0.904801328940841,0.0,0.0,0.03654714384197628,0.00001033649207962208,0.0,0.0,0.6687155524429895,0.001967112633584961,0.0,0.0,0.01067712863082788,0.3169958633743008,0.5227237502104207,,,,,,
38,ab,323.15,2,0.0,0.0,0.3505,0.462,0.0,0.0,0.0361,0.1514,0.0,0.0,0.05887076810855104,0.8813286099154389,0.0,0.0,0.05788518662792034,0.001915462625389542,0.0,0.0,0.6687705691655145,0.004364273706116007,0.0,0.0,0.01232466135347502,0.3145404660057191,0.5218407492738117,,,,,,
38,ab,323.15,2,0.0,0.0,0.3497999999999999,0.445,0.0,0.0,0.0542,0.151,0.0,0.0,0.07259410886568772,0.8482574029724774,0.0,0.0,0.08009499101647881,0.00001047539906482479,0.0,0.0,0.6539785347244793,0.002504909253409075,0.0,0.0,0.02578537868057194,0.3166810833417866,0.523196909300008,,,,,,
38,ab,323.15,2,0.0,0.0,0.3525,0.3466,0.0,0.0,0.1488,0.1521,0.0,0.0,0.1206199736005093,0.6421069274909735,0.0,0.0,0.2261995415765451,0.0113535993190459,0.0,0.0,0.624340432107153,0.0001677000424050987,0.0,0.0,0.05806202159898589,0.3171015439998289,0.5396652598011713,,,,,,
39,a,298.15,2,0.0,0.0,0.4999,0.4896,0.0,0.0,0.0105,0.0,0.0,0.0,0.9079639536005198,0.07998686537180898,0.0,0.0,0.01204918729923966,0.0,0.0,0.0,0.1486123773140777,0.8422212570721967,0.0,0.0,0.009166360214757202,0.0,0.462615254456797,2,311.0222577393773,887.0667732181321,605.0445154787546,323.0222577393773,278.5062291027881
39,a,298.15,2,0.0,0.0,0.4998,0.4767,0.0,0.0,0.0235,0.0,0.0,0.0,0.8808480900945685,0.09201114921872199,0.0,0.0,0.02714084554898337,0.0,0.0,0.0,0.1671827213591229,0.8124953024737624,0.0,0.0,0.02032190209074647,0.0,0.466068963427841,2,311.0222577393773,887.0667732181321,605.0445154787546,323.0222577393773,278.5062291027881
39,a,298.15,2,0.0,0.0,0.5008,0.4657,0.0,0.0,0.0335,0.0,0.0,0.0,0.8649507026356106,0.09662717842017746,0.0,0.0,0.03842214382426231,0.0,0.0,0.0,0.1727698145445429,0.7981640738934516,0.0,0.0,0.02906608914983512,0.0,0.4739081807937744,2,311.0222577393773,887.0667732181321,605.0445154787546,323.0222577393773,278.5062291027881
39,a,298.15,2,0.0,0.0,0.5013000000000001,0.3962,0.0,0.0,0.1025,0.0,0.0,0.0,0.6208976805982932,0.2704174832088347,0.0,0.0,0.10868485085099,0.0,0.0,0.0,0.3366713335072024,0.5693422206839436,0.0,0.0,0.09398642563165335,0.0,0.579216769232292,2,311.0222577393773,887.0667732181321,605.0445154787546,323.0222577393773,278.5062291027881
39,ab,298.15,2,0.0,0.0,0.4686999999999999,0.4776,0.0,0.0,0.0226,0.0311,0.0,0.0,0.06088125265329892,0.9171080114444644,0.0,0.0,0.02226377566593385,0.00001000871445285824,0.0,0.0,0.8925118806256123,0.02085612029319466,0.0,0.0,0.02294940980094651,0.06340922501990814,0.5096155268583036,,,,,,
39,ab,298.15,2,0.0,0.0,0.4691,0.4464,0.0,0.0,0.0536,0.0309,0.0,0.0,0.0851434630382554,0.8592860111606909,0.0,0.0,0.05311436264429598,0.002456191671567597,0.0,0.0,0.8720586946482816,0.01308010027284758,0.0,0.0,0.05410967173648208,0.06075150341636981,0.5120738276012644,,,,,,
39,ab,298.15,2,0.0,0.0,0.4668,0.402,0.0,0.0,0.1,0.0312,0.0,0.0,0.1438335262752769,0.7558038941282006,0.0,0.0,0.09872370586648921,0.001724411470331647,0.0,0.0,0.8006283446965352,0.0362971239030992,0.0,0.0,0.1013192179145472,0.06166689897664796,0.5082688464244594,,,,,,
39,ab,298.15,2,0.0,0.0,0.4696,0.2977,0.0,0.0,0.2012,0.0315,0.0,0.0,0.2535610388022203,0.5357406002617959,0.0,0.0,0.1963710432262591,0.0143273639169348,0.0,0.0,0.6544019910394762,0.09407757637457098,0.0,0.0,0.2053307402215007,0.04618965283832061,0.4610357050795866,,,,,,
39,a,298.15,2,0.0,0.0,0.4386,0.5001,0.0,0.0,0.0,0.0613,0.0,0.0,0.04908746275425356,0.9431482744587488,0.0,0.0,0.0,0.007859563540228912,0.0,0.0,0.8747496011456732,0.004004727791730964,0.0,0.0,0.0,0.1211389597721078,0.5282422202323499,2,311.0222577393773,887.0667732181321,605.0445154787546,323.0222577393773,278.5062291027881
39,ab,298.15,2,0.0,0.0,0.4387,0.4654,0.0,0.0,0.0346,0.0613,0.0,0.0,0.06405548134045534,0.8931828831811383,0.0,0.0,0.03985055321178531,0.002911280443999617,0.0,0.0,0.8426900998665517,0.004109253465420524,0.0,0.0,0.0289381754950714,0.1242622574725149,0.5188442566698077,,,,,,
39,ab,298.15,2,0.0,0.0,0.4372,0.4481,0.0,0.0,0.0515,0.0632,0.0,0.0,0.06489670181025008,0.8708119013621691,0.0,0.0,0.05959864372438298,0.004692775944993116,0.0,0.0,0.8266667572336154,0.005900765483219932,0.0,0.0,0.04302800277445233,0.1244044506138932,0.5112655117654412,,,,,,
39,ab,298.15,2,0.0,0.0,0.4402,0.397,0.0,0.0,0.1019,0.0609,0.0,0.0,0.1020198640414436,0.7712170986009066,0.0,0.0,0.1197913657522846,0.00710710842771867,0.0,0.0,0.773653156094678,0.02801359504936237,0.0,0.0,0.08425871435785728,0.1139409907707714,0.4964809815714854,,,,,,
39,aa,298.15,2,0.0,0.0,0.4999,0.5001,0.0,0.0,0.0,0.0,0.0,0.0,0.927,0.07299999999999995,0.0,0.0,0.0,0.0,0.0,0.0,0.138,0.862,0.0,0.0,0.0,0.0,0.4586818757921419,,,,,,
39,b,298.15,2,0.0,0.0,0.4999,0.4883,0.0,0.0,0.0118,0.0,0.0,0.0,0.9165150504126981,0.0706172189263675,0.0,0.0,0.01281494596035024,0.0,0.0,0.0,0.1489963828982953,0.8401029378310954,0.0,0.0,0.0109451383998325,0.0,0.457192289847621,2,317.385924468619,906.1577734058569,617.771848937238,329.385924468619,278.5062291027881
39,b,298.15,2,0.0,0.0,0.5001,0.4774,0.0,0.0,0.0225,0.0,0.0,0.0,0.9022953945956245,0.07246818721452197,0.0,0.0,0.02479473463422343,0.0,0.0,0.0,0.1642112756669266,0.8155740116023517,0.0,0.0,0.02058357952545135,0.0,0.4550819015325835,2,317.385924468619,906.1577734058569,617.771848937238,329.385924468619,278.5062291027881
39,b,298.15,2,0.0,0.0,0.4999,0.4673,0.0,0.0,0.0328,0.0,0.0,0.0,0.8782914825160574,0.08455445264840666,0.0,0.0,0.03743025461238101,0.0,0.0,0.0,0.1727629373594536,0.7982013545093078,0.0,0.0,0.02879692920384938,0.0,0.463676579617247,2,317.385924468619,906.1577734058569,617.771848937238,329.385924468619,278.5062291027881
39,b,298.15,2,0.0,0.0,0.4691,0.4998,0.0,0.0,0.0,0.0311,0.0,0.0,0.05408828872708515,0.946177857221819,0.0,0.0,0.0,0.00001000190640674131,0.0,0.0,0.9151987075495882,0.01998562422095196,0.0,0.0,0.0,0.0645188351570412,0.5180505284787881,2,317.385924468619,906.1577734058569,617.771848937238,329.385924468619,278.5062291027881
39,ba,298.15,2,0.0,0.0,0.4696,0.4762,0.0,0.0,0.0231,0.0311,0.0,0.0,0.06583302854371459,0.910180618880182,0.0,0.0,0.02284948133671405,0.001438864160982841,0.0,0.0,0.8957722588470645,0.01813751911667155,0.0,0.0,0.02336442010407847,0.06240705123029642,0.5134981493660624,,,,,,
39,ba,298.15,2,0.0,0.0,0.4693,0.4667,0.0,0.0,0.0329,0.0311,0.0,0.0,0.07722262674008508,0.8908891194384349,0.0,0.0,0.03196856063281441,0.00001195693518691476,0.0,0.0,0.8814759892225642,0.02076615671728526,0.0,0.0,0.0338791866829205,0.06378167401932311,0.5124952016990089,,,,,,
39,ba,298.15,2,0.0,0.0,0.4375,0.379,0.0,0.0,0.1523,0.0312,0.0,0.0,0.1853183494957313,0.6546759883303024,0.0,0.0,0.149271340731266,0.01073435030464984,0.0,0.0,0.7212690994152747,0.0687937388288229,0.0,0.0,0.1557080192250539,0.05422911005374558,0.5294686115428964,,,,,,
39,ba,298.15,2,0.0,0.0,0.4387,0.3290999999999999,0.0,0.0,0.2016,0.0306,0.0,0.0,0.2555923211300476,0.5362319869660997,0.0,0.0,0.1968760677909555,0.01129965750765602,0.0,0.0,0.6157457122800494,0.1288253288626944,0.0,0.0,0.2061675416119874,0.04926138495607721,0.4915841878226573,,,,,,
39,b,298.15,2,0.0,0.0,0.4386,0.5001,0.0,0.0,0.0,0.0613,0.0,0.0,0.02962023952424117,0.9640862603549387,0.0,0.0,0.0,0.006293521384870946,0.0,0.0,0.874788587897594,0.005245409952133897,0.0,0.0,0.0,0.119965979471555,0.5160966909576077,2,317.385924468619,906.1577734058569,617.771848937238,329.385924468619,278.5062291027881
39,ba,298.15,2,0.0,0.0,0.4386,0.4916,0.0,0.0,0.0084,0.0614,0.0,0.0,0.02921968292078136,0.9535161972677215,0.0,0.0,0.009721118339197865,0.007317265309886713,0.0,0.0,0.8705662468889795,0.004199414806853079,0.0,0.0,0.007005994214008405,0.1184665343469845,0.5134224888868831,,,,,,
39,ba,298.15,2,0.0,0.0,0.4387,0.4479,0.0,0.0,0.052,0.0614,0.0,0.0,0.05228004050102598,0.8803156385105628,0.0,0.0,0.06017817036286592,0.007420115001137709,0.0,0.0,0.832386097843187,0.007353332606527479,0.0,0.0,0.0436680494925055,0.1163949084275563,0.5046571477530689,,,,,,
39,ba,298.15,2,0.0,0.0,0.4398,0.3966,0.0,0.0,0.1028,0.0608,0.0,0.0,0.102224296628533,0.7708384530069743,0.0,0.0,0.1207703081152224,0.006139579685246401,0.0,0.0,0.769100026922967,0.03153601162641437,0.0,0.0,0.08527023441836686,0.1141204188023635,0.493795188464239,,,,,,
39,ba,298.15,2,0.0,0.0,0.4393,0.2971,0.0,0.0,0.2029,0.0607,0.0,0.0,0.1765479985121749,0.5879003890733352,0.0,0.0,0.2238584511154663,0.01182402626076609,0.0,0.0,0.6711965948310235,0.04044878661326641,0.0,0.0,0.1844027348256592,0.1038363864594731,0.4688107811419802,,,,,,
40,aa,303.15,1,0.0,0.0,0.5257000000000001,0.4743,0.0,0.0,0.0,0.0,0.0,0.0,0.9937,0.006300000000000102,0.0,0.0,0.0,0.0,0.0,0.0,0.0578,0.9422,0.0,0.0,0.0,0.0,0.4999465754888343,,,,,,
40,aa,313.15,1,0.0,0.0,0.52577,0.47423,0.0,0.0,0.0,0.0,0.0,0.0,0.98884,0.01115999999999979,0.0,0.0,0.0,0.0,0.0,0.0,0.06974,0.93026,0.0,0.0,0.0,0.0,0.4961701664671961,,,,,,
40,aa,303.15,2,0.0,0.0,0.52578,0.47422,0.0,0.0,0.0,0.0,0.0,0.0,0.97642,0.02357999999999994,0.0,0.0,0.0,0.0,0.0,0.0,0.1199,0.8801000000000001,0.0,0.0,0.0,0.0,0.4738710129360669,,,,,,
40,aa,313.15,2,0.0,0.0,0.5257200000000001,0.47428,0.0,0.0,0.0,0.0,0.0,0.0,0.9422,0.05780000000000005,0.0,0.0,0.0,0.0,0.0,0.0,0.15773,0.8422700000000001,0.0,0.0,0.0,0.0,0.4690937830637246,,,,,,
40,a,313.15,2,0.0,0.0,0.47299,0.39671,0.0,0.0,0.1303,0.0,0.0,0.0,0.7212196173429414,0.1324068200204399,0.0,0.0,0.1463735832761823,0.0,0.0,0.0,0.1871431975190399,0.701066183163795,0.0,0.0,0.1117905955498432,0.0,0.5352170436118694,2,320.7467852687,916.2403558061,624.4935705374,332.7467852687,279.3627988909045
41,a,303.15,2,0.0,0.0,0.4943,0.4796,0.0,0.0,0.0,0.0261,0.0,0.0,0.08404479747081342,0.9156562037992461,0.0,0.0,0.0,0.0002195335600475993,0.0,0.0,0.9246722640852308,0.02216157011405293,0.0,0.0,0.0,0.05324952758350882,0.5119655033620687,2,319.6145037361505,912.8435112084516,622.229007472301,331.6145037361505,279.3627988909045
41,ab,303.15,2,0.0,0.0,0.4734,0.3565,0.0,0.0,0.1452,0.0249,0.0,0.0,0.2102350607821431,0.6463193017949767,0.0,0.0,0.135961819129272,0.007517157286283615,0.0,0.0,0.7035426424956147,0.1030476208207445,0.0,0.0,0.1532789612923388,0.04010161982105281,0.4665297089013497,,,,,,
41,a,303.15,2,0.0,0.0,0.4498,0.5003,0.0,0.0,0.0,0.0499,0.0,0.0,0.06449056308363507,0.9348768809154,0.0,0.0,0.0,0.0004690780987022485,0.0,0.0,0.8768288655962516,0.01866925158949106,0.0,0.0,0.0,0.1046830613073458,0.5256786049302647,2,319.6145037361505,912.8435112084516,622.229007472301,331.6145037361505,279.3627988909045
41,a,303.15,2,0.0,0.0,0.4271,0.4976,0.0,0.0,0.0,0.0753,0.0,0.0,0.06203930466104129,0.9472987893787114,0.0,0.0,0.0,0.00001014155415056743,0.0,0.0,0.8248911493648522,0.007582310944637883,0.0,0.0,0.0,0.1573401640304861,0.5214526937655906,2,319.6145037361505,912.8435112084516,622.229007472301,331.6145037361505,279.3627988909045
41,ab,303.15,2,0.0,0.0,0.4264,0.4739,0.0,0.0,0.0245,0.07519999999999999,0.0,0.0,0.06541761481338115,0.9138793612699848,0.0,0.0,0.02988083137691256,0.00001039021697216842,0.0,0.0,0.8074167167349529,0.00950201676997097,0.0,0.0,0.01882053532618844,0.1545625933777932,0.5135002397553114,,,,,,
41,ab,303.15,2,0.0,0.0,0.4502,0.3788,0.0,0.0,0.0915,0.0795,0.0,0.0,0.09862974919590255,0.7877094142889263,0.0,0.0,0.1169357131707126,0.00001531657146280816,0.0,0.0,0.7632615158101479,0.01467988240318137,0.0,0.0,0.06885035059785945,0.1502784444813371,0.4710300222406461,,,,,,
41,ab,303.15,2,0.0,0.0,0.4485,0.338,0.0,0.0,0.1343,0.07919999999999999,0.0,0.0,0.1243916024942781,0.7081252195781066,0.0,0.0,0.166429902052187,0.0007477432522627657,0.0,0.0,0.73117185263595,0.01519447465539933,0.0,0.0,0.1062778351687325,0.1476223084900556,0.465855394222128,,,,,,
41,ab,303.15,2,0.0,0.0,0.4321,0.3066,0.0,0.0,0.1851,0.0762,0.0,0.0,0.1490187846847786,0.6250427264691379,0.0,0.0,0.2207355572054373,0.005230969001567894,0.0,0.0,0.6864782074082397,0.02044576037230227,0.0,0.0,0.1530777086168759,0.1399731290886904,0.4732975116879194,,,,,,
41,aa,303.15,2,0.0,0.0,0.4059,0.505,0.0,0.0,0.0,0.0891,0.0,0.0,0.04632225502176288,0.9569072131416221,0.0,0.0,0.0,0.00001040052087257052,0.0,0.0,0.8029521952676013,0.005995949996837071,0.0,0.0,0.0,0.1874743336252353,0.5247640545900075,,,,,,
41,ab,303.15,2,0.0,0.0,0.415,0.4458,0.0,0.0,0.0481,0.0911,0.0,0.0,0.06802133502447079,0.8681675358115755,0.0,0.0,0.06452820778107,0.00001012880681763477,0.0,0.0,0.7762134141819742,0.006104897533437222,0.0,0.0,0.03099782738685194,0.1859268198951257,0.5100500624233042,,,,,,
41,ab,303.15,2,0.0,0.0,0.4107,0.4054,0.0,0.0,0.09380000000000001,0.0901,0.0,0.0,0.09071678635558615,0.7812798218856406,0.0,0.0,0.1270395381954276,0.001054809808576415,0.0,0.0,0.7504460413691553,0.006305059794473436,0.0,0.0,0.05850751890321071,0.1846448060413523,0.5149779834489339,,,,,,
41,ab,303.15,2,0.0,0.0,0.416,0.2964,0.0,0.0,0.1963,0.0913,0.0,0.0,0.1579164250859304,0.5795532308063098,0.0,0.0,0.2476511868981512,0.0136467888955876,0.0,0.0,0.6807186330195545,0.005967196521228678,0.0,0.0,0.1436286279293972,0.1709495937410324,0.5063456676394978,,,,,,
41,ac,303.15,2,0.0,0.0,0.4999,0.5001,0.0,0.0,0.0,0.0,0.0,0.0,0.9503,0.04970000000000008,0.0,0.0,0.0,0.0,0.0,0.0,0.1304,0.8695999999999999,0.0,0.0,0.0,0.0,0.4506647152091718,,,,,,
42,ab,298.15,2,0.0,0.0,0.504,0.489,0.0,0.0,0.006999999999999999,0.0,0.0,0.0,0.9404507851088831,0.05185261044929651,0.0,0.0,0.007677101010781845,0.0,0.0,0.0,0.1372410373042122,0.8563443343601499,0.0,0.0,0.006431017487360764,0.0,0.4566166729154019,,,,,,
42,ab,298.15,2,0.0,0.0,0.502,0.4862,0.0,0.0,0.0118,0.0,0.0,0.0,0.9339418189710478,0.05235008945552138,0.0,0.0,0.01370810448319283,0.0,0.0,0.0,0.1401336838324249,0.8496648510587614,0.0,0.0,0.0102014542934494,0.0,0.4558611837662539,,,,,,
42,ab,298.15,2,0.0,0.0,0.4996,0.4793,0.0,0.0,0.0211,0.0,0.0,0.0,0.9176978594988566,0.05768172422182127,0.0,0.0,0.02474829401350068,0.0,0.0,0.0,0.1495692431837926,0.8322780428320609,0.0,0.0,0.01804565498095506,0.0,0.4556929000971303,,,,,,
42,ab,298.15,2,0.0,0.0,0.5007,0.4477,0.0,0.0,0.0516,0.0,0.0,0.0,0.8273574658678454,0.1158439317194956,0.0,0.0,0.05679860212881056,0.0,0.0,0.0,0.1930412667253835,0.7602549796494784,0.0,0.0,0.04670375389247756,0.0,0.4850242413650215,,,,,,
42,ab,298.15,2,0.0,0.0,0.4688000000000001,0.5001,0.0,0.0,0.0,0.0311,0.0,0.0,0.04676402422215453,0.9535376142549581,0.0,0.0,0.0,0.0000116105205999153,0.0,0.0,0.9228941856393906,0.01221888085162139,0.0,0.0,0.0,0.06454988985232724,0.5182953465554064,,,,,,
42,ac,298.15,2,0.0,0.0,0.4688000000000001,0.4933,0.0,0.0,0.0069,0.031,0.0,0.0,0.05347575968717135,0.939791800430577,0.0,0.0,0.006418371780890142,0.0003876052082019164,0.0,0.0,0.9221326925122919,0.00594744402735442,0.0,0.0,0.007425704488605135,0.06441389210695302,0.5218777118809429,,,,,,
42,ac,298.15,2,0.0,0.0,0.4716,0.4448,0.0,0.0,0.0527,0.0309,0.0,0.0,0.07796805040598888,0.8725064637883312,0.0,0.0,0.04761857192697114,0.00190528835629385,0.0,0.0,0.8683093464231525,0.01374974636731528,0.0,0.0,0.0578211544485316,0.06012139099167635,0.5019468784211641,,,,,,
42,ac,298.15,2,0.0,0.0,0.4708,0.3979,0.0,0.0,0.1001,0.0312,0.0,0.0,0.1200794746481508,0.7846982792380479,0.0,0.0,0.0947626421272858,0.0005591494775670801,0.0,0.0,0.7979081518462697,0.03714304078883569,0.0,0.0,0.1050780185169778,0.05977794528944581,0.4825823439610257,,,,,,
42,ac,298.15,2,0.0,0.0,0.469,0.3487,0.0,0.0,0.1516,0.0307,0.0,0.0,0.1776140077228383,0.664217262844886,0.0,0.0,0.1495576974745846,0.008611117629895111,0.0,0.0,0.7424146857043565,0.05264234609267846,0.0,0.0,0.1535163429879928,0.0514265448266234,0.4840905763100083,,,,,,
42,ac,298.15,2,0.0,0.0,0.4688000000000001,0.2994,0.0,0.0,0.2003,0.0315,0.0,0.0,0.2418608224552655,0.5475392609730413,0.0,0.0,0.196295060188328,0.01430489368179947,0.0,0.0,0.6558119319177081,0.09491788685735691,0.0,0.0,0.2036003183474008,0.04566983214131544,0.451772993580237,,,,,,
42,ab,298.15,2,0.0,0.0,0.4395,0.4991,0.0,0.0,0.0,0.0614,0.0,0.0,0.05030084775935652,0.9512920389181387,0.0,0.0,0.0,0.00001006803278395296,0.0,0.0,0.8649395606627714,0.004801949079307861,0.0,0.0,0.0,0.1285062758870069,0.5222432397626705,,,,,,
42,ac,298.15,2,0.0,0.0,0.44,0.397,0.0,0.0,0.1021,0.0609,0.0,0.0,0.101417443841054,0.7711499134466544,0.0,0.0,0.119372773360381,0.00791823445641365,0.0,0.0,0.7872542407559093,0.01326746044821523,0.0,0.0,0.08438484105308648,0.1152387201528148,0.5063219738544007,,,,,,
42,ac,298.15,2,0.0,0.0,0.4439,0.2931,0.0,0.0,0.2022,0.0608,0.0,0.0,0.1786767468265048,0.5880893809018853,0.0,0.0,0.2243788548586194,0.008708319464050552,0.0,0.0,0.6692609281085344,0.04244671124509689,0.0,0.0,0.1833545659910394,0.1050624443062521,0.4593725943621034,,,,,,
42,a,298.15,2,0.0,0.0,0.5001,0.4999,0.0,0.0,0.0,0.0,0.0,0.0,0.9445,0.05549999999999995,0.0,0.0,0.0,0.0,0.0,0.0,0.1355,0.8645,0.0,0.0,0.0,0.0,0.4506798516687268,2,318.9269874949896,910.7809624849685,620.8539749899792,330.9269874949895,278.5037174805497
42,b,298.15,2,0.0,0.0,0.5013000000000001,0.487,0.0,0.0,0.0117,0.0,0.0,0.0,0.9296478848887361,0.05684805348511927,0.0,0.0,0.01350408825666374,0.0,0.0,0.0,0.1417586668443091,0.8480556040206625,0.0,0.0,0.01018570678223404,0.0,0.4563348817592494,2,317.4955704652006,906.4867113956017,617.9911409304011,329.4955704652006,278.5037174805497
42,b,298.15,2,0.0,0.0,0.5015999999999999,0.4772999999999999,0.0,0.0,0.0211,0.0,0.0,0.0,0.9142916548396248,0.06107119416383318,0.0,0.0,0.02463718426950515,0.0,0.0,0.0,0.1487610128655024,0.8331631451476915,0.0,0.0,0.01807581353942017,0.0,0.4609077256850349,2,317.4955704652006,906.4867113956017,617.9911409304011,329.4955704652006,278.5037174805497
42,b,298.15,2,0.0,0.0,0.4993,0.4488,0.0,0.0,0.0519,0.0,0.0,0.0,0.8236815636418243,0.1174987180184404,0.0,0.0,0.05881979277046172,0.0,0.0,0.0,0.2096776947862186,0.7446005378928652,0.0,0.0,0.04572170086584915,0.0,0.4716945933151627,2,317.4955704652006,906.4867113956017,617.9911409304011,329.4955704652006,278.5037174805497
42,b,298.15,2,0.0,0.0,0.4965,0.4014,0.0,0.0,0.1021,0.0,0.0,0.0,0.6221060536754179,0.2693737784963102,0.0,0.0,0.1085201590606378,0.0,0.0,0.0,0.3387984954556861,0.5671621839169961,0.0,0.0,0.0940393316352989,0.0,0.5566441839225532,2,317.4955704652006,906.4867113956017,617.9911409304011,329.4955704652006,278.5037174805497
42,b,298.15,2,0.0,0.0,0.4691,0.4998,0.0,0.0,0.0,0.0311,0.0,0.0,0.0723533521035134,0.9241066736345601,0.0,0.0,0.0,0.003379191287462022,0.0,0.0,0.9207796275420383,0.01674442454152225,0.0,0.0,0.0,0.06265899267411082,0.532373454969413,2,317.4955704652006,906.4867113956017,617.9911409304011,329.4955704652006,278.5037174805497
42,ba,298.15,2,0.0,0.0,0.4689,0.4929,0.0,0.0,0.0071,0.0311,0.0,0.0,0.07454946579398063,0.9126044525534767,0.0,0.0,0.007194389550635569,0.005651724643639529,0.0,0.0,0.9183069017689433,0.01459944929718494,0.0,0.0,0.006992432463427746,0.06010117938547056,0.5326257080622384,,,,,,
42,ba,298.15,2,0.0,0.0,0.469,0.4884000000000001,0.0,0.0,0.0115,0.0311,0.0,0.0,0.07513231917958761,0.9111946985432109,0.0,0.0,0.01131199081975929,0.002301450774855049,0.0,0.0,0.9081909253485642,0.0169533595981286,0.0,0.0,0.0117096438216813,0.06321246339517404,0.5272029147724563,,,,,,
42,ba,298.15,2,0.0,0.0,0.4692,0.4762,0.0,0.0,0.0234,0.0312,0.0,0.0,0.08543411242501166,0.886889646797444,0.0,0.0,0.0230916447534861,0.004584614256068068,0.0,0.0,0.8978374618713363,0.01749073604622003,0.0,0.0,0.02374440948114389,0.06092737223752417,0.5276165616051,,,,,,
42,ba,298.15,2,0.0,0.0,0.4689,0.4696,0.0,0.0,0.0305,0.031,0.0,0.0,0.08831645483720751,0.8806256276615357,0.0,0.0,0.02882985365708987,0.002209573246214059,0.0,0.0,0.8881188592687652,0.01684870019066982,0.0,0.0,0.03233969289683083,0.06271311533298274,0.5241530369825732,,,,,,
42,ba,298.15,2,0.0,0.0,0.4686999999999999,0.3478,0.0,0.0,0.1523,0.0312,0.0,0.0,0.1877193961396953,0.6567054299668865,0.0,0.0,0.1488092074244206,0.006765999835292108,0.0,0.0,0.72003507725227,0.0714863718074544,0.0,0.0,0.1554224882059513,0.05305603288841967,0.4721541862658701,,,,,,
42,b,298.15,2,0.0,0.0,0.4385,0.5001,0.0,0.0,0.0,0.0614,0.0,0.0,0.04645885025000965,0.9459039908279828,0.0,0.0,0.0,0.007637179423250531,0.0,0.0,0.8726779512172468,0.006380747555197981,0.0,0.0,0.0,0.120941278522827,0.5254997744653493,2,317.4955704652006,906.4867113956017,617.9911409304011,329.4955704652006,278.5037174805497
42,ba,298.15,2,0.0,0.0,0.4431,0.4439,0.0,0.0,0.0519,0.0611,0.0,0.0,0.05700717187637585,0.8851545533692028,0.0,0.0,0.05539917313439142,0.001760726456899203,0.0,0.0,0.8261114330575452,0.006167085740864767,0.0,0.0,0.04842875365949405,0.1199656886137742,0.4979967637538852,,,,,,
42,ba,298.15,2,0.0,0.0,0.4406,0.3958,0.0,0.0,0.1028,0.0608,0.0,0.0,0.1006832324759997,0.7693150949483538,0.0,0.0,0.1203599595684507,0.009667822479253256,0.0,0.0,0.7897542511175222,0.01213436265077879,0.0,0.0,0.08476283585115146,0.1133217313647347,0.5067028530758216,,,,,,
42,ba,298.15,2,0.0,0.0,0.4346,0.3018,0.0,0.0,0.2029,0.0607,0.0,0.0,0.1723019355731287,0.5858010831505865,0.0,0.0,0.2235622523968689,0.01833476079888541,0.0,0.0,0.6782388298038663,0.03800205046869238,0.0,0.0,0.1837076090607646,0.1000514810178791,0.4815597213449162,,,,,,
43,a,303.15,1,0.0,0.0,0.4731,0.3966,0.0,0.0,0.1303,0.0,0.0,0.0,0.8423031795926101,0.02573634748407743,0.0,0.0,0.1322671451704411,0.0,0.0,0.0,0.1395186368720499,0.7316816287047709,0.0,0.0,0.1285226508229144,0.0,0.4746566591186228,2,320.2016348861943,914.6049046585829,623.4032697723885,332.2016348861943,279.3627988909045
43,aa,313.15,1,0.0,0.0,0.5257999999999999,0.4742,0.0,0.0,0.0,0.0,0.0,0.0,0.9885999999999999,0.01139999999999992,0.0,0.0,0.0,0.0,0.0,0.0,0.0636,0.9364,0.0,0.0,0.0,0.0,0.4996756756756756,,,,,,
43,aa,303.15,2,0.0,0.0,0.5402,0.4598,0.0,0.0,0.0,0.0,0.0,0.0,0.9420000000000001,0.05799999999999983,0.0,0.0,0.0,0.0,0.0,0.0,0.1488,0.8512000000000001,0.0,0.0,0.0,0.0,0.4934442763489662,,,,,,
43,a,303.15,2,0.0,0.0,0.4885,0.4183,0.0,0.0,0.0932,0.0,0.0,0.0,0.765577677382588,0.1297204145965119,0.0,0.0,0.104701931500397,0.0,0.0,0.0,0.2047888628979696,0.7137884099385812,0.0,0.0,0.0814227031218345,0.0,0.5059144008832797,2,320.2016348861943,914.6049046585829,623.4032697723885,332.2016348861943,279.3627988909045
43,aa,313.15,2,0.0,0.0,0.5418999999999999,0.4581,0.0,0.0,0.0,0.0,0.0,0.0,0.9349999999999999,0.06499999999999997,0.0,0.0,0.0,0.0,0.0,0.0,0.13,0.87,0.0,0.0,0.0,0.0,0.5116770186335403,,,,,,
44,a,283.15,2,0.0,0.0,0.5,0.4501,0.0,0.0,0.0499,0.0,0.0,0.0,0.8691943509067088,0.07181729694271512,0.0,0.0,0.05898842699769503,0.0,0.0,0.0,0.1573833101028483,0.8011507873387911,0.0,0.0,0.04146583309935581,0.0,0.4813309575954718,2,320.7867553145925,916.3602659437773,624.573510629185,332.7867553145925,275.9897725116897
44,a,283.15,2,0.0,0.0,0.5,0.47,0.0,0.0,0.03,0.0,0.0,0.0,0.905801083240572,0.05809967568733795,0.0,0.0,0.03606115925911364,0.0,0.0,0.0,0.1393577800781643,0.8360627176260594,0.0,0.0,0.02461334624084616,0.0,0.4705399844108448,2,320.7867553145925,916.3602659437773,624.573510629185,332.7867553145925,275.9897725116897
44,a,283.15,2,0.0,0.0,0.5001,0.4799,0.0,0.0,0.02,0.0,0.0,0.0,0.9232268117067262,0.05283577320150497,0.0,0.0,0.02393739961661595,0.0,0.0,0.0,0.1299354174178035,0.8535091565812265,0.0,0.0,0.01655543953911825,0.0,0.4666186791475262,2,320.7867553145925,916.3602659437773,624.573510629185,332.7867553145925,275.9897725116897
44,a,283.15,2,0.0,0.0,0.4999,0.4903,0.0,0.0,0.0098,0.0,0.0,0.0,0.9402820902637126,0.04778764811402797,0.0,0.0,0.01193028942014056,0.0,0.0,0.0,0.1208804612491245,0.8711529711164014,0.0,0.0,0.007966543709931441,0.0,0.4625564867459248,2,320.7867553145925,916.3602659437773,624.573510629185,332.7867553145925,275.9897725116897
44,ab,283.15,2,0.0,0.0,0.4799,0.4496,0.0,0.0,0.05,0.0205,0.0,0.0,0.09884729397639792,0.853931320936706,0.0,0.0,0.04516212338651829,0.002059297264096681,0.0,0.0,0.8818570420971735,0.02308729133314507,0.0,0.0,0.05510327979002923,0.03995234926492777,0.5133487074226993,,,,,,
44,ab,283.15,2,0.0,0.0,0.48,0.4594,0.0,0.0,0.04,0.0206,0.0,0.0,0.09309280720336453,0.8690214456640598,0.0,0.0,0.03616155602403827,0.001692878591021563,0.0,0.0,0.8953213816855957,0.01969624688143578,0.0,0.0,0.0441203365698531,0.04089564694963334,0.5177095342853495,,,,,,
44,ab,283.15,2,0.0,0.0,0.4799,0.4694,0.0,0.0,0.0301,0.0206,0.0,0.0,0.08828934024599966,0.8830812455759076,0.0,0.0,0.02705398562641853,0.00150067584429724,0.0,0.0,0.9070112608263434,0.01821739304765374,0.0,0.0,0.03342214409182015,0.0414307312834579,0.5216804999230867,,,,,,
44,ab,283.15,2,0.0,0.0,0.472,0.4496,0.0,0.0,0.05,0.0284,0.0,0.0,0.09026167960119005,0.8596424660819022,0.0,0.0,0.04749057593534921,0.002605302378360129,0.0,0.0,0.8777092372569762,0.0138092835132182,0.0,0.0,0.05266700110735581,0.05581445261879051,0.5152206433464135,,,,,,
44,ab,283.15,2,0.0,0.0,0.4721,0.4593,0.0,0.0,0.0401,0.0285,0.0,0.0,0.08452355155953686,0.8751551586537748,0.0,0.0,0.03803556422753224,0.002285742393855494,0.0,0.0,0.8878557594638556,0.01320948544794985,0.0,0.0,0.04231453358660035,0.05662020344290335,0.5175390148347873,,,,,,
44,ab,283.15,2,0.0,0.0,0.472,0.4695,0.0,0.0,0.03,0.0285,0.0,0.0,0.0778175688915015,0.8914536121465383,0.0,0.0,0.02846331183048332,0.002265536590380427,0.0,0.0,0.8996101398314466,0.01176360980887687,0.0,0.0,0.03166700337505273,0.05695921502752773,0.520338288459285,,,,,,
44,ab,283.15,2,0.0,0.0,0.4721,0.4794,0.0,0.0,0.02,0.0285,0.0,0.0,0.0736672845156715,0.9064227484553425,0.0,0.0,0.01867361335760583,0.00123637791833178,0.0,0.0,0.9094422063350749,0.01067576198728884,0.0,0.0,0.02145591674100581,0.05842608832180959,0.5232774936379068,,,,,,
44,a,290.15,2,0.0,0.0,0.5,0.4499,0.0,0.0,0.0501,0.0,0.0,0.0,0.853182999818854,0.0883097407721066,0.0,0.0,0.05850733433046944,0.0,0.0,0.0,0.1772742318508805,0.780308015743717,0.0,0.0,0.04241768394492704,0.0,0.4774694210867392,2,320.7867553145925,916.3602659437773,624.573510629185,332.7867553145925,275.9897725116897
44,a,290.15,2,0.0,0.0,0.4997,0.48,0.0,0.0,0.0203,0.0,0.0,0.0,0.912104588829027,0.0634547010342655,0.0,0.0,0.02444070259997407,0.0,0.0,0.0,0.1496274412040815,0.8335874299492807,0.0,0.0,0.01678513524424729,0.0,0.4591253126554234,2,320.7867553145925,916.3602659437773,624.573510629185,332.7867553145925,275.9897725116897
44,a,290.15,2,0.0,0.0,0.4997,0.4901,0.0,0.0,0.0102,0.0,0.0,0.0,0.9307095245967828,0.05695432005729114,0.0,0.0,0.01233618376245564,0.0,0.0,0.0,0.1385091718262297,0.8530809503740272,0.0,0.0,0.00840985398637181,0.0,0.4559336876215491,2,320.7867553145925,916.3602659437773,624.573510629185,332.7867553145925,275.9897725116897
44,ab,290.15,2,0.0,0.0,0.4802,0.4492,0.0,0.0,0.0501,0.0205,0.0,0.0,0.1129945945629001,0.8392219080781276,0.0,0.0,0.04563427169364331,0.002149254283160319,0.0,0.0,0.8769112504182219,0.02783888561226969,0.0,0.0,0.05492456040736654,0.04032527264479855,0.519312214725889,,,,,,
44,ab,290.15,2,0.0,0.0,0.4804,0.4591,0.0,0.0,0.0399,0.0206,0.0,0.0,0.1062174218786598,0.8557271853181743,0.0,0.0,0.03598093699907556,0.002074485362532203,0.0,0.0,0.891058789925682,0.02380864893775904,0.0,0.0,0.04420110262664406,0.04093142607004546,0.5232379518265635,,,,,,
44,ab,290.15,2,0.0,0.0,0.4802,0.4692,0.0,0.0,0.03,0.0206,0.0,0.0,0.09930487934205802,0.871581839682887,0.0,0.0,0.02726397314094568,0.001849333978502361,0.0,0.0,0.903528338970689,0.0219912367827416,0.0,0.0,0.03304083103932118,0.04143956415026664,0.5263814850242876,,,,,,
44,ab,290.15,2,0.0,0.0,0.48,0.4793,0.0,0.0,0.0201,0.0206,0.0,0.0,0.09199985589101782,0.8882202489388071,0.0,0.0,0.0181697320967494,0.001610191111739846,0.0,0.0,0.91573442472044,0.02007174420367608,0.0,0.0,0.02226774191234059,0.04192605767577492,0.5289743094546167,,,,,,
44,ab,290.15,2,0.0,0.0,0.4799,0.4896,0.0,0.0,0.009899999999999999,0.0206,0.0,0.0,0.08647087625749938,0.9032342423799204,0.0,0.0,0.008866912752743168,0.001474121645783388,0.0,0.0,0.9279631424673235,0.01852593026707644,0.0,0.0,0.01107654817733263,0.04238181695427017,0.5324625792289813,,,,,,
44,ab,290.15,2,0.0,0.0,0.4725,0.4493,0.0,0.0,0.04969999999999999,0.0285,0.0,0.0,0.1002470576498932,0.8490521577036729,0.0,0.0,0.04746400755505643,0.003236800315504061,0.0,0.0,0.8740323185808305,0.01810552850142006,0.0,0.0,0.05211186335581197,0.05575026451112819,0.5189195747897148,,,,,,
44,ab,290.15,2,0.0,0.0,0.4722,0.4693,0.0,0.0,0.03,0.0285,0.0,0.0,0.08725477363592826,0.8816785732597718,0.0,0.0,0.02838072089312554,0.002685956753442392,0.0,0.0,0.8962113262192559,0.01507125841038854,0.0,0.0,0.03178361136754456,0.05693377696987515,0.5241459814686155,,,,,,
44,ab,290.15,2,0.0,0.0,0.4719,0.4796,0.0,0.0,0.02,0.0285,0.0,0.0,0.0811921553945494,0.8979243078778916,0.0,0.0,0.01881748962601734,0.002066075703425851,0.0,0.0,0.9074657983729046,0.01324703664031659,0.0,0.0,0.02131827676930348,0.05796885633175131,0.5271447323466356,,,,,,
44,ab,290.15,2,0.0,0.0,0.4722,0.4895,0.0,0.0,0.0098,0.0285,0.0,0.0,0.07658460738177839,0.9125548702195855,0.0,0.0,0.009141352683246057,0.001773960401233465,0.0,0.0,0.9184990834992824,0.01224607011786802,0.0,0.0,0.0105430289602008,0.05865000730774309,0.5301002609640287,,,,,,
45,aa,303.15,2,0.0,0.0,0.4734,0.3565,0.0,0.0,0.1452,0.0249,0.0,0.0,0.2102350607821431,0.6463193017949767,0.0,0.0,0.135961819129272,0.007517157286283615,0.0,0.0,0.7035426424956147,0.1030476208207445,0.0,0.0,0.1532789612923388,0.04010161982105281,0.4665297089013497,,,,,,
45,a,303.15,2,0.0,0.0,0.4271,0.4976,0.0,0.0,0.0,0.0753,0.0,0.0,0.06203930466104129,0.9472987893787114,0.0,0.0,0.0,0.00001014155415056743,0.0,0.0,0.8248911493648522,0.007582310944637883,0.0,0.0,0.0,0.1573401640304861,0.5214526937655906,2,319.6287993784065,912.8863981352196,622.2575987568131,331.6287993784065,279.3627988909045
45,aa,303.15,2,0.0,0.0,0.4264,0.4739,0.0,0.0,0.0245,0.07519999999999999,0.0,0.0,0.06541761481338115,0.9138793612699848,0.0,0.0,0.02988083137691256,0.00001039021697216842,0.0,0.0,0.8074167167349529,0.00950201676997097,0.0,0.0,0.01882053532618844,0.1545625933777932,0.5135002397553114,,,,,,
45,aa,303.15,2,0.0,0.0,0.4502,0.3788,0.0,0.0,0.0915,0.0795,0.0,0.0,0.09862974919590255,0.7877094142889263,0.0,0.0,0.1169357131707126,0.00001531657146280816,0.0,0.0,0.7632615158101479,0.01467988240318137,0.0,0.0,0.06885035059785945,0.1502784444813371,0.4710300222406461,,,,,,
45,aa,303.15,2,0.0,0.0,0.4485,0.338,0.0,0.0,0.1343,0.07919999999999999,0.0,0.0,0.1243916024942781,0.7081252195781066,0.0,0.0,0.166429902052187,0.0007477432522627657,0.0,0.0,0.73117185263595,0.01519447465539933,0.0,0.0,0.1062778351687325,0.1476223084900556,0.465855394222128,,,,,,
45,aa,303.15,2,0.0,0.0,0.4321,0.3066,0.0,0.0,0.1851,0.0762,0.0,0.0,0.1490187846847786,0.6250427264691379,0.0,0.0,0.2207355572054373,0.005230969001567894,0.0,0.0,0.6864782074082397,0.02044576037230227,0.0,0.0,0.1530777086168759,0.1399731290886904,0.4732975116879194,,,,,,
45,a,303.15,2,0.0,0.0,0.4059,0.505,0.0,0.0,0.0,0.0891,0.0,0.0,0.04632225502176288,0.9569072131416221,0.0,0.0,0.0,0.00001040052087257052,0.0,0.0,0.8029521952676013,0.005995949996837071,0.0,0.0,0.0,0.1874743336252353,0.5247640545900075,2,319.6287993784065,912.8863981352196,622.2575987568131,331.6287993784065,279.3627988909045
45,aa,303.15,2,0.0,0.0,0.4079,0.4779,0.0,0.0,0.0247,0.0895,0.0,0.0,0.05858790024311472,0.9080133872738168,0.0,0.0,0.03433189202646964,0.00001007531986568676,0.0,0.0,0.7923238271083828,0.004553000163955786,0.0,0.0,0.01409994120533699,0.1879851637178367,0.5239266785677955,,,,,,
45,aa,303.15,2,0.0,0.0,0.415,0.4458,0.0,0.0,0.0481,0.0911,0.0,0.0,0.06802133502447079,0.8681675358115755,0.0,0.0,0.06452820778107,0.00001012880681763477,0.0,0.0,0.7762134141819742,0.006104897533437222,0.0,0.0,0.03099782738685194,0.1859268198951257,0.5100500624233042,,,,,,
45,aa,303.15,2,0.0,0.0,0.4097,0.3552,0.0,0.0,0.1451,0.09,0.0,0.0,0.1221641467099193,0.680531388949035,0.0,0.0,0.1939189914326475,0.004116905565285865,0.0,0.0,0.7174828986678361,0.006960165653674058,0.0,0.0,0.09284338392498875,0.1819306147362866,0.517005213854902,,,,,,
45,aa,303.15,2,0.0,0.0,0.416,0.2964,0.0,0.0,0.1963,0.0913,0.0,0.0,0.1579164250859304,0.5795532308063098,0.0,0.0,0.2476511868981512,0.0136467888955876,0.0,0.0,0.6807186330195545,0.005967196521228678,0.0,0.0,0.1436286279293972,0.1709495937410324,0.5063456676394978,,,,,,
46,a,303.2,1,0.0,0.0,0.5001,0.4944,0.0,0.0,0.0055,0.0,0.0,0.0,0.7099575962840364,0.2838668873599534,0.0,0.0,0.006175541837177918,0.0,0.0,0.0,0.3351913168305301,0.6598395122397616,0.0,0.0,0.004969150906293073,0.0,0.4400307397184825,1,232.0844823244031,692.2534469732093,475.1689646488063,258.0844823244031,200.0
46,a,303.2,1,0.0,0.0,0.5,0.4875,0.0,0.0,0.0125,0.0,0.0,0.0,0.6264607386815729,0.3599385412339617,0.0,0.0,0.01360074399349359,0.0,0.0,0.0,0.4022553999784015,0.5860953735147274,0.0,0.0,0.01164920802699783,0.0,0.4359601809081089,1,232.0844823244031,692.2534469732093,475.1689646488063,258.0844823244031,200.0
46,a,303.2,1,0.0,0.0,0.5001,0.4944,0.0,0.0,0.0055,0.0,0.0,0.0,0.7099575962840364,0.2838668873599534,0.0,0.0,0.006175541837177918,0.0,0.0,0.0,0.3351913168305301,0.6598395122397616,0.0,0.0,0.004969150906293073,0.0,0.4400307397184825,1,232.0844823244031,692.2534469732093,475.1689646488063,258.0844823244031,200.0
46,a,303.2,1,0.0,0.0,0.5,0.4875,0.0,0.0,0.0125,0.0,0.0,0.0,0.6264607386815729,0.3599385412339617,0.0,0.0,0.01360074399349359,0.0,0.0,0.0,0.4022553999784015,0.5860953735147274,0.0,0.0,0.01164920802699783,0.0,0.4359601809081089,1,232.0844823244031,692.2534469732093,475.1689646488063,258.0844823244031,200.0
46,a,303.2,1,0.0,0.0,0.4721,0.5,0.0,0.0,0.0,0.0279,0.0,0.0,0.104224098147604,0.8963763416982871,0.0,0.0,0.0,9.99815280682296e-6,0.0,0.0,0.889525821532578,0.05023495902737217,0.0,0.0,0.0,0.05954656036176267,0.531548332446414,1,232.0844823244031,692.2534469732093,475.1689646488063,258.0844823244031,200.0
46,ab,303.2,1,0.0,0.0,0.4721,0.4893,0.0,0.0,0.0107,0.0279,0.0,0.0,0.1204660993718803,0.8659805213682061,0.0,0.0,0.009000119798893872,0.004553286488497414,0.0,0.0,0.8846103758933586,0.04740681739234138,0.0,0.0,0.01269417126585175,0.05528860374184959,0.5398331029464485,,,,,,
46,ab,303.2,1,0.0,0.0,0.4722,0.4394,0.0,0.0,0.0605,0.0279,0.0,0.0,0.1721121834801984,0.7674407608901291,0.0,0.0,0.051568041739919,0.00922197251808668,0.0,0.0,0.7876509744893362,0.0945650150442336,0.0,0.0,0.06988923469108818,0.04753425919465601,0.5124794393090545,,,,,,
46,ab,303.2,1,0.0,0.0,0.4728,0.4189,0.0,0.0,0.0804,0.0279,0.0,0.0,0.209880879439666,0.7086616917641277,0.0,0.0,0.07004979632808259,0.01140765888472883,0.0,0.0,0.7711300856231734,0.0901120817608215,0.0,0.0,0.09214420917383158,0.0466135934676777,0.5315465613783527,,,,,,
46,ab,303.2,1,0.0,0.0,0.4482,0.489,0.0,0.0,0.0105,0.0523,0.0,0.0,0.06842363732972409,0.9098001624906482,0.0,0.0,0.009700433492926345,0.01204899420944632,0.0,0.0,0.874658336611209,0.01647523284567581,0.0,0.0,0.01139784893461816,0.0974986449490295,0.5289506107728531,,,,,,
46,ab,303.2,1,0.0,0.0,0.4477,0.4795,0.0,0.0,0.0205,0.0523,0.0,0.0,0.08591120585323164,0.898534664468768,0.0,0.0,0.01840431851995688,0.00001000138129433046,0.0,0.0,0.8394090604393314,0.02581078306979202,0.0,0.0,0.0227689962674598,0.1089144296359768,0.5198542478325956,,,,,,
46,ab,303.2,1,0.0,0.0,0.4477,0.4695,0.0,0.0,0.0305,0.0523,0.0,0.0,0.07821870843674517,0.883156483427635,0.0,0.0,0.02744114119734119,0.01123377741843123,0.0,0.0,0.8472431020242663,0.02218751534925232,0.0,0.0,0.03380773428201926,0.096707460765439,0.5195454206080332,,,,,,
46,ab,303.2,1,0.0,0.0,0.4477,0.4396,0.0,0.0,0.0605,0.0522,0.0,0.0,0.1057883903120882,0.8382099886890578,0.0,0.0,0.0548391969031118,0.001165219290128714,0.0,0.0,0.7882100827547364,0.04262395008093716,0.0,0.0,0.06613759894769031,0.1030255844800069,0.4989731225218245,,,,,,
46,ab,303.2,1,0.0,0.0,0.4478,0.4096,0.0,0.0,0.0904,0.0522,0.0,0.0,0.1238565323421547,0.7862457523085323,0.0,0.0,0.0820124022496432,0.00788976622528489,0.0,0.0,0.7507601007012809,0.05735139355911885,0.0,0.0,0.09824429294858908,0.09364004811562954,0.4832642785783731,,,,,,
46,ab,303.2,1,0.0,0.0,0.4477,0.3796,0.0,0.0,0.1204,0.0523,0.0,0.0,0.1573274784417766,0.7238697052574696,0.0,0.0,0.1099744252740406,0.008601987244937407,0.0,0.0,0.6990143392992435,0.0816382195490287,0.0,0.0,0.129423224408457,0.09012016681639227,0.4639476373885528,,,,,,
46,a,303.2,1,0.0,0.0,0.3986,0.4999,0.0,0.0,0.0,0.1015,0.0,0.0,0.04739393909499412,0.9415785450681013,0.0,0.0,0.0,0.01102753579811406,0.0,0.0,0.7929325151922767,0.003985404635773892,0.0,0.0,0.0,0.2030820577595971,0.5289230199951742,1,232.0844823244031,692.2534469732093,475.1689646488063,258.0844823244031,200.0
46,ab,303.2,1,0.0,0.0,0.3986,0.4945,0.0,0.0,0.0055,0.1014,0.0,0.0,0.05050161297189196,0.9412516755629838,0.0,0.0,0.005881549509138138,0.001993831337974288,0.0,0.0,0.7790091550073324,0.006280480082196742,0.0,0.0,0.005083034763234966,0.2100331279673068,0.5221760010122534,,,,,,
46,ab,303.2,1,0.0,0.0,0.3983,0.4898,0.0,0.0,0.0105,0.1014,0.0,0.0,0.05447393065654783,0.9245103156128908,0.0,0.0,0.01121895652690841,0.009599033609771537,0.0,0.0,0.7826112124539354,0.003903020813873742,0.0,0.0,0.009696387129441777,0.2040104296432214,0.5278004877119784,,,,,,
46,ab,303.2,1,0.0,0.0,0.3985,0.4695,0.0,0.0,0.0305,0.1015,0.0,0.0,0.05629443952556219,0.9022249247026998,0.0,0.0,0.03274071983153927,0.00877032827929055,0.0,0.0,0.7620864919571638,0.009738512965849464,0.0,0.0,0.02811928046441236,0.2000234021169292,0.5151467641276664,,,,,,
46,ab,303.2,1,0.0,0.0,0.3988,0.4392,0.0,0.0,0.0603,0.1017,0.0,0.0,0.08699864672600877,0.844517799887977,0.0,0.0,0.06478558208965318,0.003614667912840527,0.0,0.0,0.72688488186442,0.01271486419964187,0.0,0.0,0.05558016265957696,0.2049077450997145,0.5127237684577686,,,,,,
46,ab,303.2,1,0.0,0.0,0.3985,0.3501,0.0,0.0,0.15,0.1014,0.0,0.0,0.1361113369469142,0.6899917563361059,0.0,0.0,0.1561069705507225,0.01778996829921391,0.0,0.0,0.6424088628609739,0.0341465177911054,0.0,0.0,0.1443231379541317,0.1791214515239281,0.4817500587636204,,,,,,
46,a,303.2,1,0.0,0.0,0.3513,0.5001,0.0,0.0,0.0,0.1486,0.0,0.0,0.03478205474235498,0.9550203226858974,0.0,0.0,0.0,0.01030486915186679,0.0,0.0,0.6991851694747125,0.0000966481323800983,0.0,0.0,0.0,0.3006003075764575,0.5236055668023947,1,232.0844823244031,692.2534469732093,475.1689646488063,258.0844823244031,200.0
46,ab,303.2,1,0.0,0.0,0.3514,0.4695,0.0,0.0,0.0305,0.1486,0.0,0.0,0.04526419178199766,0.8947553657925157,0.0,0.0,0.04115543913531915,0.0181363861922686,0.0,0.0,0.6893797461988884,0.00001000000000000089,0.0,0.0,0.01873619283364482,0.2926343073213019,0.5247191189240213,,,,,,
46,ab,303.2,1,0.0,0.0,0.3537,0.397,0.0,0.0,0.0997,0.1496,0.0,0.0,0.0838293853651242,0.7623808066507607,0.0,0.0,0.1324122363822594,0.02133665644009512,0.0,0.0,0.6465349286303511,0.0005275549239131052,0.0,0.0,0.06420415537349815,0.2887777578602699,0.5204052672577381,,,,,,
46,ab,303.2,1,0.0,0.0,0.3514,0.3498,0.0,0.0,0.1502,0.1486,0.0,0.0,0.1148248541686364,0.6682302838239207,0.0,0.0,0.1935530184599852,0.02339187117240802,0.0,0.0,0.6065067291629658,0.006426194238254418,0.0,0.0,0.1034510200942576,0.2836160267156334,0.5188450950442458,,,,,,
49,a,303.2,2,0.0417,0.0,0.47,0.446,0.0104,0.0126,0.0189,0.0,0.03152745487335019,0.0,0.7872090012818362,0.1316480266191391,0.009035997325213343,0.01857002803868777,0.02233494555782216,0.0,0.04917663798874056,0.0,0.2368570805214698,0.6770430552780399,0.01140251747110335,0.008212136601786747,0.01637537670001698,0.0,0.4236251581650152,2,319.5861442405504,912.7584327216514,615.3322543893041,328.1661271946521,277.5861442405504
50,a,303.2,2,0.0,0.0,0.503,0.448,0.006,0.0,0.042,0.0,0.0,0.0,0.8426199748228865,0.09148582811058148,0.004980433590353086,0.0,0.05993414849855035,0.0,0.0,0.0,0.1767635170040669,0.7904649260870672,0.006979388093522659,0.0,0.02477258711079916,0.0,0.4899501674348895,2,319.1967369605306,911.5902108815919,621.3934739210612,331.1967369605306,172.0
50,b,303.2,2,0.0,0.0,0.501,0.443,0.005,0.051,0.0,0.0,0.0,0.0,0.8161668570838387,0.09942920454092309,0.00401527173534524,0.07962599761195849,0.0,0.0,0.0,0.0,0.1757780337043918,0.7975321062462595,0.006016145115832059,0.02146071621655958,0.0,0.0,0.5078507844333594,2,321.1285195312336,917.3855585937008,467.0,254.0,279.1285195312336
51,a,303.15,2,0.2999,0.3016,0.3986,0.0,0.0,0.0,0.0,0.0,0.8289773419425357,0.01435901721154379,0.1567255823052397,0.0,0.0,0.0,0.0,0.0,0.02734867997395328,0.4495706326812909,0.5232002929953451,0.0,0.0,0.0,0.0,0.0,0.339996974854585,2,319.61128475308,912.8338542592401,622.2225695061601,331.61128475308,277.61128475308
51,a,303.15,2,0.3491,0.3524,0.2985,0.0,0.0,0.0,0.0,0.0,0.866381813526689,0.007128252001128629,0.1264829782378768,0.0,0.0,0.0,0.0,0.0,0.02218475415016493,0.5706071656695304,0.4072124764281308,0.0,0.0,0.0,0.0,0.0,0.3872499225373707,2,319.61128475308,912.8338542592401,622.2225695061601,331.61128475308,277.61128475308
51,a,303.15,2,0.3972,0.3993,0.2035,0.0,0.0,0.0,0.0,0.0,0.901988802023905,0.005438304193315086,0.09257487476953291,0.0,0.0,0.0,0.0,0.0,0.01821387436092849,0.6950040994826611,0.2867805388680804,0.0,0.0,0.0,0.0,0.0,0.4288265188075082,2,319.61128475308,912.8338542592401,622.2225695061601,331.61128475308,277.61128475308
51,a,318.15,2,0.3145,0.3092,0.3763,0.0,0.0,0.0,0.0,0.0,0.8261412123815903,0.02407932368750546,0.1763461520991227,0.0,0.0,0.0,0.0,0.0,0.02171667004118962,0.4723584380435339,0.4907222787566103,0.0,0.0,0.0,0.0,0.0,0.363966182716136,2,319.61128475308,912.8338542592401,622.2225695061601,331.61128475308,277.61128475308
51,a,318.15,2,0.3588,0.3565,0.2847,0.0,0.0,0.0,0.0,0.0,0.8670423612552581,0.01582260084692135,0.1268534943110975,0.0,0.0,0.0,0.0,0.0,0.01802234463960901,0.5849249684165049,0.3905364398879361,0.0,0.0,0.0,0.0,0.0,0.4013776456281841,2,319.61128475308,912.8338542592401,622.2225695061601,331.61128475308,277.61128475308
51,a,318.15,2,0.4202,0.4122,0.1678,0.0,0.0,0.0,0.0,0.0,0.9081435303236517,0.01229407681047634,0.07036867702581352,0.0,0.0,0.0,0.0,0.0,0.01556828479024435,0.7438257098754574,0.2485958316489022,0.0,0.0,0.0,0.0,0.0,0.4533306488552075,2,319.61128475308,912.8338542592401,622.2225695061601,331.61128475308,277.61128475308
51,a,318.15,2,0.4545,0.4542,0.0913,0.0,0.0,0.0,0.0,0.0,0.9508052479017989,0.004044967829075178,0.04509789211309489,0.0,0.0,0.0,0.0,0.0,0.005049543134811972,0.8618571539888653,0.1331402960389671,0.0,0.0,0.0,0.0,0.0,0.4752289144012328,2,319.61128475308,912.8338542592401,622.2225695061601,331.61128475308,277.61128475308
51,a,333.15,2,0.2984,0.3184,0.3832,0.0,0.0,0.0,0.0,0.0,0.8265968485484084,0.02070972768544394,0.1825710666079652,0.0,0.0,0.0,0.0,0.0,0.01458551691407778,0.4783570519757085,0.4910033638012546,0.0,0.0,0.0,0.0,0.0,0.34952034784378,2,319.61128475308,912.8338542592401,622.2225695061601,331.61128475308,277.61128475308
51,a,333.15,2,0.3687,0.368,0.2633,0.0,0.0,0.0,0.0,0.0,0.8668963500885858,0.01882582148330213,0.1335672235887871,0.0,0.0,0.0,0.0,0.0,0.01529751286492766,0.6156915439248095,0.3553277433556237,0.0,0.0,0.0,0.0,0.0,0.4149870475248865,2,319.61128475308,912.8338542592401,622.2225695061601,331.61128475308,277.61128475308
51,a,333.15,2,0.4065,0.4103,0.1832,0.0,0.0,0.0,0.0,0.0,0.9050425280595032,0.01160859896965303,0.09139954713246037,0.0,0.0,0.0,0.0,0.0,0.01544937246489408,0.7230286315424616,0.2552071461939023,0.0,0.0,0.0,0.0,0.0,0.4395836738129189,2,319.61128475308,912.8338542592401,622.2225695061601,331.61128475308,277.61128475308
51,a,333.15,2,0.4608,0.4582,0.081,0.0,0.0,0.0,0.0,0.0,0.9492636018607705,0.002528812727508197,0.05206319374393235,0.0,0.0,0.0,0.0,0.0,0.01190617325333411,0.876957881270443,0.1075926747553558,0.0,0.0,0.0,0.0,0.0,0.4788929100541239,2,319.61128475308,912.8338542592401,622.2225695061601,331.61128475308,277.61128475308
52,a,300.0,1,0.5,0.4,0.1,0.0,0.0,0.0,0.0,0.0,0.972770601457252,0.007458785849500871,0.01983938559056879,0.0,0.0,0.0,0.0,0.0,0.00730347714282934,0.8090856975749803,0.183539153805003,0.0,0.0,0.0,0.0,0.0,0.5103193163693005,1,305.8165727465081,913.4497182395241,622.6331454930162,331.8165727465081,277.8165727465081
52,a,300.0,1,0.45,0.35,0.2,0.0,0.0,0.0,0.0,0.0,0.9566729876154422,0.008797750183999664,0.03459035653868656,0.0,0.0,0.0,0.0,0.0,0.0156162812956655,0.6425214205771927,0.3418099203875806,0.0,0.0,0.0,0.0,0.0,0.4615914384193638,1,305.8165727465081,913.4497182395241,622.6331454930162,331.8165727465081,277.8165727465081
52,a,300.0,1,0.4,0.3,0.3,0.0,0.0,0.0,0.0,0.0,0.9404132962095904,0.01057529755485554,0.04890826025240335,0.0,0.0,0.0,0.0,0.0,0.02222613097939917,0.502321242648393,0.4755247301812779,0.0,0.0,0.0,0.0,0.0,0.4114344910559627,1,305.8165727465081,913.4497182395241,622.6331454930162,331.8165727465081,277.8165727465081
52,a,300.0,1,0.35,0.25,0.4,0.0,0.0,0.0,0.0,0.0,0.9157924804555586,0.004790790295717614,0.07904828994013637,0.0,0.0,0.0,0.0,0.0,0.02334338536907046,0.391569944962565,0.5852993857107256,0.0,0.0,0.0,0.0,0.0,0.3660226856964575,1,305.8165727465081,913.4497182395241,622.6331454930162,331.8165727465081,277.8165727465081
52,a,315.0,1,0.5,0.4,0.1,0.0,0.0,0.0,0.0,0.0,0.9594874653491097,0.01205029199724977,0.02767550325654756,0.0,0.0,0.0,0.0,0.0,0.007258678078788243,0.8160262605095973,0.1775587384208155,0.0,0.0,0.0,0.0,0.0,0.5174610645134077,1,305.8165727465081,913.4497182395241,622.6331454930162,331.8165727465081,277.8165727465081
52,a,315.0,1,0.45,0.35,0.2,0.0,0.0,0.0,0.0,0.0,0.9280988241111928,0.01467953612742196,0.05664776256287794,0.0,0.0,0.0,0.0,0.0,0.01198272490910071,0.6572087787304902,0.331334262403014,0.0,0.0,0.0,0.0,0.0,0.4781241978744816,1,305.8165727465081,913.4497182395241,622.6331454930162,331.8165727465081,277.8165727465081
52,a,315.0,1,0.35,0.25,0.4,0.0,0.0,0.0,0.0,0.0,0.8927279293890369,0.02169125244665582,0.0856291185766044,0.0,0.0,0.0,0.0,0.0,0.02457857409059985,0.3868946651778841,0.5884977996477195,0.0,0.0,0.0,0.0,0.0,0.3748449779099732,1,305.8165727465081,913.4497182395241,622.6331454930162,331.8165727465081,277.8165727465081
52,a,315.0,1,0.3,0.2,0.5,0.0,0.0,0.0,0.0,0.0,0.8775587402777216,0.01498701926323845,0.1076644661811874,0.0,0.0,0.0,0.0,0.0,0.04030850743103036,0.2831885897684803,0.6764083776418282,0.0,0.0,0.0,0.0,0.0,0.3101718965022034,1,305.8165727465081,913.4497182395241,622.6331454930162,331.8165727465081,277.8165727465081
52,a,330.0,1,0.5,0.4,0.1,0.0,0.0,0.0,0.0,0.0,0.9631032883990582,0.01347003562650364,0.02346697613575813,0.0,0.0,0.0,0.0,0.0,0.01108758773162748,0.8080715944582322,0.18079827168797,0.0,0.0,0.0,0.0,0.0,0.5135549885633295,1,305.8165727465081,913.4497182395241,622.6331454930162,331.8165727465081,277.8165727465081
52,a,330.0,1,0.45,0.35,0.2,0.0,0.0,0.0,0.0,0.0,0.9259699547248168,0.02401400854403036,0.05007810331379244,0.0,0.0,0.0,0.0,0.0,0.02116413225369185,0.64370443266736,0.3350755147912072,0.0,0.0,0.0,0.0,0.0,0.4739534794052385,1,305.8165727465081,913.4497182395241,622.6331454930162,331.8165727465081,277.8165727465081
52,a,330.0,1,0.35,0.25,0.4,0.0,0.0,0.0,0.0,0.0,0.8939727040308982,0.0001087605128180242,0.1058075096818041,0.0,0.0,0.0,0.0,0.0,0.0301788480052474,0.3969200632567909,0.5729663647910285,0.0,0.0,0.0,0.0,0.0,0.3702517096686264,1,305.8165727465081,913.4497182395241,622.6331454930162,331.8165727465081,277.8165727465081
52,a,330.0,1,0.3,0.2,0.5,0.0,0.0,0.0,0.0,0.0,0.8626492694571082,0.008460913034893203,0.1288212604415134,0.0,0.0,0.0,0.0,0.0,0.05307820359797041,0.2840580055853679,0.6628938774708734,0.0,0.0,0.0,0.0,0.0,0.3050032379059765,1,305.8165727465081,913.4497182395241,622.6331454930162,331.8165727465081,277.8165727465081
53,a,303.15,2,0.4506,0.4786,0.0708,0.0,0.0,0.0,0.0,0.0,0.9410967581322358,0.02275410094438327,0.03593777156128887,0.0,0.0,0.0,0.0,0.0,0.005475629804233529,0.8922788171569346,0.1024373701153365,0.0,0.0,0.0,0.0,0.0,0.4757527985619821,2,322.3123137061882,920.9369411185646,627.6246274123764,334.3123137061881,280.3123137061882
53,a,303.15,2,0.3962,0.4398,0.164,0.0,0.0,0.0,0.0,0.0,0.9097693227895463,0.02167879157038829,0.06898185985519398,0.0,0.0,0.0,0.0,0.0,0.01549288861119581,0.7497517638768002,0.2344366091564416,0.0,0.0,0.0,0.0,0.0,0.4257152451284182,2,322.3123137061882,920.9369411185646,627.6246274123764,334.3123137061881,280.3123137061882
53,a,303.15,2,0.3292,0.3112,0.3596,0.0,0.0,0.0,0.0,0.0,0.827622503385401,0.02037708260559514,0.1520510572788632,0.0,0.0,0.0,0.0,0.0,0.01348474862355652,0.4954156601027467,0.4910675123595916,0.0,0.0,0.0,0.0,0.0,0.3877909475759395,2,322.3123137061882,920.9369411185646,627.6246274123764,334.3123137061881,280.3123137061882
53,a,323.15,2,0.4512,0.4692,0.0888,0.0,0.0,0.0,0.0,0.0,0.9488823507258561,0.02185556438373479,0.03777932016297125,0.0,0.0,0.0,0.0,0.0,0.01483300555447073,0.8614308005640507,0.1335348407725948,0.0,0.0,0.0,0.0,0.0,0.4671776675411745,2,322.3123137061882,920.9369411185646,627.6246274123764,334.3123137061881,280.3123137061882
53,a,323.15,2,0.4081,0.4065,0.1853,0.0,0.0,0.0,0.0,0.0,0.8945852443829391,0.01408761075204189,0.09123857745961182,0.0,0.0,0.0,0.0,0.0,0.01210610862614594,0.725919573020579,0.261865012341071,0.0,0.0,0.0,0.0,0.0,0.4487288994478709,2,322.3123137061882,920.9369411185646,627.6246274123764,334.3123137061881,280.3123137061882
53,a,323.15,2,0.3567,0.3527,0.2906,0.0,0.0,0.0,0.0,0.0,0.8500176127503727,0.01916117233449321,0.1308560270330568,0.0,0.0,0.0,0.0,0.0,0.02159040851807541,0.5792722070193076,0.3991137366659154,0.0,0.0,0.0,0.0,0.0,0.4045130215061809,2,322.3123137061882,920.9369411185646,627.6246274123764,334.3123137061881,280.3123137061882
53,a,323.15,2,0.3084,0.3041,0.3875,0.0,0.0,0.0,0.0,0.0,0.8114329564708445,0.01835622027456039,0.169836522320908,0.0,0.0,0.0,0.0,0.0,0.03024342391297927,0.462104580781774,0.5078589683570147,0.0,0.0,0.0,0.0,0.0,0.3560679764566825,2,322.3123137061882,920.9369411185646,627.6246274123764,334.3123137061881,280.3123137061882
54,a,298.15,1,0.3002,0.2004,0.4994,0.0,0.0,0.0,0.0,0.0,0.9337985784604256,0.009039459708717201,0.05722518402711912,0.0,0.0,0.0,0.0,0.0,0.04900959935978069,0.2762649599550806,0.6747003762210629,0.0,0.0,0.0,0.0,0.0,0.2838986544515338,1,306.7320931481835,916.1962794445503,624.464186296367,332.7320931481835,278.7320931481835
54,a,298.15,1,0.3009,0.2996,0.3995,0.0,0.0,0.0,0.0,0.0,0.9431566471312439,0.009162203129217462,0.04775610806503581,0.0,0.0,0.0,0.0,0.0,0.01648232470010632,0.428217809366682,0.5552666713017859,0.0,0.0,0.0,0.0,0.0,0.3069230132045977,1,306.7320931481835,916.1962794445503,624.464186296367,332.7320931481835,278.7320931481835
54,a,298.15,1,0.3004,0.3992,0.3004,0.0,0.0,0.0,0.0,0.0,0.9409327173102084,0.01321115026582168,0.04586240235217838,0.0,0.0,0.0,0.0,0.0,0.01073496832194731,0.5737538820485851,0.4155083142099736,0.0,0.0,0.0,0.0,0.0,0.3114015616497779,1,306.7320931481835,916.1962794445503,624.464186296367,332.7320931481835,278.7320931481835
54,a,298.15,1,0.3002,0.4997,0.2001,0.0,0.0,0.0,0.0,0.0,0.960140275833695,0.009017001930901663,0.03072506597009518,0.0,0.0,0.0,0.0,0.0,0.01611585523605304,0.7109240530865809,0.2730107391082475,0.0,0.0,0.0,0.0,0.0,0.3009288092188328,1,306.7320931481835,916.1962794445503,624.464186296367,332.7320931481835,278.7320931481835
54,a,298.15,1,0.3,0.6,0.1,0.0,0.0,0.0,0.0,0.0,0.9770441643830081,0.003168968363781579,0.02034052702629613,0.0,0.0,0.0,0.0,0.0,0.005201299994023005,0.8598722823494424,0.1346853430118695,0.0,0.0,0.0,0.0,0.0,0.3033398822054655,1,306.7320931481835,916.1962794445503,624.464186296367,332.7320931481835,278.7320931481835
54,ab,298.15,1,0.2996,0.0677,0.5988,0.0,0.0,0.0,0.0,0.0339,0.8730485114934096,0.00001006593228512193,0.1311001174907924,0.0,0.0,0.0,0.0,0.00001003309696729682,0.03471766185921521,0.09896674434598815,0.8148358531659263,0.0,0.0,0.0,0.0,0.04955415812033594,0.3159639636980628,,,,,,
54,ab,298.15,1,0.2967,0.1386,0.4954,0.0,0.0,0.0,0.0,0.0693,0.8921245542957362,0.004644829782106731,0.1011423322751339,0.0,0.0,0.0,0.0,0.002725888178137884,0.02198299421151746,0.2004042420431799,0.6773026192405402,0.0,0.0,0.0,0.0,0.1000159664995034,0.3157153024180266,,,,,,
54,ab,298.15,1,0.3003,0.2006,0.3988,0.0,0.0,0.0,0.0,0.1003,0.9102562327383781,0.004048861742255023,0.08358020982618118,0.0,0.0,0.0,0.0,0.002301501444738766,0.01912404460139544,0.2912056059730585,0.5441091564697351,0.0,0.0,0.0,0.0,0.1454750797515387,0.3155266515357684,,,,,,
54,ab,298.15,1,0.298,0.3358,0.1983,0.0,0.0,0.0,0.0,0.1679,0.9372701396469397,0.004385111772994796,0.05615138589607754,0.0,0.0,0.0,0.0,0.003173382880219473,0.01144002140342996,0.4843604244386669,0.262019703594554,0.0,0.0,0.0,0.0,0.2417405455668551,0.309516803298896,,,,,,
54,ab,298.15,1,0.3004,0.0579,0.5983,0.0,0.0,0.0,0.0,0.0434,0.864733446593516,0.00431530922631312,0.1282262643657003,0.0,0.0,0.0,0.0,0.002672287946970213,0.05364068113120734,0.08133033516252655,0.8038435053927947,0.0,0.0,0.0,0.0,0.06120851825450783,0.3042306988500189,,,,,,
54,ab,298.15,1,0.3,0.2286,0.3,0.0,0.0,0.0,0.0,0.1714,0.9278079318154595,0.01000726135467318,0.0547950983199568,0.0,0.0,0.0,0.0,0.007377030469167493,0.003015246025600068,0.3320053687716949,0.4159942614744953,0.0,0.0,0.0,0.0,0.2489911210796608,0.3211365731344936,,,,,,
54,ab,298.15,1,0.2987,0.287,0.1991,0.0,0.0,0.0,0.0,0.2152,0.9467878371731107,0.00488316620973932,0.04463731134964153,0.0,0.0,0.0,0.0,0.003666200321924943,0.02124155094654835,0.407779460229876,0.2652283479975371,0.0,0.0,0.0,0.0,0.3057615514049295,0.2997780372331733,,,,,,
54,ab,298.15,1,0.3,0.0667,0.6,0.0,0.0,0.0,0.0,0.0333,0.9041902520286776,0.00001260787814311458,0.09946787643937995,0.0,0.0,0.0,0.0,0.00001140851280992595,0.04206822940186623,0.09516917352408087,0.8136796090929099,0.0,0.0,0.0,0.0,0.04751106235027665,0.2991824403374338,,,,,,
54,ab,298.15,1,0.3,0.1333,0.5,0.0,0.0,0.0,0.0,0.0667,0.9525358358885893,0.003229874016980326,0.04105548475695304,0.0,0.0,0.0,0.0,0.001721047150980445,0.03236130049115614,0.1866484867013349,0.6882368851652425,0.0,0.0,0.0,0.0,0.09335122967886672,0.2908564508289157,,,,,,
54,ab,298.15,1,0.3,0.2,0.4,0.0,0.0,0.0,0.0,0.1,0.9641637671515818,0.00409479489183525,0.02948785868248566,0.0,0.0,0.0,0.0,0.002345532369933481,0.0292525150281794,0.2798610887844756,0.5510399021666984,0.0,0.0,0.0,0.0,0.1398090091853328,0.2895969904703678,,,,,,
54,ab,298.15,1,0.3,0.2667,0.3,0.0,0.0,0.0,0.0,0.1333,0.9657714908335694,0.002949155677626082,0.02907805085347455,0.0,0.0,0.0,0.0,0.001759537594569141,0.02602086256526339,0.3752390855872375,0.4114901478379134,0.0,0.0,0.0,0.0,0.1874316997255077,0.2915445110577925,,,,,,
54,ab,298.15,1,0.3,0.4,0.1,0.0,0.0,0.0,0.0,0.2,0.956879038174823,0.008702094883431941,0.03009948914116723,0.0,0.0,0.0,0.0,0.004405164579717943,0.01857666985182541,0.567641762239643,0.1299471187261663,0.0,0.0,0.0,0.0,0.2837976959908868,0.2999281890880814,,,,,,
54,ab,298.15,1,0.3004,0.2861,0.199,0.0,0.0,0.0,0.0,0.2145,0.9705263046675735,0.008802394642355103,0.01411546938211245,0.0,0.0,0.0,0.0,0.006469177486216804,0.009701424268967177,0.4063907845425964,0.2792022982100095,0.0,0.0,0.0,0.0,0.3047430831198474,0.3025510492717821,,,,,,
55,a,303.2,2,0.0,0.0,0.4761,0.4261,0.0382,0.0596,0.0,0.0,0.0,0.0,0.7267446111053706,0.1598478022705704,0.03449373124346663,0.07891048746339734,0.0,0.0,0.0,0.0,0.2606832777429199,0.6549306757351574,0.04138535580643543,0.04300358527475894,0.0,0.0,0.4622068102130088,2,319.7529899098588,913.2589697295765,622.7794580602358,331.8897290301179,277.7529899098588
55,a,303.2,2,0.0,0.0,0.4705,0.4122999999999999,0.0452,0.07200000000000001,0.0,0.0,0.0,0.0,0.664931838817496,0.2042741832976238,0.04114740755777368,0.08964660523131307,0.0,0.0,0.0,0.0,0.3058719489630465,0.5884382548113872,0.04863138448655545,0.05705838218514982,0.0,0.0,0.458497469889182,2,319.7529899098588,913.2589697295765,622.7794580602358,331.8897290301179,277.7529899098588
55,aa,318.2,2,0.0,0.0,0.4701,0.5256000000000001,0.0043,0.0,0.0,0.0,0.0,0.0,0.9198414910682023,0.07670370528471607,0.003452418291552046,0.0,0.0,0.0,0.0,0.0,0.1688008592203368,0.8263329112011568,0.004867827620016496,0.0,0.0,0.0,0.4011755529635523,,,,,,
55,b,318.2,2,0.0,0.0,0.4691,0.428,0.0423,0.0605,0.0,0.0,0.0,0.0,0.6655112570611106,0.2207127714112596,0.03865595649036355,0.07511655653623285,0.0,0.0,0.0,0.0,0.3260510881139633,0.5789700255534009,0.04495400500316884,0.04985456888105808,0.0,0.0,0.4214011685957443,2,315.9472964084331,901.8418892252994,622.7794580602358,331.8897290301179,273.9472964084331
55,ca,303.2,2,0.0,0.0,0.4689,0.5096,0.0215,0.0,0.0,0.0,0.0,0.0,0.9289348608285047,0.060054556567112,0.01099004063648188,0.0,0.0,0.0,0.0,0.0,0.1631965464986662,0.808333001050661,0.02848410304775556,0.0,0.0,0.0,0.399227056790126,,,,,,
55,c,303.2,2,0.0,0.0,0.4691,0.4903,0.0279,0.0126,0.0,0.0,0.0,0.0,0.8903437047958049,0.07517623554630351,0.01377785494557291,0.02061064491037075,0.0,0.0,0.0,0.0,0.1806089920732611,0.7745997339975481,0.03757162669603378,0.007113866918304929,0.0,0.0,0.4064772410808072,2,317.9889737193066,907.96692115792,622.7794580602358,331.8897290301179,275.9889737193066
55,c,303.2,2,0.0,0.0,0.4718,0.4424,0.0432,0.0425,0.0,0.0,0.0,0.0,0.7970748574717607,0.114143568674936,0.02820308073263667,0.06047853082217518,0.0,0.0,0.0,0.0,0.2193749924480698,0.6971388162744566,0.0548381496213507,0.02854801239839396,0.0,0.0,0.4369483581956151,2,317.9889737193066,907.96692115792,622.7794580602358,331.8897290301179,275.9889737193066
55,c,303.2,2,0.0,0.0,0.4701,0.419,0.0518,0.0592,0.0,0.0,0.0,0.0,0.7236253340301775,0.158636388619143,0.03853627260412692,0.07934537171540298,0.0,0.0,0.0,0.0,0.245772108577062,0.6493786332350386,0.06353619989697241,0.04137468571283009,0.0,0.0,0.4694493611719859,2,317.9889737193066,907.96692115792,622.7794580602358,331.8897290301179,275.9889737193066
55,c,303.2,2,0.0,0.0,0.4694,0.3999,0.05860000000000001,0.0721,0.0,0.0,0.0,0.0,0.6570973239758378,0.2031949106371432,0.04794554578192808,0.091814116842776,0.0,0.0,0.0,0.0,0.2923093014658112,0.5854894423139599,0.06865237954389686,0.05349991210998171,0.0,0.0,0.4854619329759417,2,317.9889737193066,907.96692115792,622.7794580602358,331.8897290301179,275.9889737193066
55,c,318.2,2,0.0,0.0,0.4696,0.4004,0.0583,0.0717,0.0,0.0,0.0,0.0,0.6405897870721781,0.2220964108470019,0.0485768977669771,0.08878801940043723,0.0,0.0,0.0,0.0,0.3167714460371909,0.5597655396806174,0.0669903883544705,0.05642693989638767,0.0,0.0,0.4719576830464234,2,317.9889737193066,907.96692115792,622.7794580602358,331.8897290301179,275.9889737193066
56,a,298.15,1,0.4494,0.4503,0.1003,0.0,0.0,0.0,0.0,0.0,0.9762006145129394,0.003943938029318386,0.01972800584513806,0.0,0.0,0.0,0.0,0.0,0.004895139837993774,0.8269271971648741,0.1682851959320393,0.0,0.0,0.0,0.0,0.0,0.4576365229597444,1,307.1114424714021,917.3343274142065,625.2228849428043,333.1114424714021,279.1114424714021
56,a,298.15,1,0.3989,0.3985,0.2025,0.0,0.0,0.0,0.0,0.0,0.9631048659057645,0.003333995616248202,0.03346915285517251,0.0,0.0,0.0,0.0,0.0,0.005383729945313269,0.6741166447587513,0.320394035503987,0.0,0.0,0.0,0.0,0.0,0.4108881544731168,1,307.1114424714021,917.3343274142065,625.2228849428043,333.1114424714021,279.1114424714021
56,a,298.15,1,0.3504,0.3505,0.299,0.0,0.0,0.0,0.0,0.0,0.9494285345068683,0.006168037975365769,0.04443112179795394,0.0,0.0,0.0,0.0,0.0,0.007185987420189519,0.5477853504269897,0.4448554995841579,0.0,0.0,0.0,0.0,0.0,0.3642522975013116,1,307.1114424714021,917.3343274142065,625.2228849428043,333.1114424714021,279.1114424714021
56,a,298.15,1,0.2938,0.2984,0.4079,0.0,0.0,0.0,0.0,0.0,0.9301432656397975,0.005704499030350086,0.06412881761853177,0.0,0.0,0.0,0.0,0.0,0.01215050436681851,0.4279488530696058,0.5600552680118558,0.0,0.0,0.0,0.0,0.0,0.3068101487452021,1,307.1114424714021,917.3343274142065,625.2228849428043,333.1114424714021,279.1114424714021
56,a,298.15,1,0.2494,0.2503,0.5002,0.0,0.0,0.0,0.0,0.0,0.9185579278451022,0.007486351743723816,0.07388675800815311,0.0,0.0,0.0,0.0,0.0,0.01376532078771664,0.3358034570082478,0.6503202927449299,0.0,0.0,0.0,0.0,0.0,0.2604294922110681,1,307.1114424714021,917.3343274142065,625.2228849428043,333.1114424714021,279.1114424714021
56,a,308.15,1,0.4496,0.4504,0.1,0.0,0.0,0.0,0.0,0.0,0.963118893655724,0.004347795250183008,0.03238984106297881,0.0,0.0,0.0,0.0,0.0,0.001847806511991998,0.8393260075030277,0.1589512817154876,0.0,0.0,0.0,0.0,0.0,0.4657918036611651,1,307.1114424714021,917.3343274142065,625.2228849428043,333.1114424714021,279.1114424714021
56,a,308.15,1,0.3497,0.3507,0.2997,0.0,0.0,0.0,0.0,0.0,0.9310197650193772,0.006230504396850384,0.06273337144293713,0.0,0.0,0.0,0.0,0.0,0.01436012546600383,0.5494105279871202,0.4363964694317949,0.0,0.0,0.0,0.0,0.0,0.3658281220905338,1,307.1114424714021,917.3343274142065,625.2228849428043,333.1114424714021,279.1114424714021
56,a,308.15,1,0.2499,0.2499,0.5001,0.0,0.0,0.0,0.0,0.0,0.9014770659089202,0.006635852704728868,0.09185641030566638,0.0,0.0,0.0,0.0,0.0,0.02156573374292897,0.3351478447838465,0.6431621263149837,0.0,0.0,0.0,0.0,0.0,0.2594969037334739,1,307.1114424714021,917.3343274142065,625.2228849428043,333.1114424714021,279.1114424714021
56,a,318.15,1,0.4504,0.4496,0.1,0.0,0.0,0.0,0.0,0.0,0.9748485771715445,0.006572135182111205,0.01893892449069183,0.0,0.0,0.0,0.0,0.0,0.00604495080432985,0.824968867864834,0.1686814680479353,0.0,0.0,0.0,0.0,0.0,0.4586636931386156,1,307.1114424714021,917.3343274142065,625.2228849428043,333.1114424714021,279.1114424714021
56,a,318.15,1,0.35,0.3499,0.3001,0.0,0.0,0.0,0.0,0.0,0.9375052577815208,0.00736974371155942,0.05505069456911645,0.0,0.0,0.0,0.0,0.0,0.007064814419640323,0.5498397885403219,0.4431387693066899,0.0,0.0,0.0,0.0,0.0,0.3685729570624224,1,307.1114424714021,917.3343274142065,625.2228849428043,333.1114424714021,279.1114424714021
56,a,318.15,1,0.2997,0.3001,0.4002000000000001,0.0,0.0,0.0,0.0,0.0,0.9224635611060343,0.005254934263227695,0.07233151134004535,0.0,0.0,0.0,0.0,0.0,0.01113522353761144,0.4367199080984502,0.5521216971705769,0.0,0.0,0.0,0.0,0.0,0.3166419440355908,1,307.1114424714021,917.3343274142065,625.2228849428043,333.1114424714021,279.1114424714021
56,a,318.15,1,0.25,0.25,0.5,0.0,0.0,0.0,0.0,0.0,0.8809310374068494,0.01120657078760872,0.1081241916078346,0.0,0.0,0.0,0.0,0.0,0.01868785062411019,0.3375465274223614,0.643669640821861,0.0,0.0,0.0,0.0,0.0,0.2682678772319182,1,307.1114424714021,917.3343274142065,625.2228849428043,333.1114424714021,279.1114424714021
56,b,298.15,1,0.4509,0.4486,0.1005,0.0,0.0,0.0,0.0,0.0,0.9679761345296602,0.003061581340117358,0.02896230984230424,0.0,0.0,0.0,0.0,0.0,0.002467103870882071,0.8349920031779733,0.1625408706524104,0.0,0.0,0.0,0.0,0.0,0.4644523063892493,1,306.3237274786881,914.9711824360644,623.6474549573762,332.3237274786881,278.3237274786881
56,b,298.15,1,0.4008,0.3997,0.1995,0.0,0.0,0.0,0.0,0.0,0.9441653103229571,0.006205008920737042,0.04966867306912809,0.0,0.0,0.0,0.0,0.0,0.00509139642926905,0.6862647667855429,0.3086154404312733,0.0,0.0,0.0,0.0,0.0,0.4213817439886088,1,306.3237274786881,914.9711824360644,623.6474549573762,332.3237274786881,278.3237274786881
56,b,298.15,1,0.3499,0.3497,0.3004,0.0,0.0,0.0,0.0,0.0,0.9269813111007317,0.002084695740470711,0.07091714848973023,0.0,0.0,0.0,0.0,0.0,0.005909870098748161,0.55690864004384,0.4371915307299706,0.0,0.0,0.0,0.0,0.0,0.373467371355086,1,306.3237274786881,914.9711824360644,623.6474549573762,332.3237274786881,278.3237274786881
56,b,298.15,1,0.3009,0.299,0.4001,0.0,0.0,0.0,0.0,0.0,0.9121667926074604,0.004301239103027681,0.0835320340332062,0.0,0.0,0.0,0.0,0.0,0.03629119314154838,0.4265709533818707,0.5371378250170592,0.0,0.0,0.0,0.0,0.0,0.3021077502556342,1,306.3237274786881,914.9711824360644,623.6474549573762,332.3237274786881,278.3237274786881
56,b,308.15,1,0.4,0.3999,0.2001,0.0,0.0,0.0,0.0,0.0,0.9430687921669567,0.001358075314588672,0.05557945104769309,0.0,0.0,0.0,0.0,0.0,0.001622672378972974,0.6922571915587148,0.3061155009979728,0.0,0.0,0.0,0.0,0.0,0.423154675820155,1,306.3237274786881,914.9711824360644,623.6474549573762,332.3237274786881,278.3237274786881
56,b,308.15,1,0.3495,0.3501,0.3004,0.0,0.0,0.0,0.0,0.0,0.9218091681454232,0.00182543752005364,0.07621731082704727,0.0,0.0,0.0,0.0,0.0,0.005303036047102069,0.5595585474073015,0.435227476614038,0.0,0.0,0.0,0.0,0.0,0.3755533671824611,1,306.3237274786881,914.9711824360644,623.6474549573762,332.3237274786881,278.3237274786881
56,b,308.15,1,0.301,0.2995,0.3995,0.0,0.0,0.0,0.0,0.0,0.9114087065291462,0.001336200409528899,0.0872783996741712,0.0,0.0,0.0,0.0,0.0,0.006854102337526789,0.4431802220264615,0.549954444563316,0.0,0.0,0.0,0.0,0.0,0.3251831302382734,1,306.3237274786881,914.9711824360644,623.6474549573762,332.3237274786881,278.3237274786881
56,b,308.15,1,0.2501,0.25,0.4999,0.0,0.0,0.0,0.0,0.0,0.8978202282016214,0.003923793538673503,0.09856895046824528,0.0,0.0,0.0,0.0,0.0,0.02362145989894827,0.3360417469865066,0.640227360853831,0.0,0.0,0.0,0.0,0.0,0.2590698457980877,1,306.3237274786881,914.9711824360644,623.6474549573762,332.3237274786881,278.3237274786881
56,b,318.15,1,0.4497,0.4499,0.1004,0.0,0.0,0.0,0.0,0.0,0.9732548666086966,0.004872124184545372,0.02193205613134157,0.0,0.0,0.0,0.0,0.0,0.005481225984263613,0.8274912516640235,0.1669774230132847,0.0,0.0,0.0,0.0,0.0,0.4590110283734476,1,306.3237274786881,914.9711824360644,623.6474549573762,332.3237274786881,278.3237274786881
56,b,318.15,1,0.4002000000000001,0.3998,0.2,0.0,0.0,0.0,0.0,0.0,0.9627540695739547,0.005033974739622046,0.03239571502993574,0.0,0.0,0.0,0.0,0.0,0.005995768363707231,0.6764284097486609,0.3174470543349055,0.0,0.0,0.0,0.0,0.0,0.4120207069409754,1,306.3237274786881,914.9711824360644,623.6474549573762,332.3237274786881,278.3237274786881
56,b,318.15,1,0.3489,0.3518,0.2993,0.0,0.0,0.0,0.0,0.0,0.9528207662872238,0.004931830716185481,0.04224746097986413,0.0,0.0,0.0,0.0,0.0,0.01125167901581877,0.5457318226819093,0.4430164658841866,0.0,0.0,0.0,0.0,0.0,0.3586017484523203,1,306.3237274786881,914.9711824360644,623.6474549573762,332.3237274786881,278.3237274786881
56,b,318.15,1,0.2983,0.2985,0.4033,0.0,0.0,0.0,0.0,0.0,0.9406439896873322,0.00644259280714289,0.0530017579880881,0.0,0.0,0.0,0.0,0.0,0.01217895860296498,0.4285919302357195,0.559334304692079,0.0,0.0,0.0,0.0,0.0,0.3081656624836697,1,306.3237274786881,914.9711824360644,623.6474549573762,332.3237274786881,278.3237274786881
56,b,318.15,1,0.252,0.2491,0.4989,0.0,0.0,0.0,0.0,0.0,0.9264023217719257,0.003729710983747112,0.06988477516284193,0.0,0.0,0.0,0.0,0.0,0.01925343629237819,0.3337810423997805,0.6469597206378983,0.0,0.0,0.0,0.0,0.0,0.2565693101023705,1,306.3237274786881,914.9711824360644,623.6474549573762,332.3237274786881,278.3237274786881
56,c,298.15,1,0.4495,0.4501,0.1005,0.0,0.0,0.0,0.0,0.0,0.9862944874754963,0.001032749531117015,0.01312559172296134,0.0,0.0,0.0,0.0,0.0,0.0009553270777673276,0.8253399245546392,0.1735099252075254,0.0,0.0,0.0,0.0,0.0,0.4552185592026801,1,305.5376248629949,912.6128745889848,622.0752497259898,331.5376248629949,277.5376248629949
56,c,298.15,1,0.4005,0.4,0.1995,0.0,0.0,0.0,0.0,0.0,0.9556833314814434,0.004229140649594818,0.04024726600570734,0.0,0.0,0.0,0.0,0.0,0.003356600543342816,0.6831096965193307,0.3134194362743112,0.0,0.0,0.0,0.0,0.0,0.4170243116723673,1,305.5376248629949,912.6128745889848,622.0752497259898,331.5376248629949,277.5376248629949
56,c,298.15,1,0.3491,0.3496,0.3014,0.0,0.0,0.0,0.0,0.0,0.9333221559775695,0.004395755758477981,0.06249392761220508,0.0,0.0,0.0,0.0,0.0,0.004103297095607376,0.5534510947819997,0.4424795643991151,0.0,0.0,0.0,0.0,0.0,0.371276045042277,1,305.5376248629949,912.6128745889848,622.0752497259898,331.5376248629949,277.5376248629949
56,c,298.15,1,0.2476,0.2482,0.5042,0.0,0.0,0.0,0.0,0.0,0.9119493755026857,0.003330232968905718,0.08481236761939867,0.0,0.0,0.0,0.0,0.0,0.02072487805067771,0.3318229554891138,0.6474207566514102,0.0,0.0,0.0,0.0,0.0,0.2545656258304765,1,305.5376248629949,912.6128745889848,622.0752497259898,331.5376248629949,277.5376248629949
56,c,308.15,1,0.4394,0.4379,0.1226,0.0,0.0,0.0,0.0,0.0,0.9624677724380896,0.005352591701740616,0.03184750608192576,0.0,0.0,0.0,0.0,0.0,0.005554477066881872,0.7966656637147047,0.1978723934756116,0.0,0.0,0.0,0.0,0.0,0.4533801808708488,1,305.5376248629949,912.6128745889848,622.0752497259898,331.5376248629949,277.5376248629949
56,c,308.15,1,0.3494,0.3507,0.2998,0.0,0.0,0.0,0.0,0.0,0.9486227563614255,0.006342982270085923,0.04502307841524428,0.0,0.0,0.0,0.0,0.0,0.01428640433280646,0.5432806675057238,0.4422832574846157,0.0,0.0,0.0,0.0,0.0,0.3586648372822049,1,305.5376248629949,912.6128745889848,622.0752497259898,331.5376248629949,277.5376248629949
56,c,308.15,1,0.2999,0.2999,0.4002000000000001,0.0,0.0,0.0,0.0,0.0,0.9391102796939912,0.003360766236394429,0.05757874110363551,0.0,0.0,0.0,0.0,0.0,0.01516922016255451,0.4319908783293206,0.5528177242974747,0.0,0.0,0.0,0.0,0.0,0.3081698522867277,1,305.5376248629949,912.6128745889848,622.0752497259898,331.5376248629949,277.5376248629949
56,c,308.15,1,0.251,0.2497,0.4993,0.0,0.0,0.0,0.0,0.0,0.9321437305861011,0.005102315675926472,0.06277427616347397,0.0,0.0,0.0,0.0,0.0,0.01576365643751805,0.3341730154893087,0.6500563096233914,0.0,0.0,0.0,0.0,0.0,0.2567017225696905,1,305.5376248629949,912.6128745889848,622.0752497259898,331.5376248629949,277.5376248629949
56,c,318.15,1,0.4499,0.45,0.1001,0.0,0.0,0.0,0.0,0.0,0.9560762951562929,0.007317180122970866,0.03660678153082235,0.0,0.0,0.0,0.0,0.0,0.003922534935587692,0.8400351789001963,0.1560420598961898,0.0,0.0,0.0,0.0,0.0,0.4683880731207076,1,305.5376248629949,912.6128745889848,622.0752497259898,331.5376248629949,277.5376248629949
56,c,318.15,1,0.3961,0.3963,0.2076,0.0,0.0,0.0,0.0,0.0,0.9353471920299297,0.004762769273604638,0.05990511253556213,0.0,0.0,0.0,0.0,0.0,0.004305723264814127,0.6807744458471496,0.3149088788720154,0.0,0.0,0.0,0.0,0.0,0.4208129174469976,1,305.5376248629949,912.6128745889848,622.0752497259898,331.5376248629949,277.5376248629949
56,c,318.15,1,0.3499,0.3496,0.3005,0.0,0.0,0.0,0.0,0.0,0.9240526639191465,0.008830440894076873,0.06689228219203892,0.0,0.0,0.0,0.0,0.0,0.007073606253843592,0.5530734076635807,0.4399871024384049,0.0,0.0,0.0,0.0,0.0,0.3738650200136718,1,305.5376248629949,912.6128745889848,622.0752497259898,331.5376248629949,277.5376248629949
56,c,318.15,1,0.2498,0.2503,0.4999,0.0,0.0,0.0,0.0,0.0,0.8984081183550048,0.005960856947057789,0.09591398550846658,0.0,0.0,0.0,0.0,0.0,0.009956612895402324,0.3406521340754743,0.6492866193107122,0.0,0.0,0.0,0.0,0.0,0.2699566443759077,1,305.5376248629949,912.6128745889848,622.0752497259898,331.5376248629949,277.5376248629949
57,a,298.2,2,0.0,0.0,0.492,0.498,0.0,0.0,0.0,0.01,0.0,0.0,0.2024352613164921,0.7953453543500356,0.0,0.0,0.0,0.00221939780350979,0.0,0.0,0.8495212532522723,0.1308721369207914,0.0,0.0,0.0,0.01960659319568248,0.5525096474160027,2,245.6118943939125,690.8356831817375,474.223788787825,257.6118943939125,203.6118943939125
57,a,298.2,2,0.0,0.0,0.478,0.502,0.0,0.0,0.0,0.02,0.0,0.0,0.1488855838501229,0.8487285593177742,0.0,0.0,0.0,0.002340329798515605,0.0,0.0,0.8796970558798878,0.0788041913910036,0.0,0.0,0.0,0.04155432025960105,0.5496589356543753,2,245.6118943939125,690.8356831817375,474.223788787825,257.6118943939125,203.6118943939125
57,a,298.2,2,0.0,0.0,0.469,0.502,0.0,0.0,0.0,0.029,0.0,0.0,0.1228675514968811,0.8745299066045794,0.0,0.0,0.0,0.00259961381940992,0.0,0.0,0.8866059847946215,0.05254569663770783,0.0,0.0,0.0,0.06085185127133291,0.5467918944336005,2,245.6118943939125,690.8356831817375,474.223788787825,257.6118943939125,203.6118943939125
57,a,308.2,2,0.0,0.0,0.458,0.501,0.0,0.0,0.0,0.041,0.0,0.0,0.105950284624366,0.8969798804071237,0.0,0.0,0.0,0.00001001410714449848,0.0,0.0,0.8716024155536743,0.03578662843885133,0.0,0.0,0.0,0.08915671320940217,0.5401962573416539,2,245.6118943939125,690.8356831817375,474.223788787825,257.6118943939125,203.6118943939125
57,a,308.2,2,0.0,0.0,0.491,0.499,0.0,0.0,0.0,0.01,0.0,0.0,0.2435370363577715,0.7526015095356926,0.0,0.0,0.0,0.003861474515618535,0.0,0.0,0.7705061495770783,0.2125604438984411,0.0,0.0,0.0,0.01693338347269129,0.5304032865788801,2,245.6118943939125,690.8356831817375,474.223788787825,257.6118943939125,203.6118943939125
57,a,308.2,2,0.0,0.0,0.478,0.502,0.0,0.0,0.0,0.02,0.0,0.0,0.1882349622767197,0.8089366644960717,0.0,0.0,0.0,0.003175186790492281,0.0,0.0,0.8517379951406926,0.1061140969757619,0.0,0.0,0.0,0.04170058888727299,0.5632800102321671,2,245.6118943939125,690.8356831817375,474.223788787825,257.6118943939125,203.6118943939125
57,a,308.2,2,0.0,0.0,0.473,0.498,0.0,0.0,0.0,0.029,0.0,0.0,0.1609443315476643,0.834720528231395,0.0,0.0,0.0,0.004335158483399323,0.0,0.0,0.8727025502172336,0.06670498615813499,0.0,0.0,0.0,0.06059244023280744,0.5615706847254458,2,245.6118943939125,690.8356831817375,474.223788787825,257.6118943939125,203.6118943939125
57,a,318.2,2,0.0,0.0,0.494,0.496,0.0,0.0,0.0,0.01,0.0,0.0,0.3421870153333859,0.6518448589466381,0.0,0.0,0.0,0.005811226784369433,0.0,0.0,0.7189544793047211,0.2650711425399671,0.0,0.0,0.0,0.01620686892967041,0.597064504810415,2,245.6118943939125,690.8356831817375,474.223788787825,257.6118943939125,203.6118943939125
57,a,318.2,2,0.0,0.0,0.501,0.479,0.0,0.0,0.0,0.02,0.0,0.0,0.2395389765627612,0.7544967219711344,0.0,0.0,0.0,0.006396230811525773,0.0,0.0,0.8183879758418509,0.1445740661151643,0.0,0.0,0.0,0.03651363828454526,0.5483087579612858,2,245.6118943939125,690.8356831817375,474.223788787825,257.6118943939125,203.6118943939125
57,a,318.2,2,0.0,0.0,0.461,0.509,0.0,0.0,0.0,0.03,0.0,0.0,0.1813120267723468,0.8119492000099571,0.0,0.0,0.0,0.006274211090900348,0.0,0.0,0.8488606870725195,0.08888152472937863,0.0,0.0,0.0,0.06290202535856163,0.5810223435968135,2,245.6118943939125,690.8356831817375,474.223788787825,257.6118943939125,203.6118943939125
57,a,318.2,2,0.0,0.0,0.451,0.508,0.0,0.0,0.0,0.041,0.0,0.0,0.1365386661051425,0.8587146837893694,0.0,0.0,0.0,0.004489323644852873,0.0,0.0,0.851036885339596,0.06184400362280933,0.0,0.0,0.0,0.08744646472064697,0.5598850697881571,2,245.6118943939125,690.8356831817375,474.223788787825,257.6118943939125,203.6118943939125
