,Ref,Sub Ref,Temperature (K),Type Alcohol,FAME/FAEE_F,GLYCEROL_F,ALCOHOL_F,OIL_F,DAG_F,MAG_F,ACID_F,WATER_F,FAME/FAEE_L,GLYCEROL_L,ALCOHOL_L,OIL_L,DAG_L,MAG_L,ACID_L,WATER_L,FAME/FAEE_H,GLYCEROL_H,ALCOHOL_H,OIL_H,DAG_H,MAG_H,ACID_H,WATER_H,R2_othmer_tobias,a_othmer_tobias,b_othmer_tobias
0,1,a,298.15,1,0.375,0.375,0.25,0.0,0.0,0.0,0.0,0.0,0.8057,0.0433,0.151,0.0,0.0,0.0,0.0,0.0,0.0021,0.5893,0.4086,0.0,0.0,0.0,0.0,0.0,0.9808092961873425,-0.9380201710337962,1.1907147161459766
1,1,a,298.15,1,0.4,0.4,0.2,0.0,0.0,0.0,0.0,0.0,0.8839,0.0155,0.10060000000000001,0.0,0.0,0.0,0.0,0.0,0.0015,0.7286,0.2699,0.0,0.0,0.0,0.0,0.0,0.9808092961873425,-0.9380201710337962,1.1907147161459766
2,1,a,298.15,1,0.35,0.35,0.3,0.0,0.0,0.0,0.0,0.0,0.9223,0.0014000000000000002,0.07629999999999999,0.0,0.0,0.0,0.0,0.0,0.0012,0.7829,0.2159,0.0,0.0,0.0,0.0,0.0,0.9808092961873425,-0.9380201710337962,1.1907147161459766
3,1,a,298.15,1,0.36,0.36,0.28,0.0,0.0,0.0,0.0,0.0,0.8432,0.029900000000000003,0.12689999999999999,0.0,0.0,0.0,0.0,0.0,0.0018,0.6554000000000001,0.3428,0.0,0.0,0.0,0.0,0.0,0.9808092961873425,-0.9380201710337962,1.1907147161459766
4,1,a,298.15,1,0.42,0.42,0.16,0.0,0.0,0.0,0.0,0.0,0.8158,0.0397,0.1445,0.0,0.0,0.0,0.0,0.0,0.002,0.6188,0.37920000000000004,0.0,0.0,0.0,0.0,0.0,0.9808092961873425,-0.9380201710337962,1.1907147161459766
5,1,a,298.15,1,0.385,0.385,0.23,0.0,0.0,0.0,0.0,0.0,0.8562000000000001,0.026600000000000002,0.11720000000000001,0.0,0.0,0.0,0.0,0.0,0.0018,0.6731999999999999,0.325,0.0,0.0,0.0,0.0,0.0,0.9808092961873425,-0.9380201710337962,1.1907147161459766
6,1,a,298.15,1,0.41,0.41,0.18,0.0,0.0,0.0,0.0,0.0,0.9085,0.0067,0.0848,0.0,0.0,0.0,0.0,0.0,0.0011,0.7445999999999999,0.25429999999999997,0.0,0.0,0.0,0.0,0.0,0.9808092961873425,-0.9380201710337962,1.1907147161459766
7,2,a,293.15,2,0.4902,0.4768,0.033,0.0,0.0,0.0,0.0,0.0,0.9305,0.0219,0.047599999999999996,0.0,0.0,0.0,0.0,0.0,0.0248,0.9309000000000001,0.0443,0.0,0.0,0.0,0.0,0.0,0.9434288945567024,-1.3613745348701107,0.5568705074664843
8,2,a,293.15,2,0.46009999999999995,0.4583,0.0816,0.0,0.0,0.0,0.0,0.0,0.9095,0.0218,0.0687,0.0,0.0,0.0,0.0,0.0,0.0245,0.8652,0.1103,0.0,0.0,0.0,0.0,0.0,0.9434288945567024,-1.3613745348701107,0.5568705074664843
9,2,a,293.15,2,0.44310000000000005,0.43799999999999994,0.1189,0.0,0.0,0.0,0.0,0.0,0.8931999999999999,0.0217,0.0851,0.0,0.0,0.0,0.0,0.0,0.024300000000000002,0.8157,0.16,0.0,0.0,0.0,0.0,0.0,0.9434288945567024,-1.3613745348701107,0.5568705074664843
10,2,a,293.15,2,0.41759999999999997,0.41619999999999996,0.16620000000000001,0.0,0.0,0.0,0.0,0.0,0.8728,0.0216,0.1056,0.0,0.0,0.0,0.0,0.0,0.023700000000000002,0.7515000000000001,0.2248,0.0,0.0,0.0,0.0,0.0,0.9434288945567024,-1.3613745348701107,0.5568705074664843
11,2,a,293.15,2,0.40049999999999997,0.3935,0.20600000000000002,0.0,0.0,0.0,0.0,0.0,0.8554999999999999,0.0215,0.12300000000000001,0.0,0.0,0.0,0.0,0.0,0.023,0.6986,0.2784,0.0,0.0,0.0,0.0,0.0,0.9434288945567024,-1.3613745348701107,0.5568705074664843
12,2,a,293.15,2,0.3711,0.3734,0.2555,0.0,0.0,0.0,0.0,0.0,0.8393999999999999,0.0215,0.1391,0.0,0.0,0.0,0.0,0.0,0.0218,0.6323,0.34590000000000004,0.0,0.0,0.0,0.0,0.0,0.9434288945567024,-1.3613745348701107,0.5568705074664843
13,2,a,313.15,2,0.4637,0.4711,0.0652,0.0,0.0,0.0,0.0,0.0,0.935,0.021099999999999997,0.043899999999999995,0.0,0.0,0.0,0.0,0.0,0.0276,0.8858,0.0866,0.0,0.0,0.0,0.0,0.0,0.9434288945567024,-1.3613745348701107,0.5568705074664843
14,2,a,313.15,2,0.4385,0.44439999999999996,0.11710000000000001,0.0,0.0,0.0,0.0,0.0,0.905,0.02,0.075,0.0,0.0,0.0,0.0,0.0,0.0274,0.8151999999999999,0.1574,0.0,0.0,0.0,0.0,0.0,0.9434288945567024,-1.3613745348701107,0.5568705074664843
15,2,a,313.15,2,0.4158,0.41869999999999996,0.1655,0.0,0.0,0.0,0.0,0.0,0.88,0.019299999999999998,0.1007,0.0,0.0,0.0,0.0,0.0,0.0275,0.7428,0.2297,0.0,0.0,0.0,0.0,0.0,0.9434288945567024,-1.3613745348701107,0.5568705074664843
16,2,a,313.15,2,0.39,0.3901,0.21989999999999998,0.0,0.0,0.0,0.0,0.0,0.8454999999999999,0.0187,0.1358,0.0,0.0,0.0,0.0,0.0,0.027999999999999997,0.6795,0.2925,0.0,0.0,0.0,0.0,0.0,0.9434288945567024,-1.3613745348701107,0.5568705074664843
17,2,a,313.15,2,0.3617,0.3669,0.27140000000000003,0.0,0.0,0.0,0.0,0.0,0.823,0.018500000000000003,0.1585,0.0,0.0,0.0,0.0,0.0,0.028900000000000002,0.6101,0.361,0.0,0.0,0.0,0.0,0.0,0.9434288945567024,-1.3613745348701107,0.5568705074664843
18,2,a,313.15,2,0.33520000000000005,0.34149999999999997,0.3233,0.0,0.0,0.0,0.0,0.0,0.8076000000000001,0.018600000000000002,0.17379999999999998,0.0,0.0,0.0,0.0,0.0,0.030299999999999997,0.5418,0.4279,0.0,0.0,0.0,0.0,0.0,0.9434288945567024,-1.3613745348701107,0.5568705074664843
19,2,a,333.15,2,0.46409999999999996,0.4702,0.06570000000000001,0.0,0.0,0.0,0.0,0.0,0.9301999999999999,0.0174,0.0524,0.0,0.0,0.0,0.0,0.0,0.032799999999999996,0.8732,0.094,0.0,0.0,0.0,0.0,0.0,0.9434288945567024,-1.3613745348701107,0.5568705074664843
20,2,a,333.15,2,0.4079,0.4702,0.1219,0.0,0.0,0.0,0.0,0.0,0.8996,0.015700000000000002,0.08470000000000001,0.0,0.0,0.0,0.0,0.0,0.037599999999999995,0.7966,0.16579999999999998,0.0,0.0,0.0,0.0,0.0,0.9434288945567024,-1.3613745348701107,0.5568705074664843
21,2,a,333.15,2,0.4147,0.4175,0.1678,0.0,0.0,0.0,0.0,0.0,0.8798,0.0148,0.1054,0.0,0.0,0.0,0.0,0.0,0.04019999999999999,0.7204999999999999,0.23929999999999998,0.0,0.0,0.0,0.0,0.0,0.9434288945567024,-1.3613745348701107,0.5568705074664843
22,2,a,333.15,2,0.3889,0.3921,0.21899999999999997,0.0,0.0,0.0,0.0,0.0,0.8601000000000001,0.013999999999999999,0.1259,0.0,0.0,0.0,0.0,0.0,0.0406,0.6592,0.3002,0.0,0.0,0.0,0.0,0.0,0.9434288945567024,-1.3613745348701107,0.5568705074664843
23,2,a,333.15,2,0.3593,0.3627,0.278,0.0,0.0,0.0,0.0,0.0,0.8245999999999999,0.0128,0.16260000000000002,0.0,0.0,0.0,0.0,0.0,0.0387,0.5794,0.38189999999999996,0.0,0.0,0.0,0.0,0.0,0.9434288945567024,-1.3613745348701107,0.5568705074664843
24,2,a,333.15,2,0.33380000000000004,0.3375,0.3287,0.0,0.0,0.0,0.0,0.0,0.7967,0.0123,0.191,0.0,0.0,0.0,0.0,0.0,0.0351,0.5183,0.44659999999999994,0.0,0.0,0.0,0.0,0.0,0.9434288945567024,-1.3613745348701107,0.5568705074664843
25,3,a,298.15,2,0.4069,0.1465,0.44659999999999994,0.0,0.0,0.0,0.0,0.0,0.7237,0.027200000000000002,0.2491,0.0,0.0,0.0,0.0,0.0,0.1,0.25989999999999996,0.6401,0.0,0.0,0.0,0.0,0.0,0.8802666871032021,-1.549794468085307,0.8378273855651925
26,3,a,298.15,2,0.40090000000000003,0.20370000000000002,0.3954,0.0,0.0,0.0,0.0,0.0,0.7978000000000001,0.0174,0.1848,0.0,0.0,0.0,0.0,0.0,0.04190000000000001,0.3714,0.5867,0.0,0.0,0.0,0.0,0.0,0.8802666871032021,-1.549794468085307,0.8378273855651925
27,3,a,298.15,2,0.4036,0.24719999999999998,0.3492,0.0,0.0,0.0,0.0,0.0,0.8378,0.0125,0.1497,0.0,0.0,0.0,0.0,0.0,0.0192,0.4562,0.5246,0.0,0.0,0.0,0.0,0.0,0.8802666871032021,-1.549794468085307,0.8378273855651925
28,3,a,298.15,2,0.401,0.3,0.299,0.0,0.0,0.0,0.0,0.0,0.8709,0.0092,0.1199,0.0,0.0,0.0,0.0,0.0,0.0078000000000000005,0.5452,0.447,0.0,0.0,0.0,0.0,0.0,0.8802666871032021,-1.549794468085307,0.8378273855651925
29,3,a,298.15,2,0.3931,0.3608,0.24609999999999999,0.0,0.0,0.0,0.0,0.0,0.8985,0.0072,0.0943,0.0,0.0,0.0,0.0,0.0,0.0025,0.6311,0.3664,0.0,0.0,0.0,0.0,0.0,0.8802666871032021,-1.549794468085307,0.8378273855651925
30,3,a,298.15,2,0.4048,0.3969,0.19829999999999998,0.0,0.0,0.0,0.0,0.0,0.9175,0.0054,0.0771,0.0,0.0,0.0,0.0,0.0,0.0021,0.6995,0.2984,0.0,0.0,0.0,0.0,0.0,0.8802666871032021,-1.549794468085307,0.8378273855651925
31,3,a,318.15,2,0.4025,0.15710000000000002,0.4404,0.0,0.0,0.0,0.0,0.0,0.6790999999999999,0.0408,0.2801,0.0,0.0,0.0,0.0,0.0,0.1059,0.2727,0.6214,0.0,0.0,0.0,0.0,0.0,0.8802666871032021,-1.549794468085307,0.8378273855651925
32,3,a,318.15,2,0.397,0.2002,0.4028,0.0,0.0,0.0,0.0,0.0,0.7498,0.0264,0.2238,0.0,0.0,0.0,0.0,0.0,0.053899999999999997,0.3555,0.5906,0.0,0.0,0.0,0.0,0.0,0.8802666871032021,-1.549794468085307,0.8378273855651925
33,3,a,318.15,2,0.405,0.2441,0.35090000000000005,0.0,0.0,0.0,0.0,0.0,0.8025,0.0187,0.1788,0.0,0.0,0.0,0.0,0.0,0.023,0.4537,0.5233,0.0,0.0,0.0,0.0,0.0,0.8802666871032021,-1.549794468085307,0.8378273855651925
34,3,a,318.15,2,0.40380000000000005,0.2958,0.3004,0.0,0.0,0.0,0.0,0.0,0.8454999999999999,0.0168,0.1377,0.0,0.0,0.0,0.0,0.0,0.010700000000000001,0.5431,0.4462,0.0,0.0,0.0,0.0,0.0,0.8802666871032021,-1.549794468085307,0.8378273855651925
35,3,a,318.15,2,0.4042,0.35,0.2458,0.0,0.0,0.0,0.0,0.0,0.878,0.0102,0.1118,0.0,0.0,0.0,0.0,0.0,0.0046,0.6228,0.3726,0.0,0.0,0.0,0.0,0.0,0.8802666871032021,-1.549794468085307,0.8378273855651925
36,3,a,318.15,2,0.4018,0.39759999999999995,0.2006,0.0,0.0,0.0,0.0,0.0,0.9065000000000001,0.0068000000000000005,0.0867,0.0,0.0,0.0,0.0,0.0,0.004,0.6990000000000001,0.297,0.0,0.0,0.0,0.0,0.0,0.8802666871032021,-1.549794468085307,0.8378273855651925
37,3,a,338.15,2,0.39640000000000003,0.15789999999999998,0.4457,0.0,0.0,0.0,0.0,0.0,0.5754,0.0767,0.3479,0.0,0.0,0.0,0.0,0.0,0.1344,0.2666,0.599,0.0,0.0,0.0,0.0,0.0,0.8802666871032021,-1.549794468085307,0.8378273855651925
38,3,a,338.15,2,0.40130000000000005,0.19940000000000002,0.3993,0.0,0.0,0.0,0.0,0.0,0.6943,0.0418,0.2639,0.0,0.0,0.0,0.0,0.0,0.0682,0.3642,0.5676,0.0,0.0,0.0,0.0,0.0,0.8802666871032021,-1.549794468085307,0.8378273855651925
39,3,a,338.15,2,0.4081,0.2545,0.33740000000000003,0.0,0.0,0.0,0.0,0.0,0.7816,0.025099999999999997,0.19329999999999997,0.0,0.0,0.0,0.0,0.0,0.0245,0.4769,0.4986,0.0,0.0,0.0,0.0,0.0,0.8802666871032021,-1.549794468085307,0.8378273855651925
40,3,a,338.15,2,0.39630000000000004,0.3003,0.3034,0.0,0.0,0.0,0.0,0.0,0.8194,0.018600000000000002,0.162,0.0,0.0,0.0,0.0,0.0,0.0121,0.5535,0.43439999999999995,0.0,0.0,0.0,0.0,0.0,0.8802666871032021,-1.549794468085307,0.8378273855651925
41,3,a,338.15,2,0.4017,0.3469,0.2514,0.0,0.0,0.0,0.0,0.0,0.8645,0.0134,0.12210000000000001,0.0,0.0,0.0,0.0,0.0,0.0046,0.6325,0.3629,0.0,0.0,0.0,0.0,0.0,0.8802666871032021,-1.549794468085307,0.8378273855651925
42,3,a,338.15,2,0.4021,0.3969,0.201,0.0,0.0,0.0,0.0,0.0,0.8896999999999999,0.0103,0.1,0.0,0.0,0.0,0.0,0.0,0.0013,0.7084,0.2903,0.0,0.0,0.0,0.0,0.0,0.8802666871032021,-1.549794468085307,0.8378273855651925
43,4,a,293.15,1,0.2458,0.5384,0.2158,0.0,0.0,0.0,0.0,0.0,0.9606,0.0031,0.0363,0.0,0.0,0.0,0.0,0.0,0.0012,0.7149,0.2839,0.0,0.0,0.0,0.0,0.0,0.6735322062525475,-2.3393190657459235,0.5797053072042453
44,4,a,293.15,1,0.2721,0.3292,0.3987,0.0,0.0,0.0,0.0,0.0,0.9037000000000001,0.0045000000000000005,0.09179999999999999,0.0,0.0,0.0,0.0,0.0,0.0046,0.4604,0.535,0.0,0.0,0.0,0.0,0.0,0.6735322062525475,-2.3393190657459235,0.5797053072042453
45,4,a,293.15,1,0.2043,0.2687,0.527,0.0,0.0,0.0,0.0,0.0,0.8847,0.006,0.1093,0.0,0.0,0.0,0.0,0.0,0.0076,0.364,0.6284000000000001,0.0,0.0,0.0,0.0,0.0,0.6735322062525475,-2.3393190657459235,0.5797053072042453
46,4,a,293.15,1,0.2024,0.4965,0.3011,0.0,0.0,0.0,0.0,0.0,0.9518000000000001,0.004,0.044199999999999996,0.0,0.0,0.0,0.0,0.0,0.0015,0.634,0.36450000000000005,0.0,0.0,0.0,0.0,0.0,0.6735322062525475,-2.3393190657459235,0.5797053072042453
47,4,a,293.15,1,0.3995,0.33399999999999996,0.26649999999999996,0.0,0.0,0.0,0.0,0.0,0.934,0.005,0.061,0.0,0.0,0.0,0.0,0.0,0.0018,0.5742,0.424,0.0,0.0,0.0,0.0,0.0,0.6735322062525475,-2.3393190657459235,0.5797053072042453
48,4,a,303.15,1,0.20550000000000002,0.2791,0.5154,0.0,0.0,0.0,0.0,0.0,0.9025,0.0078000000000000005,0.0897,0.0,0.0,0.0,0.0,0.0,0.020099999999999996,0.3608,0.6191,0.0,0.0,0.0,0.0,0.0,0.6735322062525475,-2.3393190657459235,0.5797053072042453
49,4,a,303.15,1,0.266,0.3308,0.4032,0.0,0.0,0.0,0.0,0.0,0.92,0.008,0.07200000000000001,0.0,0.0,0.0,0.0,0.0,0.0074,0.46049999999999996,0.5321,0.0,0.0,0.0,0.0,0.0,0.6735322062525475,-2.3393190657459235,0.5797053072042453
50,4,a,303.15,1,0.1864,0.5006,0.313,0.0,0.0,0.0,0.0,0.0,0.94,0.0073,0.0527,0.0,0.0,0.0,0.0,0.0,0.0018,0.6097,0.3885,0.0,0.0,0.0,0.0,0.0,0.6735322062525475,-2.3393190657459235,0.5797053072042453
51,4,a,303.15,1,0.2498,0.5603,0.18989999999999999,0.0,0.0,0.0,0.0,0.0,0.9523999999999999,0.0033,0.0443,0.0,0.0,0.0,0.0,0.0,0.0014000000000000002,0.7384999999999999,0.2601,0.0,0.0,0.0,0.0,0.0,0.6735322062525475,-2.3393190657459235,0.5797053072042453
52,4,a,303.15,1,0.4072,0.28850000000000003,0.3043,0.0,0.0,0.0,0.0,0.0,0.9248999999999999,0.0060999999999999995,0.069,0.0,0.0,0.0,0.0,0.0,0.0073,0.5,0.4927,0.0,0.0,0.0,0.0,0.0,0.6735322062525475,-2.3393190657459235,0.5797053072042453
53,4,a,313.15,1,0.2473,0.5583,0.19440000000000002,0.0,0.0,0.0,0.0,0.0,0.9443,0.0055000000000000005,0.050199999999999995,0.0,0.0,0.0,0.0,0.0,0.0011,0.7587999999999999,0.2401,0.0,0.0,0.0,0.0,0.0,0.6735322062525475,-2.3393190657459235,0.5797053072042453
54,4,a,313.15,1,0.41729999999999995,0.4446,0.1381,0.0,0.0,0.0,0.0,0.0,0.9506999999999999,0.0053,0.044000000000000004,0.0,0.0,0.0,0.0,0.0,0.0011,0.7974,0.20149999999999998,0.0,0.0,0.0,0.0,0.0,0.6735322062525475,-2.3393190657459235,0.5797053072042453
55,4,a,313.15,1,0.1885,0.5005,0.311,0.0,0.0,0.0,0.0,0.0,0.899,0.0106,0.0904,0.0,0.0,0.0,0.0,0.0,0.0017000000000000001,0.6232,0.3751,0.0,0.0,0.0,0.0,0.0,0.6735322062525475,-2.3393190657459235,0.5797053072042453
56,4,a,313.15,1,0.20550000000000002,0.27399999999999997,0.5205,0.0,0.0,0.0,0.0,0.0,0.8379000000000001,0.0121,0.15,0.0,0.0,0.0,0.0,0.0,0.0253,0.3425,0.6322,0.0,0.0,0.0,0.0,0.0,0.6735322062525475,-2.3393190657459235,0.5797053072042453
57,4,a,313.15,1,0.2825,0.342,0.37549999999999994,0.0,0.0,0.0,0.0,0.0,0.8683,0.0108,0.1209,0.0,0.0,0.0,0.0,0.0,0.0098,0.5111,0.47909999999999997,0.0,0.0,0.0,0.0,0.0,0.6735322062525475,-2.3393190657459235,0.5797053072042453
58,5,a,293.15,1,0.19640000000000002,0.2618,0.5418,0.0,0.0,0.0,0.0,0.0,0.8970999999999999,0.005,0.09789999999999999,0.0,0.0,0.0,0.0,0.0,0.0034000000000000002,0.35,0.6466,0.0,0.0,0.0,0.0,0.0,0.6429875687148108,-2.4027227449119715,-0.5553520935898878
59,5,a,293.15,1,0.2751,0.3442,0.3807,0.0,0.0,0.0,0.0,0.0,0.9418000000000001,0.0034000000000000002,0.0548,0.0,0.0,0.0,0.0,0.0,0.0086,0.485,0.5064,0.0,0.0,0.0,0.0,0.0,0.6429875687148108,-2.4027227449119715,-0.5553520935898878
60,5,a,293.15,1,0.4963,0.30260000000000004,0.2011,0.0,0.0,0.0,0.0,0.0,0.9555,0.003,0.0415,0.0,0.0,0.0,0.0,0.0,0.001,0.625,0.374,0.0,0.0,0.0,0.0,0.0,0.6429875687148108,-2.4027227449119715,-0.5553520935898878
61,5,a,293.15,1,0.23809999999999998,0.5466,0.21530000000000002,0.0,0.0,0.0,0.0,0.0,0.9625,0.002,0.0355,0.0,0.0,0.0,0.0,0.0,0.001,0.7090000000000001,0.29,0.0,0.0,0.0,0.0,0.0,0.6429875687148108,-2.4027227449119715,-0.5553520935898878
62,5,a,293.15,1,0.3995,0.20829999999999999,0.3922,0.0,0.0,0.0,0.0,0.0,0.9194,0.0426,0.038,0.0,0.0,0.0,0.0,0.0,0.0028000000000000004,0.38,0.6172,0.0,0.0,0.0,0.0,0.0,0.6429875687148108,-2.4027227449119715,-0.5553520935898878
63,5,a,303.15,1,0.1943,0.212,0.5937,0.0,0.0,0.0,0.0,0.0,0.8572,0.009000000000000001,0.1338,0.0,0.0,0.0,0.0,0.0,0.0304,0.2668,0.7028,0.0,0.0,0.0,0.0,0.0,0.6429875687148108,-2.4027227449119715,-0.5553520935898878
64,5,a,303.15,1,0.38909999999999995,0.2021,0.40880000000000005,0.0,0.0,0.0,0.0,0.0,0.888,0.008,0.10400000000000001,0.0,0.0,0.0,0.0,0.0,0.0154,0.36060000000000003,0.624,0.0,0.0,0.0,0.0,0.0,0.6429875687148108,-2.4027227449119715,-0.5553520935898878
65,5,a,303.15,1,0.1989,0.2961,0.505,0.0,0.0,0.0,0.0,0.0,0.9022,0.0078000000000000005,0.09,0.0,0.0,0.0,0.0,0.0,0.01,0.3861,0.6039,0.0,0.0,0.0,0.0,0.0,0.6429875687148108,-2.4027227449119715,-0.5553520935898878
66,5,a,303.15,1,0.3005,0.3317,0.3678,0.0,0.0,0.0,0.0,0.0,0.9248000000000001,0.005,0.0702,0.0,0.0,0.0,0.0,0.0,0.0046,0.4919,0.5035000000000001,0.0,0.0,0.0,0.0,0.0,0.6429875687148108,-2.4027227449119715,-0.5553520935898878
67,5,a,303.15,1,0.2494,0.5474,0.2032,0.0,0.0,0.0,0.0,0.0,0.9525,0.0025,0.045,0.0,0.0,0.0,0.0,0.0,0.002,0.7384999999999999,0.2595,0.0,0.0,0.0,0.0,0.0,0.6429875687148108,-2.4027227449119715,-0.5553520935898878
68,5,a,313.15,1,0.2195,0.287,0.4935,0.0,0.0,0.0,0.0,0.0,0.88,0.01,0.11,0.0,0.0,0.0,0.0,0.0,0.0053,0.396,0.5987,0.0,0.0,0.0,0.0,0.0,0.6429875687148108,-2.4027227449119715,-0.5553520935898878
69,5,a,313.15,1,0.2764,0.3502,0.3734,0.0,0.0,0.0,0.0,0.0,0.895,0.009000000000000001,0.096,0.0,0.0,0.0,0.0,0.0,0.0034000000000000002,0.5046,0.49200000000000005,0.0,0.0,0.0,0.0,0.0,0.6429875687148108,-2.4027227449119715,-0.5553520935898878
70,5,a,313.15,1,0.18989999999999999,0.5073,0.3028,0.0,0.0,0.0,0.0,0.0,0.9059999999999999,0.008,0.086,0.0,0.0,0.0,0.0,0.0,0.0031,0.6382,0.35869999999999996,0.0,0.0,0.0,0.0,0.0,0.6429875687148108,-2.4027227449119715,-0.5553520935898878
71,5,a,313.15,1,0.24780000000000002,0.5532,0.19899999999999998,0.0,0.0,0.0,0.0,0.0,0.935,0.006999999999999999,0.057999999999999996,0.0,0.0,0.0,0.0,0.0,0.0028000000000000004,0.7486,0.2486,0.0,0.0,0.0,0.0,0.0,0.6429875687148108,-2.4027227449119715,-0.5553520935898878
72,5,a,313.15,1,0.39299999999999996,0.168,0.439,0.0,0.0,0.0,0.0,0.0,0.855,0.015,0.13,0.0,0.0,0.0,0.0,0.0,0.028999999999999998,0.301,0.67,0.0,0.0,0.0,0.0,0.0,0.6429875687148108,-2.4027227449119715,-0.5553520935898878
73,6,a,300.15,2,0.2348,0.24609999999999999,0.5191,0.0,0.0,0.0,0.0,0.0,0.6970999999999999,0.0322,0.2707,0.0,0.0,0.0,0.0,0.0,0.0623,0.3678,0.5699000000000001,0.0,0.0,0.0,0.0,0.0,0.9484454966912998,-1.3300409717980344,0.9472540692419497
74,6,a,300.15,2,0.1301,0.3639,0.506,0.0,0.0,0.0,0.0,0.0,0.8031,0.0125,0.1844,0.0,0.0,0.0,0.0,0.0,0.0339,0.4456,0.5205,0.0,0.0,0.0,0.0,0.0,0.9484454966912998,-1.3300409717980344,0.9472540692419497
75,6,a,300.15,2,0.324,0.3362,0.3398,0.0,0.0,0.0,0.0,0.0,0.8371,0.0072,0.1557,0.0,0.0,0.0,0.0,0.0,0.013500000000000002,0.5433,0.4432,0.0,0.0,0.0,0.0,0.0,0.9484454966912998,-1.3300409717980344,0.9472540692419497
76,6,a,300.15,2,0.2473,0.5044,0.2483,0.0,0.0,0.0,0.0,0.0,0.8915000000000001,0.0039000000000000003,0.10460000000000001,0.0,0.0,0.0,0.0,0.0,0.0106,0.6923999999999999,0.297,0.0,0.0,0.0,0.0,0.0,0.9484454966912998,-1.3300409717980344,0.9472540692419497
77,6,a,300.15,2,0.42,0.4075,0.1725,0.0,0.0,0.0,0.0,0.0,0.9216,0.0013,0.0771,0.0,0.0,0.0,0.0,0.0,0.009899999999999999,0.7406999999999999,0.2494,0.0,0.0,0.0,0.0,0.0,0.9484454966912998,-1.3300409717980344,0.9472540692419497
78,6,a,323.15,2,0.3296,0.3332,0.3372,0.0,0.0,0.0,0.0,0.0,0.7992,0.012,0.1888,0.0,0.0,0.0,0.0,0.0,0.0255,0.5225,0.452,0.0,0.0,0.0,0.0,0.0,0.9484454966912998,-1.3300409717980344,0.9472540692419497
79,6,a,323.15,2,0.3626,0.3236,0.31379999999999997,0.0,0.0,0.0,0.0,0.0,0.8177,0.0097,0.1726,0.0,0.0,0.0,0.0,0.0,0.0253,0.5555,0.4192,0.0,0.0,0.0,0.0,0.0,0.9484454966912998,-1.3300409717980344,0.9472540692419497
80,6,a,323.15,2,0.3114,0.3907,0.2979,0.0,0.0,0.0,0.0,0.0,0.833,0.008,0.159,0.0,0.0,0.0,0.0,0.0,0.0254,0.5720000000000001,0.40259999999999996,0.0,0.0,0.0,0.0,0.0,0.9484454966912998,-1.3300409717980344,0.9472540692419497
81,6,a,323.15,2,0.2521,0.4986,0.2493,0.0,0.0,0.0,0.0,0.0,0.8878,0.0037,0.1085,0.0,0.0,0.0,0.0,0.0,0.02,0.6954,0.2846,0.0,0.0,0.0,0.0,0.0,0.9484454966912998,-1.3300409717980344,0.9472540692419497
82,6,a,323.15,2,0.1891,0.6274000000000001,0.18350000000000002,0.0,0.0,0.0,0.0,0.0,0.9154000000000001,0.0039000000000000003,0.08070000000000001,0.0,0.0,0.0,0.0,0.0,0.0184,0.7665000000000001,0.2151,0.0,0.0,0.0,0.0,0.0,0.9484454966912998,-1.3300409717980344,0.9472540692419497
83,6,a,343.15,2,0.27,0.2712,0.45880000000000004,0.0,0.0,0.0,0.0,0.0,0.6726000000000001,0.0466,0.2808,0.0,0.0,0.0,0.0,0.0,0.13699999999999998,0.34729999999999994,0.5157,0.0,0.0,0.0,0.0,0.0,0.9484454966912998,-1.3300409717980344,0.9472540692419497
84,6,a,343.15,2,0.1555,0.42619999999999997,0.4183,0.0,0.0,0.0,0.0,0.0,0.7526999999999999,0.024700000000000003,0.22,0.0,0.0,0.0,0.0,0.0,0.0436,0.5041,0.4523,0.0,0.0,0.0,0.0,0.0,0.9484454966912998,-1.3300409717980344,0.9472540692419497
85,6,a,343.15,2,0.3239,0.3268,0.3493,0.0,0.0,0.0,0.0,0.0,0.7779,0.0203,0.2018,0.0,0.0,0.0,0.0,0.0,0.0338,0.5389,0.42729999999999996,0.0,0.0,0.0,0.0,0.0,0.9484454966912998,-1.3300409717980344,0.9472540692419497
86,6,a,343.15,2,0.2518,0.5036999999999999,0.2445,0.0,0.0,0.0,0.0,0.0,0.8924,0.004699999999999999,0.10289999999999999,0.0,0.0,0.0,0.0,0.0,0.0177,0.6833,0.299,0.0,0.0,0.0,0.0,0.0,0.9484454966912998,-1.3300409717980344,0.9472540692419497
87,6,a,343.15,2,0.4236,0.4226,0.15380000000000002,0.0,0.0,0.0,0.0,0.0,0.9231,0.0022,0.0747,0.0,0.0,0.0,0.0,0.0,0.012199999999999999,0.7695000000000001,0.2183,0.0,0.0,0.0,0.0,0.0,0.9484454966912998,-1.3300409717980344,0.9472540692419497
88,7,a,303.15,1,0.5038,0.4349,0.0613,0.0,0.0,0.0,0.0,0.0,0.9854,0.0013,0.013300000000000001,0.0,0.0,0.0,0.0,0.0,0.0088,0.8878,0.10339999999999999,0.0,0.0,0.0,0.0,0.0,0.825334184745274,-2.3727062148754214,0.6895921471953154
89,7,a,303.15,1,0.4496,0.3568,0.1936,0.0,0.0,0.0,0.0,0.0,0.9587,0.002,0.0393,0.0,0.0,0.0,0.0,0.0,0.0040999999999999995,0.6667000000000001,0.3292,0.0,0.0,0.0,0.0,0.0,0.825334184745274,-2.3727062148754214,0.6895921471953154
90,7,a,303.15,1,0.3761,0.3065,0.31739999999999996,0.0,0.0,0.0,0.0,0.0,0.9416,0.0012,0.0572,0.0,0.0,0.0,0.0,0.0,0.0026,0.5294,0.46799999999999997,0.0,0.0,0.0,0.0,0.0,0.825334184745274,-2.3727062148754214,0.6895921471953154
91,7,a,303.15,1,0.3152,0.2805,0.4043,0.0,0.0,0.0,0.0,0.0,0.9251,0.0026,0.0723,0.0,0.0,0.0,0.0,0.0,0.0028000000000000004,0.4362,0.561,0.0,0.0,0.0,0.0,0.0,0.825334184745274,-2.3727062148754214,0.6895921471953154
92,7,a,303.15,1,0.30010000000000003,0.1877,0.5122,0.0,0.0,0.0,0.0,0.0,0.9178000000000001,0.0016,0.0806,0.0,0.0,0.0,0.0,0.0,0.0325,0.27899999999999997,0.6884999999999999,0.0,0.0,0.0,0.0,0.0,0.825334184745274,-2.3727062148754214,0.6895921471953154
93,7,a,303.15,1,0.2504,0.1293,0.6203,0.0,0.0,0.0,0.0,0.0,0.8615999999999999,0.0025,0.1359,0.0,0.0,0.0,0.0,0.0,0.0885,0.1805,0.731,0.0,0.0,0.0,0.0,0.0,0.825334184745274,-2.3727062148754214,0.6895921471953154
94,7,a,318.15,1,0.5073,0.42469999999999997,0.068,0.0,0.0,0.0,0.0,0.0,0.9793000000000001,0.0013,0.0194,0.0,0.0,0.0,0.0,0.0,0.0040999999999999995,0.879,0.11689999999999999,0.0,0.0,0.0,0.0,0.0,0.825334184745274,-2.3727062148754214,0.6895921471953154
95,7,a,318.15,1,0.4251,0.3726,0.2023,0.0,0.0,0.0,0.0,0.0,0.9390999999999999,0.0013,0.0596,0.0,0.0,0.0,0.0,0.0,0.0045000000000000005,0.6959000000000001,0.29960000000000003,0.0,0.0,0.0,0.0,0.0,0.825334184745274,-2.3727062148754214,0.6895921471953154
96,7,a,318.15,1,0.3711,0.3309,0.298,0.0,0.0,0.0,0.0,0.0,0.905,0.0037,0.0913,0.0,0.0,0.0,0.0,0.0,0.0019,0.5703,0.4278,0.0,0.0,0.0,0.0,0.0,0.825334184745274,-2.3727062148754214,0.6895921471953154
97,7,a,318.15,1,0.3152,0.2853,0.3995,0.0,0.0,0.0,0.0,0.0,0.8517,0.008100000000000001,0.1402,0.0,0.0,0.0,0.0,0.0,0.0040999999999999995,0.4681,0.5278,0.0,0.0,0.0,0.0,0.0,0.825334184745274,-2.3727062148754214,0.6895921471953154
98,7,a,318.15,1,0.2894,0.1937,0.5169,0.0,0.0,0.0,0.0,0.0,0.8247,0.0034000000000000002,0.17190000000000003,0.0,0.0,0.0,0.0,0.0,0.0418,0.2816,0.6766,0.0,0.0,0.0,0.0,0.0,0.825334184745274,-2.3727062148754214,0.6895921471953154
99,7,a,318.15,1,0.2584,0.1433,0.5982999999999999,0.0,0.0,0.0,0.0,0.0,0.7555,0.0137,0.23079999999999998,0.0,0.0,0.0,0.0,0.0,0.1002,0.2004,0.6994,0.0,0.0,0.0,0.0,0.0,0.825334184745274,-2.3727062148754214,0.6895921471953154
100,7,a,333.15,1,0.49340000000000006,0.43439999999999995,0.0722,0.0,0.0,0.0,0.0,0.0,0.9779000000000001,0.0012,0.0209,0.0,0.0,0.0,0.0,0.0,0.0054,0.8818,0.1128,0.0,0.0,0.0,0.0,0.0,0.825334184745274,-2.3727062148754214,0.6895921471953154
101,7,a,333.15,1,0.45039999999999997,0.3635,0.1861,0.0,0.0,0.0,0.0,0.0,0.9336,0.0017000000000000001,0.0647,0.0,0.0,0.0,0.0,0.0,0.0027,0.7081999999999999,0.2891,0.0,0.0,0.0,0.0,0.0,0.825334184745274,-2.3727062148754214,0.6895921471953154
102,7,a,333.15,1,0.3643,0.3243,0.3114,0.0,0.0,0.0,0.0,0.0,0.9095,0.0021,0.08839999999999999,0.0,0.0,0.0,0.0,0.0,0.0032,0.5670000000000001,0.42979999999999996,0.0,0.0,0.0,0.0,0.0,0.825334184745274,-2.3727062148754214,0.6895921471953154
103,7,a,333.15,1,0.3075,0.2893,0.4032,0.0,0.0,0.0,0.0,0.0,0.8832,0.0017000000000000001,0.1151,0.0,0.0,0.0,0.0,0.0,0.0028000000000000004,0.4696,0.5276,0.0,0.0,0.0,0.0,0.0,0.825334184745274,-2.3727062148754214,0.6895921471953154
104,7,a,333.15,1,0.2845,0.1905,0.525,0.0,0.0,0.0,0.0,0.0,0.8540000000000001,0.0012,0.1448,0.0,0.0,0.0,0.0,0.0,0.0447,0.3064,0.6489,0.0,0.0,0.0,0.0,0.0,0.825334184745274,-2.3727062148754214,0.6895921471953154
105,7,a,333.15,1,0.3075,0.2893,0.4032,0.0,0.0,0.0,0.0,0.0,0.8832,0.0017000000000000001,0.1151,0.0,0.0,0.0,0.0,0.0,0.0028000000000000004,0.4696,0.5276,0.0,0.0,0.0,0.0,0.0,0.825334184745274,-2.3727062148754214,0.6895921471953154
106,8,a,303.15,1,0.39380000000000004,0.39289999999999997,0.2133,0.0,0.0,0.0,0.0,0.0,0.9305,0.0055000000000000005,0.064,0.0,0.0,0.0,0.0,0.0,0.0004,0.6819,0.3177,0.0,0.0,0.0,0.0,0.0,0.95241790919406,-2.306974311885371,0.7717438226601727
107,8,a,303.15,1,0.38770000000000004,0.45270000000000005,0.15960000000000002,0.0,0.0,0.0,0.0,0.0,0.9547,0.0046,0.0407,0.0,0.0,0.0,0.0,0.0,0.0007000000000000001,0.7567,0.2426,0.0,0.0,0.0,0.0,0.0,0.95241790919406,-2.306974311885371,0.7717438226601727
108,8,a,303.15,1,0.4493,0.47369999999999995,0.077,0.0,0.0,0.0,0.0,0.0,0.9717,0.0052,0.0231,0.0,0.0,0.0,0.0,0.0,0.0002,0.8765999999999999,0.1232,0.0,0.0,0.0,0.0,0.0,0.95241790919406,-2.306974311885371,0.7717438226601727
109,8,a,303.15,1,0.2838,0.3743,0.3419,0.0,0.0,0.0,0.0,0.0,0.935,0.0036,0.061399999999999996,0.0,0.0,0.0,0.0,0.0,0.0091,0.5373,0.4536,0.0,0.0,0.0,0.0,0.0,0.95241790919406,-2.306974311885371,0.7717438226601727
110,8,a,303.15,1,0.2823,0.32189999999999996,0.3958,0.0,0.0,0.0,0.0,0.0,0.9026000000000001,0.006500000000000001,0.0909,0.0,0.0,0.0,0.0,0.0,0.0058,0.4526,0.5416,0.0,0.0,0.0,0.0,0.0,0.95241790919406,-2.306974311885371,0.7717438226601727
111,8,a,303.15,1,0.29510000000000003,0.259,0.4459,0.0,0.0,0.0,0.0,0.0,0.9056000000000001,0.0064,0.08800000000000001,0.0,0.0,0.0,0.0,0.0,0.0182,0.37939999999999996,0.6024,0.0,0.0,0.0,0.0,0.0,0.95241790919406,-2.306974311885371,0.7717438226601727
112,8,a,303.15,1,0.298,0.1307,0.5713,0.0,0.0,0.0,0.0,0.0,0.7648,0.0053,0.2299,0.0,0.0,0.0,0.0,0.0,0.059000000000000004,0.201,0.74,0.0,0.0,0.0,0.0,0.0,0.95241790919406,-2.306974311885371,0.7717438226601727
113,8,a,318.15,1,0.4607,0.4802,0.0591,0.0,0.0,0.0,0.0,0.0,0.9797,0.0034999999999999996,0.0168,0.0,0.0,0.0,0.0,0.0,0.001,0.9087999999999999,0.0902,0.0,0.0,0.0,0.0,0.0,0.95241790919406,-2.306974311885371,0.7717438226601727
114,8,a,318.15,1,0.40590000000000004,0.4205,0.1736,0.0,0.0,0.0,0.0,0.0,0.9505,0.0079,0.0416,0.0,0.0,0.0,0.0,0.0,0.0032,0.7304,0.2664,0.0,0.0,0.0,0.0,0.0,0.95241790919406,-2.306974311885371,0.7717438226601727
115,8,a,318.15,1,0.3439,0.3429,0.3132,0.0,0.0,0.0,0.0,0.0,0.9318000000000001,0.0031,0.06509999999999999,0.0,0.0,0.0,0.0,0.0,0.0111,0.5329999999999999,0.4559,0.0,0.0,0.0,0.0,0.0,0.95241790919406,-2.306974311885371,0.7717438226601727
116,8,a,318.15,1,0.3066,0.31579999999999997,0.3776,0.0,0.0,0.0,0.0,0.0,0.9014,0.0011,0.0975,0.0,0.0,0.0,0.0,0.0,0.0152,0.4698,0.515,0.0,0.0,0.0,0.0,0.0,0.95241790919406,-2.306974311885371,0.7717438226601727
117,8,a,318.15,1,0.23809999999999998,0.26239999999999997,0.49950000000000006,0.0,0.0,0.0,0.0,0.0,0.8553000000000001,0.0015,0.1432,0.0,0.0,0.0,0.0,0.0,0.024900000000000002,0.35850000000000004,0.6165999999999999,0.0,0.0,0.0,0.0,0.0,0.95241790919406,-2.306974311885371,0.7717438226601727
118,8,a,318.15,1,0.2958,0.1689,0.5353,0.0,0.0,0.0,0.0,0.0,0.7868,0.0011,0.2121,0.0,0.0,0.0,0.0,0.0,0.056600000000000004,0.2418,0.7016,0.0,0.0,0.0,0.0,0.0,0.95241790919406,-2.306974311885371,0.7717438226601727
119,8,a,333.15,1,0.4765,0.4858,0.0377,0.0,0.0,0.0,0.0,0.0,0.9632,0.0011,0.035699999999999996,0.0,0.0,0.0,0.0,0.0,0.0040999999999999995,0.7448999999999999,0.251,0.0,0.0,0.0,0.0,0.0,0.95241790919406,-2.306974311885371,0.7717438226601727
120,8,a,333.15,1,0.4416,0.45649999999999996,0.10189999999999999,0.0,0.0,0.0,0.0,0.0,0.9751000000000001,0.0014000000000000002,0.0235,0.0,0.0,0.0,0.0,0.0,0.0004,0.8323,0.1673,0.0,0.0,0.0,0.0,0.0,0.95241790919406,-2.306974311885371,0.7717438226601727
121,8,a,333.15,1,0.4156,0.4249,0.1595,0.0,0.0,0.0,0.0,0.0,0.9901000000000001,0.0013,0.0086,0.0,0.0,0.0,0.0,0.0,0.011000000000000001,0.9279000000000001,0.0611,0.0,0.0,0.0,0.0,0.0,0.95241790919406,-2.306974311885371,0.7717438226601727
122,8,a,333.15,1,0.36869999999999997,0.3923,0.239,0.0,0.0,0.0,0.0,0.0,0.9407,0.0042,0.055099999999999996,0.0,0.0,0.0,0.0,0.0,0.0279,0.6149,0.35719999999999996,0.0,0.0,0.0,0.0,0.0,0.95241790919406,-2.306974311885371,0.7717438226601727
123,8,a,333.15,1,0.34009999999999996,0.3143,0.3456,0.0,0.0,0.0,0.0,0.0,0.9048999999999999,0.0060999999999999995,0.08900000000000001,0.0,0.0,0.0,0.0,0.0,0.041100000000000005,0.48100000000000004,0.4779,0.0,0.0,0.0,0.0,0.0,0.95241790919406,-2.306974311885371,0.7717438226601727
124,8,a,333.15,1,0.3019,0.23070000000000002,0.46740000000000004,0.0,0.0,0.0,0.0,0.0,0.8245999999999999,0.005,0.1704,0.0,0.0,0.0,0.0,0.0,0.0466,0.3329,0.6204999999999999,0.0,0.0,0.0,0.0,0.0,0.95241790919406,-2.306974311885371,0.7717438226601727
125,9,a,298.15,2,0.1617,0.6851,0.1532,0.0,0.0,0.0,0.0,0.0,0.9269,0.0217,0.051399999999999994,0.0,0.0,0.0,0.0,0.0,0.0025,0.8249,0.1726,0.0,0.0,0.0,0.0,0.0,0.918304357411339,-1.1648488864300088,0.8546406818497977
126,9,a,298.15,2,0.3542,0.4251,0.2207,0.0,0.0,0.0,0.0,0.0,0.8818,0.0256,0.0926,0.0,0.0,0.0,0.0,0.0,0.0039000000000000003,0.6995,0.2966,0.0,0.0,0.0,0.0,0.0,0.918304357411339,-1.1648488864300088,0.8546406818497977
127,9,a,298.15,2,0.3899,0.3356,0.27449999999999997,0.0,0.0,0.0,0.0,0.0,0.8423,0.0253,0.1324,0.0,0.0,0.0,0.0,0.0,0.0084,0.6001,0.39149999999999996,0.0,0.0,0.0,0.0,0.0,0.918304357411339,-1.1648488864300088,0.8546406818497977
128,9,a,298.15,2,0.5191,0.20920000000000002,0.2717,0.0,0.0,0.0,0.0,0.0,0.8165,0.022099999999999998,0.16140000000000002,0.0,0.0,0.0,0.0,0.0,0.013999999999999999,0.5432,0.4428,0.0,0.0,0.0,0.0,0.0,0.918304357411339,-1.1648488864300088,0.8546406818497977
129,9,a,333.15,2,0.3996,0.3996,0.20079999999999998,0.0,0.0,0.0,0.0,0.0,0.8531,0.018600000000000002,0.1283,0.0,0.0,0.0,0.0,0.0,0.0066,0.7252,0.2682,0.0,0.0,0.0,0.0,0.0,0.918304357411339,-1.1648488864300088,0.8546406818497977
130,9,a,333.15,2,0.3005,0.3978,0.3017,0.0,0.0,0.0,0.0,0.0,0.8058,0.0189,0.1753,0.0,0.0,0.0,0.0,0.0,0.005600000000000001,0.6042000000000001,0.39020000000000005,0.0,0.0,0.0,0.0,0.0,0.918304357411339,-1.1648488864300088,0.8546406818497977
131,9,a,333.15,2,0.5331,0.1981,0.2688,0.0,0.0,0.0,0.0,0.0,0.787,0.0196,0.1934,0.0,0.0,0.0,0.0,0.0,0.0077,0.5589,0.4334,0.0,0.0,0.0,0.0,0.0,0.918304357411339,-1.1648488864300088,0.8546406818497977
132,9,a,333.15,2,0.4863,0.1993,0.3144,0.0,0.0,0.0,0.0,0.0,0.7509999999999999,0.0209,0.2281,0.0,0.0,0.0,0.0,0.0,0.0128,0.5055,0.4817,0.0,0.0,0.0,0.0,0.0,0.918304357411339,-1.1648488864300088,0.8546406818497977
133,9,a,333.15,2,0.4416,0.193,0.3654,0.0,0.0,0.0,0.0,0.0,0.7195999999999999,0.023799999999999998,0.2566,0.0,0.0,0.0,0.0,0.0,0.0207,0.4464,0.5329,0.0,0.0,0.0,0.0,0.0,0.918304357411339,-1.1648488864300088,0.8546406818497977
134,10,a,293.15,2,0.49420000000000003,0.46649999999999997,0.0393,0.0,0.0,0.0,0.0,0.0,0.9612999999999999,0.0148,0.0239,0.0,0.0,0.0,0.0,0.0,0.0189,0.9269,0.0542,0.0,0.0,0.0,0.0,0.0,0.9229517551300969,-1.253874716074145,0.8610128433181043
135,10,a,293.15,2,0.44770000000000004,0.4457,0.1066,0.0,0.0,0.0,0.0,0.0,0.9279000000000001,0.0199,0.052199999999999996,0.0,0.0,0.0,0.0,0.0,0.0209,0.8284999999999999,0.1506,0.0,0.0,0.0,0.0,0.0,0.9229517551300969,-1.253874716074145,0.8610128433181043
136,10,a,293.15,2,0.4152,0.408,0.17679999999999998,0.0,0.0,0.0,0.0,0.0,0.8878,0.026099999999999998,0.0861,0.0,0.0,0.0,0.0,0.0,0.0218,0.7338,0.2444,0.0,0.0,0.0,0.0,0.0,0.9229517551300969,-1.253874716074145,0.8610128433181043
137,10,a,293.15,2,0.38060000000000005,0.37020000000000003,0.2492,0.0,0.0,0.0,0.0,0.0,0.813,0.0373,0.1497,0.0,0.0,0.0,0.0,0.0,0.0216,0.65,0.3284,0.0,0.0,0.0,0.0,0.0,0.9229517551300969,-1.253874716074145,0.8610128433181043
138,10,a,293.15,2,0.32909999999999995,0.3272,0.34369999999999995,0.0,0.0,0.0,0.0,0.0,0.7807,0.04190000000000001,0.17739999999999997,0.0,0.0,0.0,0.0,0.0,0.019,0.5246999999999999,0.45630000000000004,0.0,0.0,0.0,0.0,0.0,0.9229517551300969,-1.253874716074145,0.8610128433181043
139,10,a,323.15,2,0.46630000000000005,0.47600000000000003,0.057699999999999994,0.0,0.0,0.0,0.0,0.0,0.9591,0.020499999999999997,0.0204,0.0,0.0,0.0,0.0,0.0,0.0387,0.8797,0.0816,0.0,0.0,0.0,0.0,0.0,0.9229517551300969,-1.253874716074145,0.8610128433181043
140,10,a,323.15,2,0.4335,0.4445,0.122,0.0,0.0,0.0,0.0,0.0,0.9333,0.0278,0.038900000000000004,0.0,0.0,0.0,0.0,0.0,0.024399999999999998,0.7793000000000001,0.1963,0.0,0.0,0.0,0.0,0.0,0.9229517551300969,-1.253874716074145,0.8610128433181043
141,10,a,323.15,2,0.3933,0.41100000000000003,0.1957,0.0,0.0,0.0,0.0,0.0,0.8965000000000001,0.0391,0.0644,0.0,0.0,0.0,0.0,0.0,0.022400000000000003,0.6811,0.2965,0.0,0.0,0.0,0.0,0.0,0.9229517551300969,-1.253874716074145,0.8610128433181043
142,10,a,323.15,2,0.3786,0.3635,0.2579,0.0,0.0,0.0,0.0,0.0,0.8325,0.0632,0.1043,0.0,0.0,0.0,0.0,0.0,0.0104,0.6104999999999999,0.3791,0.0,0.0,0.0,0.0,0.0,0.9229517551300969,-1.253874716074145,0.8610128433181043
143,10,a,323.15,2,0.3497,0.32689999999999997,0.3234,0.0,0.0,0.0,0.0,0.0,0.8078,0.0761,0.1161,0.0,0.0,0.0,0.0,0.0,0.0269,0.5446,0.4285,0.0,0.0,0.0,0.0,0.0,0.9229517551300969,-1.253874716074145,0.8610128433181043
144,10,b,298.15,2,0.46649999999999997,0.4904,0.0431,0.0,0.0,0.0,0.0,0.0,0.9495999999999999,0.0175,0.0329,0.0,0.0,0.0,0.0,0.0,0.0429,0.9073,0.049800000000000004,0.0,0.0,0.0,0.0,0.0,0.9372760151454275,-1.0816767660476545,0.9364988283629131
145,10,b,298.15,2,0.4672,0.46649999999999997,0.0663,0.0,0.0,0.0,0.0,0.0,0.9417,0.0171,0.0412,0.0,0.0,0.0,0.0,0.0,0.0481,0.8674,0.08449999999999999,0.0,0.0,0.0,0.0,0.0,0.9372760151454275,-1.0816767660476545,0.9364988283629131
146,10,b,298.15,2,0.45380000000000004,0.44229999999999997,0.1039,0.0,0.0,0.0,0.0,0.0,0.9244,0.016399999999999998,0.0592,0.0,0.0,0.0,0.0,0.0,0.050499999999999996,0.8219,0.1276,0.0,0.0,0.0,0.0,0.0,0.9372760151454275,-1.0816767660476545,0.9364988283629131
147,10,b,298.15,2,0.4255,0.4391,0.1354,0.0,0.0,0.0,0.0,0.0,0.9148000000000001,0.0159,0.0693,0.0,0.0,0.0,0.0,0.0,0.0493,0.7797,0.171,0.0,0.0,0.0,0.0,0.0,0.9372760151454275,-1.0816767660476545,0.9364988283629131
148,10,b,298.15,2,0.4083,0.4118,0.17989999999999998,0.0,0.0,0.0,0.0,0.0,0.8778,0.0143,0.1079,0.0,0.0,0.0,0.0,0.0,0.0424,0.7281,0.22949999999999998,0.0,0.0,0.0,0.0,0.0,0.9372760151454275,-1.0816767660476545,0.9364988283629131
149,10,b,298.15,2,0.3907,0.3994,0.20989999999999998,0.0,0.0,0.0,0.0,0.0,0.8702,0.013999999999999999,0.1158,0.0,0.0,0.0,0.0,0.0,0.034,0.693,0.273,0.0,0.0,0.0,0.0,0.0,0.9372760151454275,-1.0816767660476545,0.9364988283629131
150,10,b,313.15,2,0.47840000000000005,0.4864,0.0352,0.0,0.0,0.0,0.0,0.0,0.9740000000000001,0.018799999999999997,0.0072,0.0,0.0,0.0,0.0,0.0,0.0287,0.9184,0.0529,0.0,0.0,0.0,0.0,0.0,0.9372760151454275,-1.0816767660476545,0.9364988283629131
151,10,b,313.15,2,0.4606,0.4752,0.0642,0.0,0.0,0.0,0.0,0.0,0.9529000000000001,0.0199,0.027200000000000002,0.0,0.0,0.0,0.0,0.0,0.028399999999999998,0.8791,0.0925,0.0,0.0,0.0,0.0,0.0,0.9372760151454275,-1.0816767660476545,0.9364988283629131
152,10,b,313.15,2,0.4233,0.47740000000000005,0.0993,0.0,0.0,0.0,0.0,0.0,0.9311,0.0212,0.04769999999999999,0.0,0.0,0.0,0.0,0.0,0.0276,0.8375,0.1349,0.0,0.0,0.0,0.0,0.0,0.9372760151454275,-1.0816767660476545,0.9364988283629131
153,10,b,313.15,2,0.43770000000000003,0.4279,0.1344,0.0,0.0,0.0,0.0,0.0,0.9035,0.022799999999999997,0.0737,0.0,0.0,0.0,0.0,0.0,0.0263,0.7934,0.18030000000000002,0.0,0.0,0.0,0.0,0.0,0.9372760151454275,-1.0816767660476545,0.9364988283629131
154,10,b,313.15,2,0.41659999999999997,0.4117,0.17170000000000002,0.0,0.0,0.0,0.0,0.0,0.8831,0.024,0.0929,0.0,0.0,0.0,0.0,0.0,0.0242,0.7431,0.2327,0.0,0.0,0.0,0.0,0.0,0.9372760151454275,-1.0816767660476545,0.9364988283629131
155,10,b,313.15,2,0.39380000000000004,0.3996,0.2066,0.0,0.0,0.0,0.0,0.0,0.8690000000000001,0.024900000000000002,0.1061,0.0,0.0,0.0,0.0,0.0,0.021099999999999997,0.6933,0.28559999999999997,0.0,0.0,0.0,0.0,0.0,0.9372760151454275,-1.0816767660476545,0.9364988283629131
156,11,a,293.15,2,0.4911,0.4892,0.0197,0.0,0.0,0.0,0.0,0.0,0.9715,0.0131,0.0154,0.0,0.0,0.0,0.0,0.0,0.023399999999999997,0.9466,0.03,0.0,0.0,0.0,0.0,0.0,0.956457193835279,-0.042726096606792385,1.2115094197714324
157,11,a,293.15,2,0.4732,0.46909999999999996,0.057699999999999994,0.0,0.0,0.0,0.0,0.0,0.9486,0.0163,0.0351,0.0,0.0,0.0,0.0,0.0,0.029900000000000003,0.8918,0.0783,0.0,0.0,0.0,0.0,0.0,0.956457193835279,-0.042726096606792385,1.2115094197714324
158,11,a,293.15,2,0.46759999999999996,0.4448,0.0876,0.0,0.0,0.0,0.0,0.0,0.8926000000000001,0.0241,0.0833,0.0,0.0,0.0,0.0,0.0,0.0335,0.8565,0.11,0.0,0.0,0.0,0.0,0.0,0.956457193835279,-0.042726096606792385,1.2115094197714324
159,11,a,293.15,2,0.4404,0.44229999999999997,0.1173,0.0,0.0,0.0,0.0,0.0,0.8820999999999999,0.0255,0.0924,0.0,0.0,0.0,0.0,0.0,0.0374,0.8146,0.14800000000000002,0.0,0.0,0.0,0.0,0.0,0.956457193835279,-0.042726096606792385,1.2115094197714324
160,11,a,293.15,2,0.40619999999999995,0.3935,0.2003,0.0,0.0,0.0,0.0,0.0,0.8157,0.0348,0.1495,0.0,0.0,0.0,0.0,0.0,0.04,0.7809999999999999,0.179,0.0,0.0,0.0,0.0,0.0,0.956457193835279,-0.042726096606792385,1.2115094197714324
161,11,a,293.15,2,0.41229999999999994,0.41960000000000003,0.1681,0.0,0.0,0.0,0.0,0.0,0.7857,0.039,0.1753,0.0,0.0,0.0,0.0,0.0,0.0417,0.7563,0.20199999999999999,0.0,0.0,0.0,0.0,0.0,0.956457193835279,-0.042726096606792385,1.2115094197714324
162,11,a,323.15,2,0.47240000000000004,0.4788,0.048799999999999996,0.0,0.0,0.0,0.0,0.0,0.9357,0.0605,0.0038,0.0,0.0,0.0,0.0,0.0,0.0178,0.9112,0.071,0.0,0.0,0.0,0.0,0.0,0.956457193835279,-0.042726096606792385,1.2115094197714324
163,11,a,323.15,2,0.4576,0.4556,0.0868,0.0,0.0,0.0,0.0,0.0,0.8894,0.035,0.0756,0.0,0.0,0.0,0.0,0.0,0.0213,0.8542000000000001,0.1245,0.0,0.0,0.0,0.0,0.0,0.956457193835279,-0.042726096606792385,1.2115094197714324
164,11,a,323.15,2,0.4439,0.44,0.1161,0.0,0.0,0.0,0.0,0.0,0.852,0.0414,0.1066,0.0,0.0,0.0,0.0,0.0,0.0255,0.8095,0.165,0.0,0.0,0.0,0.0,0.0,0.956457193835279,-0.042726096606792385,1.2115094197714324
165,11,a,323.15,2,0.4249,0.4243,0.1508,0.0,0.0,0.0,0.0,0.0,0.8181999999999999,0.0466,0.1352,0.0,0.0,0.0,0.0,0.0,0.0313,0.7619,0.20679999999999998,0.0,0.0,0.0,0.0,0.0,0.956457193835279,-0.042726096606792385,1.2115094197714324
166,11,a,323.15,2,0.42969999999999997,0.406,0.1643,0.0,0.0,0.0,0.0,0.0,0.8029000000000001,0.0487,0.1484,0.0,0.0,0.0,0.0,0.0,0.0341,0.7419,0.22399999999999998,0.0,0.0,0.0,0.0,0.0,0.956457193835279,-0.042726096606792385,1.2115094197714324
174,12,a,323.15,2,0.27483,0.27208,0.45309,0.0,0.0,0.0,0.0,0.0,0.72285,0.03399,0.24316,0.0,0.0,0.0,0.0,0.0,0.09936,0.35298999999999997,0.54765,0.0,0.0,0.0,0.0,0.0,0.9581282378633382,-1.2870358367408588,0.8456656203748313
175,12,a,323.15,2,0.25812999999999997,0.32604,0.41583,0.0,0.0,0.0,0.0,0.0,0.7497,0.03678,0.21352000000000002,0.0,0.0,0.0,0.0,0.0,0.07155,0.4264,0.50205,0.0,0.0,0.0,0.0,0.0,0.9581282378633382,-1.2870358367408588,0.8456656203748313
176,12,a,323.15,2,0.32158000000000003,0.34615,0.33226999999999995,0.0,0.0,0.0,0.0,0.0,0.82498,0.02259,0.15243,0.0,0.0,0.0,0.0,0.0,0.03564,0.52416,0.44020000000000004,0.0,0.0,0.0,0.0,0.0,0.9581282378633382,-1.2870358367408588,0.8456656203748313
177,12,a,323.15,2,0.36701999999999996,0.38322,0.24975999999999998,0.0,0.0,0.0,0.0,0.0,0.8655200000000001,0.01629,0.11819,0.0,0.0,0.0,0.0,0.0,0.0154,0.63689,0.34771,0.0,0.0,0.0,0.0,0.0,0.9581282378633382,-1.2870358367408588,0.8456656203748313
178,12,a,323.15,2,0.20501000000000003,0.58997,0.20501999999999998,0.0,0.0,0.0,0.0,0.0,0.9079,0.01424,0.07786,0.0,0.0,0.0,0.0,0.0,0.01123,0.75383,0.23494,0.0,0.0,0.0,0.0,0.0,0.9581282378633382,-1.2870358367408588,0.8456656203748313
179,12,a,323.15,2,0.20613,0.6546,0.13927,0.0,0.0,0.0,0.0,0.0,0.94234,0.01119,0.046470000000000004,0.0,0.0,0.0,0.0,0.0,0.0097,0.8351900000000001,0.15511,0.0,0.0,0.0,0.0,0.0,0.9581282378633382,-1.2870358367408588,0.8456656203748313
180,12,a,353.15,2,0.1865,0.34201,0.47149,0.0,0.0,0.0,0.0,0.0,0.6619700000000001,0.06726,0.27077,0.0,0.0,0.0,0.0,0.0,0.12597,0.37066000000000004,0.50337,0.0,0.0,0.0,0.0,0.0,0.9581282378633382,-1.2870358367408588,0.8456656203748313
181,12,a,353.15,2,0.16563,0.41518,0.41918999999999995,0.0,0.0,0.0,0.0,0.0,0.7464700000000001,0.03733,0.2162,0.0,0.0,0.0,0.0,0.0,0.07639,0.46093000000000006,0.46268,0.0,0.0,0.0,0.0,0.0,0.9581282378633382,-1.2870358367408588,0.8456656203748313
182,12,a,353.15,2,0.156,0.46448,0.37951999999999997,0.0,0.0,0.0,0.0,0.0,0.78431,0.03007,0.18562,0.0,0.0,0.0,0.0,0.0,0.046630000000000005,0.5336,0.41977,0.0,0.0,0.0,0.0,0.0,0.9581282378633382,-1.2870358367408588,0.8456656203748313
183,12,a,353.15,2,0.17271,0.54071,0.28658,0.0,0.0,0.0,0.0,0.0,0.8294400000000001,0.01929,0.15127000000000002,0.0,0.0,0.0,0.0,0.0,0.014690000000000002,0.65487,0.33043999999999996,0.0,0.0,0.0,0.0,0.0,0.9581282378633382,-1.2870358367408588,0.8456656203748313
184,12,a,353.15,2,0.20321999999999998,0.5848,0.21198,0.0,0.0,0.0,0.0,0.0,0.89617,0.01672,0.08711,0.0,0.0,0.0,0.0,0.0,0.01228,0.75303,0.23469,0.0,0.0,0.0,0.0,0.0,0.9581282378633382,-1.2870358367408588,0.8456656203748313
185,12,a,353.15,2,0.20904,0.66384,0.12712,0.0,0.0,0.0,0.0,0.0,0.93158,0.01516,0.053259999999999995,0.0,0.0,0.0,0.0,0.0,0.010920000000000001,0.83416,0.15492,0.0,0.0,0.0,0.0,0.0,0.9581282378633382,-1.2870358367408588,0.8456656203748313
186,12,b,323.15,2,0.23895,0.23849,0.022559999999999997,0.0,0.0,0.0,0.0,0.0,0.61097,0.06910999999999999,0.31992,0.0,0.0,0.0,0.0,0.0,0.16171,0.27659,0.5617,0.0,0.0,0.0,0.0,0.0,0.9825301387180214,-1.236866424365311,0.7776357601565623
187,12,b,323.15,2,0.29577000000000003,0.29607,0.40816,0.0,0.0,0.0,0.0,0.0,0.73713,0.04486,0.21800999999999998,0.0,0.0,0.0,0.0,0.0,0.08712999999999999,0.40928,0.50359,0.0,0.0,0.0,0.0,0.0,0.9825301387180214,-1.236866424365311,0.7776357601565623
188,12,b,323.15,2,0.31981000000000004,0.32138,0.35881,0.0,0.0,0.0,0.0,0.0,0.77313,0.034769999999999995,0.19210000000000002,0.0,0.0,0.0,0.0,0.0,0.05489,0.48191,0.4632,0.0,0.0,0.0,0.0,0.0,0.9825301387180214,-1.236866424365311,0.7776357601565623
189,12,b,323.15,2,0.35524,0.35435,0.29041,0.0,0.0,0.0,0.0,0.0,0.83052,0.02511,0.14437,0.0,0.0,0.0,0.0,0.0,0.02835,0.58449,0.38716,0.0,0.0,0.0,0.0,0.0,0.9825301387180214,-1.236866424365311,0.7776357601565623
190,12,b,323.15,2,0.41473999999999994,0.41478000000000004,0.17048,0.0,0.0,0.0,0.0,0.0,0.89422,0.021720000000000003,0.08406000000000001,0.0,0.0,0.0,0.0,0.0,0.0057599999999999995,0.73784,0.2564,0.0,0.0,0.0,0.0,0.0,0.9825301387180214,-1.236866424365311,0.7776357601565623
191,12,b,323.15,2,0.44726999999999995,0.44731000000000004,0.10542,0.0,0.0,0.0,0.0,0.0,0.92794,0.01974,0.052320000000000005,0.0,0.0,0.0,0.0,0.0,0.00252,0.84301,0.15447,0.0,0.0,0.0,0.0,0.0,0.9825301387180214,-1.236866424365311,0.7776357601565623
192,12,b,353.15,2,0.29577000000000003,0.29997,0.40426,0.0,0.0,0.0,0.0,0.0,0.6955100000000001,0.05513,0.24936,0.0,0.0,0.0,0.0,0.0,0.09219,0.42881,0.479,0.0,0.0,0.0,0.0,0.0,0.9825301387180214,-1.236866424365311,0.7776357601565623
193,12,b,353.15,2,0.34124000000000004,0.34491999999999995,0.31384,0.0,0.0,0.0,0.0,0.0,0.7983,0.02638,0.17532,0.0,0.0,0.0,0.0,0.0,0.03762,0.53984,0.42253999999999997,0.0,0.0,0.0,0.0,0.0,0.9825301387180214,-1.236866424365311,0.7776357601565623
194,12,b,353.15,2,0.39271,0.39139,0.2159,0.0,0.0,0.0,0.0,0.0,0.8588899999999999,0.02139,0.11972,0.0,0.0,0.0,0.0,0.0,0.02521,0.66581,0.30898,0.0,0.0,0.0,0.0,0.0,0.9825301387180214,-1.236866424365311,0.7776357601565623
195,12,b,353.15,2,0.41531,0.40479,0.17989999999999998,0.0,0.0,0.0,0.0,0.0,0.884,0.0197,0.09630000000000001,0.0,0.0,0.0,0.0,0.0,0.01886,0.73789,0.24325,0.0,0.0,0.0,0.0,0.0,0.9825301387180214,-1.236866424365311,0.7776357601565623
196,12,b,353.15,2,0.44317,0.44173,0.1151,0.0,0.0,0.0,0.0,0.0,0.91891,0.01774,0.06335,0.0,0.0,0.0,0.0,0.0,0.009000000000000001,0.845,0.146,0.0,0.0,0.0,0.0,0.0,0.9825301387180214,-1.236866424365311,0.7776357601565623
197,12,c,323.15,2,0.24958,0.252,0.49842,0.0,0.0,0.0,0.0,0.0,0.57058,0.10446,0.32496,0.0,0.0,0.0,0.0,0.0,0.1235,0.31739999999999996,0.5590999999999999,0.0,0.0,0.0,0.0,0.0,0.9363995964695625,-1.1242626943009038,0.8681964384974409
198,12,c,323.15,2,0.28544,0.2938,0.42076,0.0,0.0,0.0,0.0,0.0,0.7355800000000001,0.04897,0.21545000000000003,0.0,0.0,0.0,0.0,0.0,0.05852,0.42395000000000005,0.51753,0.0,0.0,0.0,0.0,0.0,0.9363995964695625,-1.1242626943009038,0.8681964384974409
199,12,c,323.15,2,0.34244,0.34556,0.312,0.0,0.0,0.0,0.0,0.0,0.80684,0.0301,0.16306,0.0,0.0,0.0,0.0,0.0,0.02323,0.56459,0.41218000000000005,0.0,0.0,0.0,0.0,0.0,0.9363995964695625,-1.1242626943009038,0.8681964384974409
200,12,c,323.15,2,0.39341000000000004,0.39652,0.21007,0.0,0.0,0.0,0.0,0.0,0.8835299999999999,0.01012,0.10635,0.0,0.0,0.0,0.0,0.0,0.013839999999999998,0.69685,0.28931,0.0,0.0,0.0,0.0,0.0,0.9363995964695625,-1.1242626943009038,0.8681964384974409
201,12,c,323.15,2,0.43,0.43267000000000005,0.13733,0.0,0.0,0.0,0.0,0.0,0.92431,0.00308,0.07261000000000001,0.0,0.0,0.0,0.0,0.0,0.00592,0.7828499999999999,0.21123,0.0,0.0,0.0,0.0,0.0,0.9363995964695625,-1.1242626943009038,0.8681964384974409
202,12,c,323.15,2,0.4569,0.45694,0.08616,0.0,0.0,0.0,0.0,0.0,0.94761,0.00226,0.05013,0.0,0.0,0.0,0.0,0.0,0.00299,0.8674,0.12961,0.0,0.0,0.0,0.0,0.0,0.9363995964695625,-1.1242626943009038,0.8681964384974409
203,12,c,353.15,2,0.31087,0.31420000000000003,0.37493000000000004,0.0,0.0,0.0,0.0,0.0,0.74236,0.05327,0.20437000000000002,0.0,0.0,0.0,0.0,0.0,0.06509999999999999,0.46009999999999995,0.47479999999999994,0.0,0.0,0.0,0.0,0.0,0.9363995964695625,-1.1242626943009038,0.8681964384974409
204,12,c,353.15,2,0.34325000000000006,0.33635,0.3204,0.0,0.0,0.0,0.0,0.0,0.77302,0.04417,0.18281,0.0,0.0,0.0,0.0,0.0,0.04707,0.52607,0.42686,0.0,0.0,0.0,0.0,0.0,0.9363995964695625,-1.1242626943009038,0.8681964384974409
205,12,c,353.15,2,0.38156,0.37594,0.2425,0.0,0.0,0.0,0.0,0.0,0.81289,0.029910000000000003,0.1572,0.0,0.0,0.0,0.0,0.0,0.01202,0.65706,0.33092,0.0,0.0,0.0,0.0,0.0,0.9363995964695625,-1.1242626943009038,0.8681964384974409
206,12,c,353.15,2,0.40452,0.40764,0.18783999999999998,0.0,0.0,0.0,0.0,0.0,0.85124,0.021230000000000002,0.12753,0.0,0.0,0.0,0.0,0.0,0.007940000000000001,0.7440399999999999,0.24802,0.0,0.0,0.0,0.0,0.0,0.9363995964695625,-1.1242626943009038,0.8681964384974409
207,12,c,353.15,2,0.44317,0.44269,0.11413999999999999,0.0,0.0,0.0,0.0,0.0,0.92123,0.00439,0.07438,0.0,0.0,0.0,0.0,0.0,0.00322,0.8558199999999999,0.14096,0.0,0.0,0.0,0.0,0.0,0.9363995964695625,-1.1242626943009038,0.8681964384974409
208,12,d,323.15,2,0.2975,0.29710000000000003,0.4054,0.0,0.0,0.0,0.0,0.0,0.58317,0.07997,0.33686,0.0,0.0,0.0,0.0,0.0,0.07345,0.46224,0.46431,0.0,0.0,0.0,0.0,0.0,0.9668645194457333,-0.5334084632324421,1.0441377605361912
209,12,d,323.15,2,0.34696,0.34658,0.30646,0.0,0.0,0.0,0.0,0.0,0.7282899999999999,0.034620000000000005,0.23709,0.0,0.0,0.0,0.0,0.0,0.02625,0.58987,0.38388,0.0,0.0,0.0,0.0,0.0,0.9668645194457333,-0.5334084632324421,1.0441377605361912
210,12,d,323.15,2,0.39341000000000004,0.39102,0.21556999999999998,0.0,0.0,0.0,0.0,0.0,0.83601,0.015529999999999999,0.14846,0.0,0.0,0.0,0.0,0.0,0.01282,0.7001900000000001,0.28699,0.0,0.0,0.0,0.0,0.0,0.9668645194457333,-0.5334084632324421,1.0441377605361912
211,12,d,323.15,2,0.43603000000000003,0.43645,0.12752,0.0,0.0,0.0,0.0,0.0,0.9165099999999999,0.00525,0.07824,0.0,0.0,0.0,0.0,0.0,0.00876,0.8369,0.15434,0.0,0.0,0.0,0.0,0.0,0.9668645194457333,-0.5334084632324421,1.0441377605361912
212,12,d,323.15,2,0.43603000000000003,0.43645,0.12752,0.0,0.0,0.0,0.0,0.0,0.9165099999999999,0.00525,0.07824,0.0,0.0,0.0,0.0,0.0,0.00876,0.8369,0.15434,0.0,0.0,0.0,0.0,0.0,0.9668645194457333,-0.5334084632324421,1.0441377605361912
213,12,d,353.15,2,0.32014000000000004,0.31145,0.36841,0.0,0.0,0.0,0.0,0.0,0.5839300000000001,0.09755000000000001,0.31852,0.0,0.0,0.0,0.0,0.0,0.10984,0.46823,0.42192999999999997,0.0,0.0,0.0,0.0,0.0,0.9668645194457333,-0.5334084632324421,1.0441377605361912
214,12,d,353.15,2,0.34503999999999996,0.34601,0.30895,0.0,0.0,0.0,0.0,0.0,0.71053,0.046740000000000004,0.24273,0.0,0.0,0.0,0.0,0.0,0.038060000000000004,0.5826899999999999,0.37925,0.0,0.0,0.0,0.0,0.0,0.9668645194457333,-0.5334084632324421,1.0441377605361912
215,12,d,353.15,2,0.38131,0.38049999999999995,0.23818999999999999,0.0,0.0,0.0,0.0,0.0,0.77561,0.02566,0.19873000000000002,0.0,0.0,0.0,0.0,0.0,0.01278,0.68818,0.29904,0.0,0.0,0.0,0.0,0.0,0.9668645194457333,-0.5334084632324421,1.0441377605361912
216,12,d,353.15,2,0.41184,0.41551000000000005,0.17265,0.0,0.0,0.0,0.0,0.0,0.8471,0.01435,0.13855,0.0,0.0,0.0,0.0,0.0,0.00893,0.7882399999999999,0.20283,0.0,0.0,0.0,0.0,0.0,0.9668645194457333,-0.5334084632324421,1.0441377605361912
217,12,d,353.15,2,0.44780000000000003,0.45193,0.10027,0.0,0.0,0.0,0.0,0.0,0.91601,0.00759,0.0764,0.0,0.0,0.0,0.0,0.0,0.00525,0.87689,0.11785999999999999,0.0,0.0,0.0,0.0,0.0,0.9668645194457333,-0.5334084632324421,1.0441377605361912
218,13,a,298.15,2,0.40009999999999996,0.2,0.39990000000000003,0.0,0.0,0.0,0.0,0.0,0.7736,0.0202,0.20620000000000002,0.0,0.0,0.0,0.0,0.0,0.050300000000000004,0.3729,0.5768,0.0,0.0,0.0,0.0,0.0,0.9958651555508921,-1.626612200780505,0.8650107632577589
219,13,a,298.15,2,0.4,0.25,0.35,0.0,0.0,0.0,0.0,0.0,0.8173999999999999,0.0171,0.1655,0.0,0.0,0.0,0.0,0.0,0.022099999999999998,0.473,0.5049,0.0,0.0,0.0,0.0,0.0,0.9958651555508921,-1.626612200780505,0.8650107632577589
220,13,a,298.15,2,0.39640000000000003,0.3017,0.3019,0.0,0.0,0.0,0.0,0.0,0.8571,0.0115,0.13140000000000002,0.0,0.0,0.0,0.0,0.0,0.0109,0.555,0.4341,0.0,0.0,0.0,0.0,0.0,0.9958651555508921,-1.626612200780505,0.8650107632577589
221,13,a,298.15,2,0.39909999999999995,0.3514,0.2495,0.0,0.0,0.0,0.0,0.0,0.8885,0.0077,0.1038,0.0,0.0,0.0,0.0,0.0,0.0031,0.6357,0.36119999999999997,0.0,0.0,0.0,0.0,0.0,0.9958651555508921,-1.626612200780505,0.8650107632577589
222,13,a,298.15,2,0.40020000000000006,0.39990000000000003,0.1999,0.0,0.0,0.0,0.0,0.0,0.9152,0.0059,0.0789,0.0,0.0,0.0,0.0,0.0,0.001,0.7015,0.2975,0.0,0.0,0.0,0.0,0.0,0.9958651555508921,-1.626612200780505,0.8650107632577589
223,13,a,298.15,2,0.3985,0.4521,0.1494,0.0,0.0,0.0,0.0,0.0,0.9401,0.0040999999999999995,0.0558,0.0,0.0,0.0,0.0,0.0,0.0004,0.7807,0.2189,0.0,0.0,0.0,0.0,0.0,0.9958651555508921,-1.626612200780505,0.8650107632577589
224,14,a,298.15,1,0.25,0.207,0.5429999999999999,0.0,0.0,0.0,0.0,0.0,0.6920000000000001,0.0138,0.2942,0.0,0.0,0.0,0.0,0.0,0.0496,0.2982,0.6522,0.0,0.0,0.0,0.0,0.0,0.44693606119646434,-1.2180738917321323,0.5776988064061692
225,14,a,298.15,1,0.25,0.402,0.348,0.0,0.0,0.0,0.0,0.0,0.8306,0.006,0.1634,0.0,0.0,0.0,0.0,0.0,0.0359,0.5482,0.41590000000000005,0.0,0.0,0.0,0.0,0.0,0.44693606119646434,-1.2180738917321323,0.5776988064061692
226,14,a,298.15,1,0.25,0.46,0.29,0.0,0.0,0.0,0.0,0.0,0.8973,0.0022,0.1005,0.0,0.0,0.0,0.0,0.0,0.0323,0.6149,0.3528,0.0,0.0,0.0,0.0,0.0,0.44693606119646434,-1.2180738917321323,0.5776988064061692
227,14,a,308.15,1,0.25,0.212,0.5379999999999999,0.0,0.0,0.0,0.0,0.0,0.6201,0.0351,0.3448,0.0,0.0,0.0,0.0,0.0,0.060700000000000004,0.3035,0.6358,0.0,0.0,0.0,0.0,0.0,0.44693606119646434,-1.2180738917321323,0.5776988064061692
228,14,a,308.15,1,0.25,0.275,0.475,0.0,0.0,0.0,0.0,0.0,0.7892,0.0109,0.1999,0.0,0.0,0.0,0.0,0.0,0.056299999999999996,0.3686,0.5751,0.0,0.0,0.0,0.0,0.0,0.44693606119646434,-1.2180738917321323,0.5776988064061692
229,14,a,308.15,1,0.25,0.36,0.39,0.0,0.0,0.0,0.0,0.0,0.8320000000000001,0.004699999999999999,0.16329999999999997,0.0,0.0,0.0,0.0,0.0,0.048799999999999996,0.48200000000000004,0.4692,0.0,0.0,0.0,0.0,0.0,0.44693606119646434,-1.2180738917321323,0.5776988064061692
230,14,a,318.15,1,0.25,0.23199999999999998,0.518,0.0,0.0,0.0,0.0,0.0,0.6890000000000001,0.0265,0.2845,0.0,0.0,0.0,0.0,0.0,0.0592,0.31920000000000004,0.6215999999999999,0.0,0.0,0.0,0.0,0.0,0.44693606119646434,-1.2180738917321323,0.5776988064061692
231,14,a,318.15,1,0.25,0.324,0.426,0.0,0.0,0.0,0.0,0.0,0.718,0.024,0.258,0.0,0.0,0.0,0.0,0.0,0.051399999999999994,0.4507,0.4979,0.0,0.0,0.0,0.0,0.0,0.44693606119646434,-1.2180738917321323,0.5776988064061692
232,14,a,318.15,1,0.25,0.42,0.33,0.0,0.0,0.0,0.0,0.0,0.7926000000000001,0.0177,0.18969999999999998,0.0,0.0,0.0,0.0,0.0,0.0443,0.5685,0.3872,0.0,0.0,0.0,0.0,0.0,0.44693606119646434,-1.2180738917321323,0.5776988064061692
233,14,a,318.15,1,0.25,0.52,0.23,0.0,0.0,0.0,0.0,0.0,0.8484,0.013000000000000001,0.1386,0.0,0.0,0.0,0.0,0.0,0.0365,0.6993,0.2642,0.0,0.0,0.0,0.0,0.0,0.44693606119646434,-1.2180738917321323,0.5776988064061692
234,14,a,318.15,1,0.25,0.54,0.21,0.0,0.0,0.0,0.0,0.0,0.9061,0.008100000000000001,0.0858,0.0,0.0,0.0,0.0,0.0,0.035699999999999996,0.7125,0.2518,0.0,0.0,0.0,0.0,0.0,0.44693606119646434,-1.2180738917321323,0.5776988064061692
235,14,a,328.15,1,0.25,0.384,0.366,0.0,0.0,0.0,0.0,0.0,0.5934,0.046,0.36060000000000003,0.0,0.0,0.0,0.0,0.0,0.0557,0.5807,0.3636,0.0,0.0,0.0,0.0,0.0,0.44693606119646434,-1.2180738917321323,0.5776988064061692
236,14,a,328.15,1,0.25,0.42700000000000005,0.32299999999999995,0.0,0.0,0.0,0.0,0.0,0.6541,0.04,0.3059,0.0,0.0,0.0,0.0,0.0,0.0536,0.6144,0.332,0.0,0.0,0.0,0.0,0.0,0.44693606119646434,-1.2180738917321323,0.5776988064061692
237,14,a,328.15,1,0.25,0.546,0.204,0.0,0.0,0.0,0.0,0.0,0.8316,0.0226,0.1458,0.0,0.0,0.0,0.0,0.0,0.0466,0.7326999999999999,0.2207,0.0,0.0,0.0,0.0,0.0,0.44693606119646434,-1.2180738917321323,0.5776988064061692
238,14,a,328.15,1,0.25,0.63,0.12,0.0,0.0,0.0,0.0,0.0,0.9041,0.0155,0.08039999999999999,0.0,0.0,0.0,0.0,0.0,0.0409,0.8278,0.1313,0.0,0.0,0.0,0.0,0.0,0.44693606119646434,-1.2180738917321323,0.5776988064061692
239,15,a,303.15,1,0.4,0.23,0.37,0.0,0.0,0.0,0.0,0.0,0.821,0.017,0.162,0.0,0.0,0.0,0.0,0.0,0.024,0.419,0.557,0.0,0.0,0.0,0.0,0.0,0.9836631136869214,-1.6737984589542796,0.8288567671221219
240,15,a,303.15,1,0.4,0.273,0.327,0.0,0.0,0.0,0.0,0.0,0.828,0.017,0.155,0.0,0.0,0.0,0.0,0.0,0.013,0.504,0.483,0.0,0.0,0.0,0.0,0.0,0.9836631136869214,-1.6737984589542796,0.8288567671221219
241,15,a,303.15,1,0.4,0.34,0.26,0.0,0.0,0.0,0.0,0.0,0.883,0.013,0.104,0.0,0.0,0.0,0.0,0.0,0.01,0.602,0.388,0.0,0.0,0.0,0.0,0.0,0.9836631136869214,-1.6737984589542796,0.8288567671221219
242,15,a,303.15,1,0.4,0.42,0.18,0.0,0.0,0.0,0.0,0.0,0.918,0.016,0.066,0.0,0.0,0.0,0.0,0.0,0.009,0.725,0.266,0.0,0.0,0.0,0.0,0.0,0.9836631136869214,-1.6737984589542796,0.8288567671221219
243,15,a,303.15,1,0.4,0.52,0.08,0.0,0.0,0.0,0.0,0.0,0.964,0.01,0.026,0.0,0.0,0.0,0.0,0.0,0.014,0.868,0.118,0.0,0.0,0.0,0.0,0.0,0.9836631136869214,-1.6737984589542796,0.8288567671221219
245,16,a,298.15,1,0.4,0.525,0.075,0.0,0.0,0.0,0.0,0.0,0.971,1e-09,0.029,0.0,0.0,0.0,0.0,0.0,1e-08,0.895,0.105,0.0,0.0,0.0,0.0,0.0,0.9656644807158816,-1.9614007172748873,0.7048817557769493
246,16,a,298.15,1,0.4,0.456,0.144,0.0,0.0,0.0,0.0,0.0,0.952,1e-09,0.048,0.0,0.0,0.0,0.0,0.0,1e-08,0.787,0.213,0.0,0.0,0.0,0.0,0.0,0.9656644807158816,-1.9614007172748873,0.7048817557769493
247,16,a,298.15,1,0.4,0.35,0.25,0.0,0.0,0.0,0.0,0.0,0.916,1e-09,0.083,0.0,0.0,0.0,0.0,0.0,1e-08,0.624,0.376,0.0,0.0,0.0,0.0,0.0,0.9656644807158816,-1.9614007172748873,0.7048817557769493
248,16,a,298.15,1,0.4,0.29,0.31,0.0,0.0,0.0,0.0,0.0,0.896,1e-09,0.102,0.0,0.0,0.0,0.0,0.0,0.005,0.518,0.476,0.0,0.0,0.0,0.0,0.0,0.9656644807158816,-1.9614007172748873,0.7048817557769493
249,16,a,298.15,1,0.4,0.232,0.368,0.0,0.0,0.0,0.0,0.0,0.873,1e-09,0.123,0.0,0.0,0.0,0.0,0.0,0.007,0.425,0.568,0.0,0.0,0.0,0.0,0.0,0.9656644807158816,-1.9614007172748873,0.7048817557769493
250,16,a,298.15,1,0.4,0.205,0.395,0.0,0.0,0.0,0.0,0.0,0.86,0.007,0.133,0.0,0.0,0.0,0.0,0.0,0.013,0.372,0.614,0.0,0.0,0.0,0.0,0.0,0.9656644807158816,-1.9614007172748873,0.7048817557769493
251,16,a,308.15,1,0.5,0.43,0.07,0.0,0.0,0.0,0.0,0.0,0.966,1e-09,0.034,0.0,0.0,0.0,0.0,0.0,1e-08,0.89,0.11,0.0,0.0,0.0,0.0,0.0,0.9656644807158816,-1.9614007172748873,0.7048817557769493
252,16,a,308.15,1,0.5,0.37,0.13,0.0,0.0,0.0,0.0,0.0,0.95,0.002,0.048,0.0,0.0,0.0,0.0,0.0,1e-08,0.782,0.218,0.0,0.0,0.0,0.0,0.0,0.9656644807158816,-1.9614007172748873,0.7048817557769493
253,16,a,308.15,1,0.5,0.286,0.214,0.0,0.0,0.0,0.0,0.0,0.915,0.002,0.083,0.0,0.0,0.0,0.0,0.0,1e-08,0.631,0.369,0.0,0.0,0.0,0.0,0.0,0.9656644807158816,-1.9614007172748873,0.7048817557769493
254,16,a,308.15,1,0.5,0.23,0.27,0.0,0.0,0.0,0.0,0.0,0.884,0.003,0.113,0.0,0.0,0.0,0.0,0.0,0.003,0.521,0.476,0.0,0.0,0.0,0.0,0.0,0.9656644807158816,-1.9614007172748873,0.7048817557769493
255,16,a,308.15,1,0.5,0.18,0.32,0.0,0.0,0.0,0.0,0.0,0.851,0.006,0.143,0.0,0.0,0.0,0.0,0.0,0.009,0.42,0.571,0.0,0.0,0.0,0.0,0.0,0.9656644807158816,-1.9614007172748873,0.7048817557769493
256,16,a,308.15,1,0.5,0.148,0.352,0.0,0.0,0.0,0.0,0.0,0.81,0.008,0.182,0.0,0.0,0.0,0.0,0.0,0.012,0.369,0.618,0.0,0.0,0.0,0.0,0.0,0.9656644807158816,-1.9614007172748873,0.7048817557769493
257,16,a,318.15,1,0.5,0.435,0.065,0.0,0.0,0.0,0.0,0.0,0.968,0.001,0.031,0.0,0.0,0.0,0.0,0.0,1e-08,0.897,0.103,0.0,0.0,0.0,0.0,0.0,0.9656644807158816,-1.9614007172748873,0.7048817557769493
258,16,a,318.15,1,0.5,0.381,0.119,0.0,0.0,0.0,0.0,0.0,0.951,0.002,0.046,0.0,0.0,0.0,0.0,0.0,1e-08,0.805,0.195,0.0,0.0,0.0,0.0,0.0,0.9656644807158816,-1.9614007172748873,0.7048817557769493
259,16,a,318.15,1,0.5,0.299,0.201,0.0,0.0,0.0,0.0,0.0,0.909,0.004,0.087,0.0,0.0,0.0,0.0,0.0,1e-08,0.657,0.343,0.0,0.0,0.0,0.0,0.0,0.9656644807158816,-1.9614007172748873,0.7048817557769493
260,16,a,318.15,1,0.5,0.233,0.267,0.0,0.0,0.0,0.0,0.0,0.879,0.006,0.115,0.0,0.0,0.0,0.0,0.0,1e-08,0.531,0.467,0.0,0.0,0.0,0.0,0.0,0.9656644807158816,-1.9614007172748873,0.7048817557769493
261,16,a,318.15,1,0.5,0.181,0.319,0.0,0.0,0.0,0.0,0.0,0.837,0.006,0.157,0.0,0.0,0.0,0.0,0.0,0.008,0.44,0.551,0.0,0.0,0.0,0.0,0.0,0.9656644807158816,-1.9614007172748873,0.7048817557769493
262,16,a,318.15,1,0.5,0.159,0.341,0.0,0.0,0.0,0.0,0.0,0.806,0.006,0.188,0.0,0.0,0.0,0.0,0.0,0.013,0.404,0.583,0.0,0.0,0.0,0.0,0.0,0.9656644807158816,-1.9614007172748873,0.7048817557769493
263,17,a,298.15,2,0.669,0.261,0.07,0.0,0.0,0.0,0.0,0.0,0.921,0.011,0.067,0.0,0.0,0.0,0.0,0.0,0.0,0.938,0.062,0.0,0.0,0.0,0.0,0.0,0.9916049608242259,0.09487797534980125,0.9439071107009688
264,17,a,298.15,2,0.509,0.327,0.163,0.0,0.0,0.0,0.0,0.0,0.805,0.039,0.156,0.0,0.0,0.0,0.0,0.0,0.002,0.833,0.165,0.0,0.0,0.0,0.0,0.0,0.9916049608242259,0.09487797534980125,0.9439071107009688
265,17,a,298.15,2,0.172,0.628,0.2,0.0,0.0,0.0,0.0,0.0,0.768,0.046,0.186,0.0,0.0,0.0,0.0,0.0,0.001,0.794,0.205,0.0,0.0,0.0,0.0,0.0,0.9916049608242259,0.09487797534980125,0.9439071107009688
266,17,a,298.15,2,0.538,0.239,0.223,0.0,0.0,0.0,0.0,0.0,0.738,0.059,0.203,0.0,0.0,0.0,0.0,0.0,0.005,0.777,0.218,0.0,0.0,0.0,0.0,0.0,0.9916049608242259,0.09487797534980125,0.9439071107009688
267,17,a,298.15,2,0.29,0.451,0.258,0.0,0.0,0.0,0.0,0.0,0.687,0.063,0.25,0.0,0.0,0.0,0.0,0.0,0.01,0.717,0.273,0.0,0.0,0.0,0.0,0.0,0.9916049608242259,0.09487797534980125,0.9439071107009688
268,17,a,298.15,2,0.41,0.287,0.303,0.0,0.0,0.0,0.0,0.0,0.648,0.06,0.292,0.0,0.0,0.0,0.0,0.0,0.033,0.647,0.32,0.0,0.0,0.0,0.0,0.0,0.9916049608242259,0.09487797534980125,0.9439071107009688
269,17,a,333.15,2,0.38,0.502,0.118,0.0,0.0,0.0,0.0,0.0,0.863,0.027,0.11,0.0,0.0,0.0,0.0,0.0,0.001,0.882,0.117,0.0,0.0,0.0,0.0,0.0,0.9916049608242259,0.09487797534980125,0.9439071107009688
270,17,a,333.15,2,0.479,0.402,0.119,0.0,0.0,0.0,0.0,0.0,0.853,0.027,0.12,0.0,0.0,0.0,0.0,0.0,0.002,0.875,0.123,0.0,0.0,0.0,0.0,0.0,0.9916049608242259,0.09487797534980125,0.9439071107009688
271,17,a,333.15,2,0.57,0.276,0.154,0.0,0.0,0.0,0.0,0.0,0.824,0.032,0.144,0.0,0.0,0.0,0.0,0.0,0.001,0.847,0.152,0.0,0.0,0.0,0.0,0.0,0.9916049608242259,0.09487797534980125,0.9439071107009688
272,17,a,333.15,2,0.38,0.413,0.207,0.0,0.0,0.0,0.0,0.0,0.74,0.048,0.212,0.0,0.0,0.0,0.0,0.0,0.008,0.783,0.209,0.0,0.0,0.0,0.0,0.0,0.9916049608242259,0.09487797534980125,0.9439071107009688
273,17,a,333.15,2,0.519,0.2,0.281,0.0,0.0,0.0,0.0,0.0,0.676,0.052,0.272,0.0,0.0,0.0,0.0,0.0,0.006,0.701,0.293,0.0,0.0,0.0,0.0,0.0,0.9916049608242259,0.09487797534980125,0.9439071107009688
274,17,a,333.15,2,0.312,0.377,0.311,0.0,0.0,0.0,0.0,0.0,0.632,0.064,0.304,0.0,0.0,0.0,0.0,0.0,0.006,0.678,0.316,0.0,0.0,0.0,0.0,0.0,0.9916049608242259,0.09487797534980125,0.9439071107009688
275,17,a,333.15,2,0.171,0.499,0.33,0.0,0.0,0.0,0.0,0.0,0.606,0.075,0.319,0.0,0.0,0.0,0.0,0.0,0.017,0.649,0.334,0.0,0.0,0.0,0.0,0.0,0.9916049608242259,0.09487797534980125,0.9439071107009688
276,18,a,298.15,1,0.509,0.14279999999999998,0.3482,0.0,0.0,0.0,0.0,0.0,0.7184999999999999,0.025099999999999997,0.2564,0.0,0.0,0.0,0.0,0.0,0.047599999999999996,0.38880000000000003,0.5636,0.0,0.0,0.0,0.0,0.0,0.7384034039888216,-1.8953232663506439,0.5064842804141078
277,18,a,298.15,1,0.3998,0.2528,0.34740000000000004,0.0,0.0,0.0,0.0,0.0,0.8045,0.0141,0.1814,0.0,0.0,0.0,0.0,0.0,0.02,0.46399999999999997,0.516,0.0,0.0,0.0,0.0,0.0,0.7384034039888216,-1.8953232663506439,0.5064842804141078
278,18,a,298.15,1,0.44909999999999994,0.2545,0.2964,0.0,0.0,0.0,0.0,0.0,0.8662000000000001,1e-08,0.1338,0.0,0.0,0.0,0.0,0.0,0.030699999999999998,0.4991,0.4702,0.0,0.0,0.0,0.0,0.0,0.7384034039888216,-1.8953232663506439,0.5064842804141078
279,18,a,318.15,1,0.4594,0.4719,0.0687,0.0,0.0,0.0,0.0,0.0,0.9569,1e-07,0.0431,0.0,0.0,0.0,0.0,0.0,0.0008,0.9077,0.0915,0.0,0.0,0.0,0.0,0.0,0.7384034039888216,-1.8953232663506439,0.5064842804141078
280,18,a,318.15,1,0.3425,0.3423,0.3152,0.0,0.0,0.0,0.0,0.0,0.9172,0.0014000000000000002,0.0814,0.0,0.0,0.0,0.0,0.0,0.013999999999999999,0.5339,0.4521,0.0,0.0,0.0,0.0,0.0,0.7384034039888216,-1.8953232663506439,0.5064842804141078
281,18,a,318.15,1,0.1736,0.2075,0.6189,0.0,0.0,0.0,0.0,0.0,0.7897,0.0048,0.20550000000000002,0.0,0.0,0.0,0.0,0.0,0.0635,0.24280000000000002,0.6937000000000001,0.0,0.0,0.0,0.0,0.0,0.7384034039888216,-1.8953232663506439,0.5064842804141078
282,18,a,303.15,1,0.4131,0.3814,0.20550000000000002,0.0,0.0,0.0,0.0,0.0,0.9068999999999999,0.0252,0.0679,0.0,0.0,0.0,0.0,0.0,0.0025,0.6815000000000001,0.316,0.0,0.0,0.0,0.0,0.0,0.7384034039888216,-1.8953232663506439,0.5064842804141078
283,18,a,303.15,1,0.47240000000000004,0.4551,0.0725,0.0,0.0,0.0,0.0,0.0,0.9335,0.020099999999999996,0.0464,0.0,0.0,0.0,0.0,0.0,0.0022,0.8919,0.1059,0.0,0.0,0.0,0.0,0.0,0.7384034039888216,-1.8953232663506439,0.5064842804141078
284,18,a,303.15,1,0.2539,0.2751,0.47100000000000003,0.0,0.0,0.0,0.0,0.0,0.9048,0.0167,0.0785,0.0,0.0,0.0,0.0,0.0,0.0187,0.37549999999999994,0.6058,0.0,0.0,0.0,0.0,0.0,0.7384034039888216,-1.8953232663506439,0.5064842804141078
285,18,a,333.15,1,0.4144,0.4226,0.163,0.0,0.0,0.0,0.0,0.0,0.9351,0.0256,0.0393,0.0,0.0,0.0,0.0,0.0,0.0029,0.7308,0.2663,0.0,0.0,0.0,0.0,0.0,0.7384034039888216,-1.8953232663506439,0.5064842804141078
286,18,a,333.15,1,0.4877,0.4736,0.0387,0.0,0.0,0.0,0.0,0.0,0.9632,0.009000000000000001,0.0278,0.0,0.0,0.0,0.0,0.0,0.0218,0.9287000000000001,0.0495,0.0,0.0,0.0,0.0,0.0,0.7384034039888216,-1.8953232663506439,0.5064842804141078
287,18,a,333.15,1,0.3095,0.3275,0.363,0.0,0.0,0.0,0.0,0.0,0.8744,0.0197,0.1059,0.0,0.0,0.0,0.0,0.0,0.0147,0.4989,0.4864,0.0,0.0,0.0,0.0,0.0,0.7384034039888216,-1.8953232663506439,0.5064842804141078
288,19,a,293.15,1,0.2357,0.5347,0.2296,0.0,0.0,0.0,0.0,0.0,0.9534999999999999,0.0032,0.0433,0.0,0.0,0.0,0.0,0.0,0.0011,0.6869,0.312,0.0,0.0,0.0,0.0,0.0,0.9030598309346313,-2.5835914385893353,0.5596721787140113
289,19,a,293.15,1,0.26739999999999997,0.3246,0.408,0.0,0.0,0.0,0.0,0.0,0.9348000000000001,0.0034000000000000002,0.061799999999999994,0.0,0.0,0.0,0.0,0.0,0.002,0.46619999999999995,0.5318,0.0,0.0,0.0,0.0,0.0,0.9030598309346313,-2.5835914385893353,0.5596721787140113
290,19,a,293.15,1,0.2141,0.2774,0.5085000000000001,0.0,0.0,0.0,0.0,0.0,0.9167000000000001,0.0034000000000000002,0.0799,0.0,0.0,0.0,0.0,0.0,0.0060999999999999995,0.36219999999999997,0.6317,0.0,0.0,0.0,0.0,0.0,0.9030598309346313,-2.5835914385893353,0.5596721787140113
291,19,a,293.15,1,0.2028,0.4143,0.3829,0.0,0.0,0.0,0.0,0.0,0.9412,0.0033,0.0555,0.0,0.0,0.0,0.0,0.0,0.0018,0.5252,0.473,0.0,0.0,0.0,0.0,0.0,0.9030598309346313,-2.5835914385893353,0.5596721787140113
292,19,a,293.15,1,0.39049999999999996,0.3895,0.22,0.0,0.0,0.0,0.0,0.0,0.9462999999999999,0.0033,0.0504,0.0,0.0,0.0,0.0,0.0,0.0013,0.6463,0.35240000000000005,0.0,0.0,0.0,0.0,0.0,0.9030598309346313,-2.5835914385893353,0.5596721787140113
293,19,a,303.15,1,0.27949999999999997,0.4918,0.22870000000000001,0.0,0.0,0.0,0.0,0.0,0.9562,0.0037,0.0401,0.0,0.0,0.0,0.0,0.0,0.0015,0.6737000000000001,0.3248,0.0,0.0,0.0,0.0,0.0,0.9030598309346313,-2.5835914385893353,0.5596721787140113
294,19,a,303.15,1,0.2849,0.3801,0.335,0.0,0.0,0.0,0.0,0.0,0.9361,0.0039000000000000003,0.06,0.0,0.0,0.0,0.0,0.0,0.0034000000000000002,0.536,0.4606,0.0,0.0,0.0,0.0,0.0,0.9030598309346313,-2.5835914385893353,0.5596721787140113
295,19,a,303.15,1,0.2051,0.2047,0.5902000000000001,0.0,0.0,0.0,0.0,0.0,0.8703,0.0062,0.1235,0.0,0.0,0.0,0.0,0.0,0.0277,0.2754,0.6969,0.0,0.0,0.0,0.0,0.0,0.9030598309346313,-2.5835914385893353,0.5596721787140113
296,19,a,303.15,1,0.1905,0.30879999999999996,0.5007,0.0,0.0,0.0,0.0,0.0,0.9109,0.0040999999999999995,0.085,0.0,0.0,0.0,0.0,0.0,0.0083,0.3923,0.5993999999999999,0.0,0.0,0.0,0.0,0.0,0.9030598309346313,-2.5835914385893353,0.5596721787140113
297,19,a,303.15,1,0.39039999999999997,0.2004,0.4092,0.0,0.0,0.0,0.0,0.0,0.9068,0.0042,0.08900000000000001,0.0,0.0,0.0,0.0,0.0,0.0165,0.3546,0.6289,0.0,0.0,0.0,0.0,0.0,0.9030598309346313,-2.5835914385893353,0.5596721787140113
298,19,a,313.15,1,0.2458,0.546,0.2082,0.0,0.0,0.0,0.0,0.0,0.9616,0.0044,0.034,0.0,0.0,0.0,0.0,0.0,0.0011,0.7198,0.2791,0.0,0.0,0.0,0.0,0.0,0.9030598309346313,-2.5835914385893353,0.5596721787140113
299,19,a,313.15,1,0.4224,0.4401,0.1375,0.0,0.0,0.0,0.0,0.0,0.9620000000000001,0.0044,0.0336,0.0,0.0,0.0,0.0,0.0,0.001,0.7683,0.23070000000000002,0.0,0.0,0.0,0.0,0.0,0.9030598309346313,-2.5835914385893353,0.5596721787140113
300,19,a,313.15,1,0.2169,0.2847,0.4984,0.0,0.0,0.0,0.0,0.0,0.9011,0.0088,0.0901,0.0,0.0,0.0,0.0,0.0,0.0126,0.3796,0.6078,0.0,0.0,0.0,0.0,0.0,0.9030598309346313,-2.5835914385893353,0.5596721787140113
301,19,a,313.15,1,0.1972,0.511,0.2918,0.0,0.0,0.0,0.0,0.0,0.9346,0.0073,0.0581,0.0,0.0,0.0,0.0,0.0,0.0018,0.6629999999999999,0.33520000000000005,0.0,0.0,0.0,0.0,0.0,0.9030598309346313,-2.5835914385893353,0.5596721787140113
302,19,a,313.15,1,0.2702,0.3468,0.38299999999999995,0.0,0.0,0.0,0.0,0.0,0.9262,0.0076,0.0662,0.0,0.0,0.0,0.0,0.0,0.0049,0.4926,0.5025,0.0,0.0,0.0,0.0,0.0,0.9030598309346313,-2.5835914385893353,0.5596721787140113
303,19,b,293.15,1,0.4265,0.41340000000000005,0.16010000000000002,0.0,0.0,0.0,0.0,0.0,0.948,0.003,0.049,0.0,0.0,0.0,0.0,0.0,0.001,0.7384999999999999,0.2605,0.0,0.0,0.0,0.0,0.0,0.8517309276097988,-2.4887322638039184,0.6066883178288721
304,19,b,293.15,1,0.2568,0.43119999999999997,0.312,0.0,0.0,0.0,0.0,0.0,0.93,0.0031,0.0669,0.0,0.0,0.0,0.0,0.0,0.002,0.59,0.408,0.0,0.0,0.0,0.0,0.0,0.8517309276097988,-2.4887322638039184,0.6066883178288721
305,19,b,293.15,1,0.2804,0.34240000000000004,0.3772,0.0,0.0,0.0,0.0,0.0,0.927,0.0069,0.0661,0.0,0.0,0.0,0.0,0.0,0.0031,0.491,0.5059,0.0,0.0,0.0,0.0,0.0,0.8517309276097988,-2.4887322638039184,0.6066883178288721
306,19,b,293.15,1,0.264,0.2656,0.4704,0.0,0.0,0.0,0.0,0.0,0.91,0.0040999999999999995,0.0859,0.0,0.0,0.0,0.0,0.0,0.0034000000000000002,0.38,0.6165999999999999,0.0,0.0,0.0,0.0,0.0,0.8517309276097988,-2.4887322638039184,0.6066883178288721
307,19,b,293.15,1,0.2036,0.271,0.5254,0.0,0.0,0.0,0.0,0.0,0.907,0.0040999999999999995,0.0889,0.0,0.0,0.0,0.0,0.0,0.004,0.35700000000000004,0.639,0.0,0.0,0.0,0.0,0.0,0.8517309276097988,-2.4887322638039184,0.6066883178288721
308,19,b,303.15,1,0.214,0.293,0.493,0.0,0.0,0.0,0.0,0.0,0.91,0.006,0.084,0.0,0.0,0.0,0.0,0.0,0.013300000000000001,0.3761,0.6106,0.0,0.0,0.0,0.0,0.0,0.8517309276097988,-2.4887322638039184,0.6066883178288721
309,19,b,303.15,1,0.2534,0.5472,0.19940000000000002,0.0,0.0,0.0,0.0,0.0,0.9634,0.0045000000000000005,0.0321,0.0,0.0,0.0,0.0,0.0,0.0015,0.7070000000000001,0.2915,0.0,0.0,0.0,0.0,0.0,0.8517309276097988,-2.4887322638039184,0.6066883178288721
310,19,b,303.15,1,0.2783,0.3435,0.3782,0.0,0.0,0.0,0.0,0.0,0.9153,0.0058,0.0789,0.0,0.0,0.0,0.0,0.0,0.0060999999999999995,0.478,0.5159,0.0,0.0,0.0,0.0,0.0,0.8517309276097988,-2.4887322638039184,0.6066883178288721
311,19,b,303.15,1,0.4329,0.2917,0.2754,0.0,0.0,0.0,0.0,0.0,0.9405,0.0051,0.054400000000000004,0.0,0.0,0.0,0.0,0.0,0.0012,0.545,0.45380000000000004,0.0,0.0,0.0,0.0,0.0,0.8517309276097988,-2.4887322638039184,0.6066883178288721
312,19,b,303.15,1,0.22039999999999998,0.2364,0.5432,0.0,0.0,0.0,0.0,0.0,0.8722,0.006999999999999999,0.1208,0.0,0.0,0.0,0.0,0.0,0.022400000000000003,0.2977,0.6799,0.0,0.0,0.0,0.0,0.0,0.8517309276097988,-2.4887322638039184,0.6066883178288721
313,19,b,303.15,1,0.214,0.293,0.493,0.0,0.0,0.0,0.0,0.0,0.91,0.006,0.084,0.0,0.0,0.0,0.0,0.0,0.013300000000000001,0.3761,0.6106,0.0,0.0,0.0,0.0,0.0,0.8517309276097988,-2.4887322638039184,0.6066883178288721
314,19,b,303.15,1,0.2534,0.5472,0.19940000000000002,0.0,0.0,0.0,0.0,0.0,0.9634,0.0045000000000000005,0.0321,0.0,0.0,0.0,0.0,0.0,0.0015,0.7070000000000001,0.2915,0.0,0.0,0.0,0.0,0.0,0.8517309276097988,-2.4887322638039184,0.6066883178288721
315,19,b,313.15,1,0.2547,0.5661,0.17920000000000003,0.0,0.0,0.0,0.0,0.0,0.9592,0.006,0.0348,0.0,0.0,0.0,0.0,0.0,0.001,0.7737999999999999,0.22519999999999998,0.0,0.0,0.0,0.0,0.0,0.8517309276097988,-2.4887322638039184,0.6066883178288721
316,19,b,313.15,1,0.19219999999999998,0.5033,0.3045,0.0,0.0,0.0,0.0,0.0,0.9293,0.0085,0.0622,0.0,0.0,0.0,0.0,0.0,0.0016,0.6188,0.3796,0.0,0.0,0.0,0.0,0.0,0.8517309276097988,-2.4887322638039184,0.6066883178288721
317,19,b,313.15,1,0.20309999999999997,0.2741,0.5228,0.0,0.0,0.0,0.0,0.0,0.8668,0.0095,0.12369999999999999,0.0,0.0,0.0,0.0,0.0,0.0202,0.342,0.6378,0.0,0.0,0.0,0.0,0.0,0.8517309276097988,-2.4887322638039184,0.6066883178288721
318,19,b,313.15,1,0.2751,0.33840000000000003,0.3865,0.0,0.0,0.0,0.0,0.0,0.9133,0.008,0.0787,0.0,0.0,0.0,0.0,0.0,0.0068000000000000005,0.4892,0.504,0.0,0.0,0.0,0.0,0.0,0.8517309276097988,-2.4887322638039184,0.6066883178288721
319,19,b,313.15,1,0.4047,0.2256,0.3697,0.0,0.0,0.0,0.0,0.0,0.8835999999999999,0.0088,0.1076,0.0,0.0,0.0,0.0,0.0,0.0018,0.3982,0.6,0.0,0.0,0.0,0.0,0.0,0.8517309276097988,-2.4887322638039184,0.6066883178288721
320,20,a,298.15,2,0.4571,0.457,0.0859,0.0,0.0,0.0,0.0,0.0,0.9464,0.0193,0.0343,0.0,0.0,0.0,0.0,0.0,0.0018,0.8615,0.1367,0.0,0.0,0.0,0.0,0.0,0.9982877846413826,-1.5913295091850124,0.7104997668826794
321,20,a,298.15,2,0.4281,0.428,0.1439,0.0,0.0,0.0,0.0,0.0,0.9265,0.0175,0.056,0.0,0.0,0.0,0.0,0.0,0.003,0.7856,0.2114,0.0,0.0,0.0,0.0,0.0,0.9982877846413826,-1.5913295091850124,0.7104997668826794
322,20,a,298.15,2,0.3994,0.3994,0.2012,0.0,0.0,0.0,0.0,0.0,0.9056,0.0164,0.078,0.0,0.0,0.0,0.0,0.0,0.0053,0.707,0.2877,0.0,0.0,0.0,0.0,0.0,0.9982877846413826,-1.5913295091850124,0.7104997668826794
323,20,a,298.15,2,0.3707,0.3707,0.2586,0.0,0.0,0.0,0.0,0.0,0.8775,0.0155,0.107,0.0,0.0,0.0,0.0,0.0,0.01,0.6253,0.3647,0.0,0.0,0.0,0.0,0.0,0.9982877846413826,-1.5913295091850124,0.7104997668826794
324,20,a,298.15,2,0.3397,0.3397,0.3206,0.0,0.0,0.0,0.0,0.0,0.8522,0.0152,0.1326,0.0,0.0,0.0,0.0,0.0,0.0148,0.5523,0.4329,0.0,0.0,0.0,0.0,0.0,0.9982877846413826,-1.5913295091850124,0.7104997668826794
325,20,a,298.15,2,0.3084,0.3085,0.3831,0.0,0.0,0.0,0.0,0.0,0.8228,0.0152,0.162,0.0,0.0,0.0,0.0,0.0,0.024,0.4798,0.4962,0.0,0.0,0.0,0.0,0.0,0.9982877846413826,-1.5913295091850124,0.7104997668826794
326,20,a,298.15,2,0.2754,0.2753,0.4493,0.0,0.0,0.0,0.0,0.0,0.7899,0.0158,0.1943,0.0,0.0,0.0,0.0,0.0,0.035,0.402,0.563,0.0,0.0,0.0,0.0,0.0,0.9982877846413826,-1.5913295091850124,0.7104997668826794
327,20,a,323.15,2,0.4475,0.4475,0.105,0.0,0.0,0.0,0.0,0.0,0.9365,0.0203,0.0432,0.0,0.0,0.0,0.0,0.0,0.0047,0.8228,0.1725,0.0,0.0,0.0,0.0,0.0,0.9982877846413826,-1.5913295091850124,0.7104997668826794
328,20,a,323.15,2,0.4238,0.42,0.1562,0.0,0.0,0.0,0.0,0.0,0.9138,0.0192,0.067,0.0,0.0,0.0,0.0,0.0,0.0072,0.7518,0.241,0.0,0.0,0.0,0.0,0.0,0.9982877846413826,-1.5913295091850124,0.7104997668826794
329,20,a,323.15,2,0.3988,0.3988,0.2024,0.0,0.0,0.0,0.0,0.0,0.8946,0.0187,0.0867,0.0,0.0,0.0,0.0,0.0,0.011,0.6882,0.3008,0.0,0.0,0.0,0.0,0.0,0.9982877846413826,-1.5913295091850124,0.7104997668826794
330,20,a,323.15,2,0.3739,0.374,0.2521,0.0,0.0,0.0,0.0,0.0,0.8706,0.0184,0.111,0.0,0.0,0.0,0.0,0.0,0.0166,0.6169,0.3665,0.0,0.0,0.0,0.0,0.0,0.9982877846413826,-1.5913295091850124,0.7104997668826794
331,20,a,323.15,2,0.3508,0.3508,0.2984,0.0,0.0,0.0,0.0,0.0,0.8513,0.0185,0.1302,0.0,0.0,0.0,0.0,0.0,0.022,0.5605,0.4175,0.0,0.0,0.0,0.0,0.0,0.9982877846413826,-1.5913295091850124,0.7104997668826794
332,20,a,323.15,2,0.3247,0.3246,0.3507,0.0,0.0,0.0,0.0,0.0,0.8252,0.0188,0.156,0.0,0.0,0.0,0.0,0.0,0.0294,0.4934,0.4772,0.0,0.0,0.0,0.0,0.0,0.9982877846413826,-1.5913295091850124,0.7104997668826794
333,20,a,323.15,2,0.3055,0.3054,0.3891,0.0,0.0,0.0,0.0,0.0,0.8105,0.0195,0.17,0.0,0.0,0.0,0.0,0.0,0.037,0.4514,0.5116,0.0,0.0,0.0,0.0,0.0,0.9982877846413826,-1.5913295091850124,0.7104997668826794
334,21,a,313.0,2,0.1001,0.0,0.4487,0.45130000000000003,0.0,0.0,0.0,0.0,0.0443,0.0,0.9392,0.0165,0.0,0.0,0.0,0.0,0.1519,0.0,0.0901,0.758,0.0,0.0,0.0,0.0,0.9731226230979799,-1.7871199393052364,0.9184562288695696
335,21,a,313.0,2,0.19920000000000002,0.0,0.4,0.4008,0.0,0.0,0.0,0.0,0.075,0.0,0.9162,0.0088,0.0,0.0,0.0,0.0,0.27399999999999997,0.0,0.1103,0.6157,0.0,0.0,0.0,0.0,0.9731226230979799,-1.7871199393052364,0.9184562288695696
336,21,a,313.0,2,0.3015,0.0,0.3494,0.34909999999999997,0.0,0.0,0.0,0.0,0.134,0.0,0.8492000000000001,0.0168,0.0,0.0,0.0,0.0,0.37549999999999994,0.0,0.1377,0.4868,0.0,0.0,0.0,0.0,0.9731226230979799,-1.7871199393052364,0.9184562288695696
337,21,a,313.0,2,0.4011,0.0,0.29960000000000003,0.2993,0.0,0.0,0.0,0.0,0.18899999999999997,0.0,0.7957,0.015300000000000001,0.0,0.0,0.0,0.0,0.4581,0.0,0.1723,0.3696,0.0,0.0,0.0,0.0,0.9731226230979799,-1.7871199393052364,0.9184562288695696
338,21,a,313.0,2,0.1001,0.0,0.4487,0.45130000000000003,0.0,0.0,0.0,0.0,0.0443,0.0,0.9392,0.0165,0.0,0.0,0.0,0.0,0.1519,0.0,0.0901,0.758,0.0,0.0,0.0,0.0,0.9731226230979799,-1.7871199393052364,0.9184562288695696
339,21,a,313.0,2,0.19920000000000002,0.0,0.4,0.4008,0.0,0.0,0.0,0.0,0.075,0.0,0.9162,0.0088,0.0,0.0,0.0,0.0,0.27399999999999997,0.0,0.1103,0.6157,0.0,0.0,0.0,0.0,0.9731226230979799,-1.7871199393052364,0.9184562288695696
340,21,a,313.0,2,0.3015,0.0,0.3494,0.34909999999999997,0.0,0.0,0.0,0.0,0.134,0.0,0.8492000000000001,0.0168,0.0,0.0,0.0,0.0,0.37549999999999994,0.0,0.1377,0.4868,0.0,0.0,0.0,0.0,0.9731226230979799,-1.7871199393052364,0.9184562288695696
341,21,a,313.0,2,0.4011,0.0,0.29960000000000003,0.2993,0.0,0.0,0.0,0.0,0.18899999999999997,0.0,0.7957,0.015300000000000001,0.0,0.0,0.0,0.0,0.4581,0.0,0.1723,0.3696,0.0,0.0,0.0,0.0,0.9731226230979799,-1.7871199393052364,0.9184562288695696
342,21,a,313.0,2,0.4011,0.0,0.29960000000000003,0.2993,0.0,0.0,0.0,0.0,0.18899999999999997,0.0,0.7957,0.015300000000000001,0.0,0.0,0.0,0.0,0.4581,0.0,0.1723,0.3696,0.0,0.0,0.0,0.0,0.9731226230979799,-1.7871199393052364,0.9184562288695696
343,21,a,333.0,2,0.1003,0.0,0.4499,0.4498,0.0,0.0,0.0,0.0,0.0426,0.0,0.9409000000000001,0.0165,0.0,0.0,0.0,0.0,0.1413,0.0,0.12380000000000001,0.7348,0.0,0.0,0.0,0.0,0.9731226230979799,-1.7871199393052364,0.9184562288695696
344,21,a,333.0,2,0.2029,0.0,0.4006,0.39649999999999996,0.0,0.0,0.0,0.0,0.0859,0.0,0.8845000000000001,0.029500000000000002,0.0,0.0,0.0,0.0,0.2667,0.0,0.157,0.5763,0.0,0.0,0.0,0.0,0.9731226230979799,-1.7871199393052364,0.9184562288695696
345,21,a,333.0,2,0.3003,0.0,0.3497,0.35,0.0,0.0,0.0,0.0,0.1492,0.0,0.8204,0.030299999999999997,0.0,0.0,0.0,0.0,0.3469,0.0,0.1945,0.4586,0.0,0.0,0.0,0.0,0.9731226230979799,-1.7871199393052364,0.9184562288695696
346,21,a,333.0,2,0.1003,0.0,0.4499,0.4498,0.0,0.0,0.0,0.0,0.0426,0.0,0.9409000000000001,0.0165,0.0,0.0,0.0,0.0,0.1413,0.0,0.12380000000000001,0.7348,0.0,0.0,0.0,0.0,0.9731226230979799,-1.7871199393052364,0.9184562288695696
347,21,a,333.0,2,0.2029,0.0,0.4006,0.39649999999999996,0.0,0.0,0.0,0.0,0.0859,0.0,0.8845000000000001,0.029500000000000002,0.0,0.0,0.0,0.0,0.2667,0.0,0.157,0.5763,0.0,0.0,0.0,0.0,0.9731226230979799,-1.7871199393052364,0.9184562288695696
348,21,a,333.0,2,0.3003,0.0,0.3497,0.35,0.0,0.0,0.0,0.0,0.1492,0.0,0.8204,0.030299999999999997,0.0,0.0,0.0,0.0,0.3469,0.0,0.1945,0.4586,0.0,0.0,0.0,0.0,0.9731226230979799,-1.7871199393052364,0.9184562288695696
349,21,a,333.0,2,0.1003,0.0,0.4499,0.4498,0.0,0.0,0.0,0.0,0.0426,0.0,0.9409000000000001,0.0165,0.0,0.0,0.0,0.0,0.1413,0.0,0.12380000000000001,0.7348,0.0,0.0,0.0,0.0,0.9731226230979799,-1.7871199393052364,0.9184562288695696
350,21,a,333.0,2,0.2029,0.0,0.4006,0.39649999999999996,0.0,0.0,0.0,0.0,0.0859,0.0,0.8845000000000001,0.029500000000000002,0.0,0.0,0.0,0.0,0.2667,0.0,0.157,0.5763,0.0,0.0,0.0,0.0,0.9731226230979799,-1.7871199393052364,0.9184562288695696
351,21,a,333.0,2,0.3003,0.0,0.3497,0.35,0.0,0.0,0.0,0.0,0.1492,0.0,0.8204,0.030299999999999997,0.0,0.0,0.0,0.0,0.3469,0.0,0.1945,0.4586,0.0,0.0,0.0,0.0,0.9731226230979799,-1.7871199393052364,0.9184562288695696
352,22,a,303.2,2,0.354,0.0,0.28,0.0,0.0,0.0,0.0,0.366,0.891,0.0,0.101,0.0,0.0,0.0,0.0,0.008,0.002,0.0,0.379,0.0,0.0,0.0,0.0,0.619,0.7712034182910583,-2.239376214265036,0.5801816509398524
353,22,a,303.2,2,0.313,0.0,0.38,0.0,0.0,0.0,0.0,0.307,0.881,0.0,0.11,0.0,0.0,0.0,0.0,0.009,0.005,0.0,0.518,0.0,0.0,0.0,0.0,0.477,0.7712034182910583,-2.239376214265036,0.5801816509398524
354,22,a,303.2,2,0.24,0.0,0.521,0.0,0.0,0.0,0.0,0.239,0.86,0.0,0.12,0.0,0.0,0.0,0.0,0.02,0.017,0.0,0.654,0.0,0.0,0.0,0.0,0.329,0.7712034182910583,-2.239376214265036,0.5801816509398524
355,22,a,303.2,2,0.24,0.0,0.6,0.0,0.0,0.0,0.0,0.16,0.842,0.0,0.136,0.0,0.0,0.0,0.0,0.022,0.034,0.0,0.77,0.0,0.0,0.0,0.0,0.196,0.7712034182910583,-2.239376214265036,0.5801816509398524
356,22,a,323.2,2,0.439,0.0,0.122,0.0,0.0,0.0,0.0,0.439,0.965,0.0,0.028,0.0,0.0,0.0,0.0,0.007,1e-06,0.0,0.233,0.0,0.0,0.0,0.0,0.767,0.7712034182910583,-2.239376214265036,0.5801816509398524
357,22,a,323.2,2,0.389,0.0,0.222,0.0,0.0,0.0,0.0,0.389,0.934,0.0,0.059,0.0,0.0,0.0,0.0,0.007,0.001,0.0,0.374,0.0,0.0,0.0,0.0,0.625,0.7712034182910583,-2.239376214265036,0.5801816509398524
358,22,a,323.2,2,0.349,0.0,0.312,0.0,0.0,0.0,0.0,0.349,0.906,0.0,0.087,0.0,0.0,0.0,0.0,0.007,0.002,0.0,0.47,0.0,0.0,0.0,0.0,0.528,0.7712034182910583,-2.239376214265036,0.5801816509398524
359,22,a,323.2,2,0.301,0.0,0.398,0.0,0.0,0.0,0.0,0.301,0.882,0.0,0.109,0.0,0.0,0.0,0.0,0.009,0.005,0.0,0.55,0.0,0.0,0.0,0.0,0.445,0.7712034182910583,-2.239376214265036,0.5801816509398524
363,23,a,298.2,2,0.47490000000000004,0.0,0.1959,0.0,0.0,0.0,0.0,0.3292,0.9681000000000001,0.0,0.0274,0.0,0.0,0.0,0.0,0.0045000000000000005,0.0009,0.0,0.36219999999999997,0.0,0.0,0.0,0.0,0.6369,0.9594699295012544,-2.9847263628751226,-0.7943535265004977
364,23,a,298.2,2,0.39890000000000003,0.0,0.3031,0.0,0.0,0.0,0.0,0.298,0.9558,0.0,0.039900000000000005,0.0,0.0,0.0,0.0,0.0043,0.0001,0.0,0.49939999999999996,0.0,0.0,0.0,0.0,0.5005,0.9594699295012544,-2.9847263628751226,-0.7943535265004977
365,23,a,298.2,2,0.3776,0.0,0.3605,0.0,0.0,0.0,0.0,0.2619,0.9326000000000001,0.0,0.0626,0.0,0.0,0.0,0.0,0.0048,0.0013,0.0,0.5681,0.0,0.0,0.0,0.0,0.43060000000000004,0.9594699295012544,-2.9847263628751226,-0.7943535265004977
366,23,a,298.2,2,0.4179,0.0,0.42100000000000004,0.0,0.0,0.0,0.0,0.1611,0.9209,0.0,0.0721,0.0,0.0,0.0,0.0,0.006999999999999999,0.0141,0.0,0.7031000000000001,0.0,0.0,0.0,0.0,0.2828,0.9594699295012544,-2.9847263628751226,-0.7943535265004977
367,23,a,298.2,2,0.3948,0.0,0.4976,0.0,0.0,0.0,0.0,0.1076,0.8643000000000001,0.0,0.1252,0.0,0.0,0.0,0.0,0.0105,0.030899999999999997,0.0,0.79,0.0,0.0,0.0,0.0,0.1791,0.9594699295012544,-2.9847263628751226,-0.7943535265004977
368,23,b,298.2,2,0.5039,0.0,0.1054,0.0,0.0,0.0,0.0,0.3907,0.988,0.0,0.0091,0.0,0.0,0.0,0.0,0.0029,1e-07,0.0,0.21030000000000001,0.0,0.0,0.0,0.0,0.7897,0.8591834501947336,-2.7975147779126024,0.9265033440193132
369,23,b,298.2,2,0.4334,0.0,0.2036,0.0,0.0,0.0,0.0,0.363,0.9628,0.0,0.032400000000000005,0.0,0.0,0.0,0.0,0.0048,0.0002,0.0,0.3332,0.0,0.0,0.0,0.0,0.6666,0.8591834501947336,-2.7975147779126024,0.9265033440193132
370,23,b,298.2,2,0.3513,0.0,0.3002,0.0,0.0,0.0,0.0,0.34850000000000003,0.934,0.0,0.061,0.0,0.0,0.0,0.0,0.005,0.0001,0.0,0.42460000000000003,0.0,0.0,0.0,0.0,0.5753,0.8591834501947336,-2.7975147779126024,0.9265033440193132
371,23,b,298.2,2,0.2987,0.0,0.3994,0.0,0.0,0.0,0.0,0.3019,0.929,0.0,0.06480000000000001,0.0,0.0,0.0,0.0,0.0062,0.0012,0.0,0.5505,0.0,0.0,0.0,0.0,0.4483,0.8591834501947336,-2.7975147779126024,0.9265033440193132
372,23,b,298.2,2,0.34759999999999996,0.0,0.4806,0.0,0.0,0.0,0.0,0.1718,0.8942,0.0,0.09570000000000001,0.0,0.0,0.0,0.0,0.0101,0.018799999999999997,0.0,0.7118000000000001,0.0,0.0,0.0,0.0,0.26940000000000003,0.8591834501947336,-2.7975147779126024,0.9265033440193132
373,23,c,298.2,2,0.4551,0.0,0.08929999999999999,0.0,0.0,0.0,0.0,0.4556,0.9490000000000001,0.0,0.0481,0.0,0.0,0.0,0.0,0.0029,0.0001,0.0,0.1219,0.0,0.0,0.0,0.0,0.878,0.8948610327034519,-2.223436410727222,0.42277326800213355
374,23,c,298.2,2,0.42710000000000004,0.0,0.1935,0.0,0.0,0.0,0.0,0.37939999999999996,0.9419,0.0,0.053399999999999996,0.0,0.0,0.0,0.0,0.004699999999999999,0.0001,0.0,0.3029,0.0,0.0,0.0,0.0,0.6970000000000001,0.8948610327034519,-2.223436410727222,0.42277326800213355
375,23,c,298.2,2,0.3271,0.0,0.3274,0.0,0.0,0.0,0.0,0.3455,0.9098,0.0,0.08380000000000001,0.0,0.0,0.0,0.0,0.0064,0.0008,0.0,0.4768,0.0,0.0,0.0,0.0,0.5224,0.8948610327034519,-2.223436410727222,0.42277326800213355
376,23,c,298.2,2,0.4192,0.0,0.3985,0.0,0.0,0.0,0.0,0.18230000000000002,0.8593999999999999,0.0,0.13,0.0,0.0,0.0,0.0,0.0106,0.0086,0.0,0.6551,0.0,0.0,0.0,0.0,0.33630000000000004,0.8948610327034519,-2.223436410727222,0.42277326800213355
377,24,a,298.15,1,0.5,0.1,0.4,0.0,0.0,0.0,0.0,0.0,0.8792,0.0008,0.12,0.0,0.0,0.0,0.0,0.0,0.0458,0.2188,0.7354,0.0,0.0,0.0,0.0,0.0,0.9620288178671725,-2.8632792312906097,0.6002543302067123
378,24,a,298.15,1,0.5,0.15,0.35,0.0,0.0,0.0,0.0,0.0,0.9126000000000001,0.0006,0.0868,0.0,0.0,0.0,0.0,0.0,0.015600000000000001,0.32539999999999997,0.659,0.0,0.0,0.0,0.0,0.0,0.9620288178671725,-2.8632792312906097,0.6002543302067123
379,24,a,298.15,1,0.5,0.2,0.3,0.0,0.0,0.0,0.0,0.0,0.935,0.0002,0.06480000000000001,0.0,0.0,0.0,0.0,0.0,0.0255,0.4121,0.5624,0.0,0.0,0.0,0.0,0.0,0.9620288178671725,-2.8632792312906097,0.6002543302067123
380,24,a,298.15,1,0.5,0.3,0.2,0.0,0.0,0.0,0.0,0.0,0.96,0.0002,0.0398,0.0,0.0,0.0,0.0,0.0,0.0176,0.6248,0.3576,0.0,0.0,0.0,0.0,0.0,0.9620288178671725,-2.8632792312906097,0.6002543302067123
381,24,a,298.15,1,0.5,0.35,0.15,0.0,0.0,0.0,0.0,0.0,0.9673999999999999,0.0004,0.0322,0.0,0.0,0.0,0.0,0.0,0.0174,0.7109000000000001,0.2717,0.0,0.0,0.0,0.0,0.0,0.9620288178671725,-2.8632792312906097,0.6002543302067123
382,24,a,298.15,1,0.5,0.4,0.1,0.0,0.0,0.0,0.0,0.0,0.965,0.0009,0.0341,0.0,0.0,0.0,0.0,0.0,0.02,0.75,0.23,0.0,0.0,0.0,0.0,0.0,0.9620288178671725,-2.8632792312906097,0.6002543302067123
383,24,a,313.15,1,0.5,0.1,0.4,0.0,0.0,0.0,0.0,0.0,0.8992,0.0008,0.1,0.0,0.0,0.0,0.0,0.0,0.0285,0.22920000000000001,0.7423000000000001,0.0,0.0,0.0,0.0,0.0,0.9620288178671725,-2.8632792312906097,0.6002543302067123
384,24,a,313.15,1,0.5,0.15,0.35,0.0,0.0,0.0,0.0,0.0,0.9093000000000001,0.0007000000000000001,0.09,0.0,0.0,0.0,0.0,0.0,0.0521,0.3122,0.6357,0.0,0.0,0.0,0.0,0.0,0.9620288178671725,-2.8632792312906097,0.6002543302067123
385,24,a,313.15,1,0.5,0.2,0.3,0.0,0.0,0.0,0.0,0.0,0.9298000000000001,0.0002,0.07,0.0,0.0,0.0,0.0,0.0,0.044000000000000004,0.4294,0.5266,0.0,0.0,0.0,0.0,0.0,0.9620288178671725,-2.8632792312906097,0.6002543302067123
386,24,a,313.15,1,0.5,0.25,0.25,0.0,0.0,0.0,0.0,0.0,0.9499,0.0001,0.05,0.0,0.0,0.0,0.0,0.0,0.0443,0.4926,0.4631,0.0,0.0,0.0,0.0,0.0,0.9620288178671725,-2.8632792312906097,0.6002543302067123
387,24,a,313.15,1,0.5,0.3,0.2,0.0,0.0,0.0,0.0,0.0,0.9598,0.0002,0.04,0.0,0.0,0.0,0.0,0.0,0.0472,0.5639,0.3889,0.0,0.0,0.0,0.0,0.0,0.9620288178671725,-2.8632792312906097,0.6002543302067123
388,24,a,313.15,1,0.5,0.35,0.15,0.0,0.0,0.0,0.0,0.0,0.9695,0.0006,0.03,0.0,0.0,0.0,0.0,0.0,0.015300000000000001,0.7108,0.27390000000000003,0.0,0.0,0.0,0.0,0.0,0.9620288178671725,-2.8632792312906097,0.6002543302067123
389,24,a,313.15,1,0.5,0.4,0.1,0.0,0.0,0.0,0.0,0.0,0.9711,0.0009,0.027999999999999997,0.0,0.0,0.0,0.0,0.0,0.013000000000000001,0.7792,0.2078,0.0,0.0,0.0,0.0,0.0,0.9620288178671725,-2.8632792312906097,0.6002543302067123
390,24,a,328.15,1,0.5,0.1,0.4,0.0,0.0,0.0,0.0,0.0,0.9047,0.0018,0.0935,0.0,0.0,0.0,0.0,0.0,0.015300000000000001,0.2175,0.7672,0.0,0.0,0.0,0.0,0.0,0.9620288178671725,-2.8632792312906097,0.6002543302067123
391,24,a,328.15,1,0.5,0.15,0.35,0.0,0.0,0.0,0.0,0.0,0.9198999999999999,0.0001,0.08,0.0,0.0,0.0,0.0,0.0,0.0265,0.319,0.6545000000000001,0.0,0.0,0.0,0.0,0.0,0.9620288178671725,-2.8632792312906097,0.6002543302067123
392,24,a,328.15,1,0.5,0.2,0.3,0.0,0.0,0.0,0.0,0.0,0.9298000000000001,0.0002,0.07,0.0,0.0,0.0,0.0,0.0,0.015300000000000001,0.4253,0.5594,0.0,0.0,0.0,0.0,0.0,0.9620288178671725,-2.8632792312906097,0.6002543302067123
393,24,a,328.15,1,0.5,0.25,0.25,0.0,0.0,0.0,0.0,0.0,0.9526,0.0001,0.0472,0.0,0.0,0.0,0.0,0.0,0.0096,0.5207,0.4697,0.0,0.0,0.0,0.0,0.0,0.9620288178671725,-2.8632792312906097,0.6002543302067123
394,24,a,328.15,1,0.5,0.3,0.2,0.0,0.0,0.0,0.0,0.0,0.9561,0.0005,0.0434,0.0,0.0,0.0,0.0,0.0,0.0253,0.6117,0.363,0.0,0.0,0.0,0.0,0.0,0.9620288178671725,-2.8632792312906097,0.6002543302067123
395,24,a,328.15,1,0.5,0.35,0.15,0.0,0.0,0.0,0.0,0.0,0.9693999999999999,0.0006,0.03,0.0,0.0,0.0,0.0,0.0,0.0115,0.7136,0.2749,0.0,0.0,0.0,0.0,0.0,0.9620288178671725,-2.8632792312906097,0.6002543302067123
396,24,a,328.15,1,0.5,0.4,0.1,0.0,0.0,0.0,0.0,0.0,0.9792000000000001,0.0008,0.02,0.0,0.0,0.0,0.0,0.0,0.0208,0.7992,0.18,0.0,0.0,0.0,0.0,0.0,0.9620288178671725,-2.8632792312906097,0.6002543302067123
397,25,a,303.15,1,0.4358,0.4335,0.1307,0.0,0.0,0.0,0.0,0.0,0.9015,0.0029,0.0956,0.0,0.0,0.0,0.0,0.0,0.0048,0.8284,0.1669,0.0,0.0,0.0,0.0,0.0,0.96564794339465,-1.6615055735148305,0.34388290737672395
398,25,a,303.15,1,0.3923,0.3957,0.212,0.0,0.0,0.0,0.0,0.0,0.8827,0.0038,0.1135,0.0,0.0,0.0,0.0,0.0,0.012,0.6956,0.2924,0.0,0.0,0.0,0.0,0.0,0.96564794339465,-1.6615055735148305,0.34388290737672395
399,25,a,303.15,1,0.3433,0.3447,0.312,0.0,0.0,0.0,0.0,0.0,0.8587,0.0089,0.1324,0.0,0.0,0.0,0.0,0.0,0.0212,0.5499,0.4289,0.0,0.0,0.0,0.0,0.0,0.96564794339465,-1.6615055735148305,0.34388290737672395
400,25,a,303.15,1,0.2959,0.298,0.4061,0.0,0.0,0.0,0.0,0.0,0.8294,0.0102,0.1604,0.0,0.0,0.0,0.0,0.0,0.0305,0.4408,0.5287,0.0,0.0,0.0,0.0,0.0,0.96564794339465,-1.6615055735148305,0.34388290737672395
401,25,a,303.15,1,0.251,0.2537,0.4952,0.0,0.0,0.0,0.0,0.0,0.8,0.0108,0.1892,0.0,0.0,0.0,0.0,0.0,0.06,0.3358,0.6042,0.0,0.0,0.0,0.0,0.0,0.96564794339465,-1.6615055735148305,0.34388290737672395
402,25,a,323.15,1,0.4389,0.44,0.1211,0.0,0.0,0.0,0.0,0.0,0.898,0.022,0.08,0.0,0.0,0.0,0.0,0.0,0.0098,0.8263,0.1639,0.0,0.0,0.0,0.0,0.0,0.96564794339465,-1.6615055735148305,0.34388290737672395
403,25,a,323.15,1,0.3957,0.3932,0.2111,0.0,0.0,0.0,0.0,0.0,0.87,0.027,0.103,0.0,0.0,0.0,0.0,0.0,0.0099,0.6901,0.3,0.0,0.0,0.0,0.0,0.0,0.96564794339465,-1.6615055735148305,0.34388290737672395
404,25,a,323.15,1,0.3411,0.3421,0.3168,0.0,0.0,0.0,0.0,0.0,0.8389,0.0291,0.132,0.0,0.0,0.0,0.0,0.0,0.0105,0.5636,0.4259,0.0,0.0,0.0,0.0,0.0,0.96564794339465,-1.6615055735148305,0.34388290737672395
405,25,a,323.15,1,0.3041,0.3015,0.3944,0.0,0.0,0.0,0.0,0.0,0.8288,0.0301,0.1411,0.0,0.0,0.0,0.0,0.0,0.0275,0.4436,0.5289,0.0,0.0,0.0,0.0,0.0,0.96564794339465,-1.6615055735148305,0.34388290737672395
406,25,a,323.15,1,0.2554,0.2564,0.4882,0.0,0.0,0.0,0.0,0.0,0.8127,0.0325,0.1548,0.0,0.0,0.0,0.0,0.0,0.055,0.3327,0.6123,0.0,0.0,0.0,0.0,0.0,0.96564794339465,-1.6615055735148305,0.34388290737672395
407,26,a,303.15,1,0.8459,0.0879,0.0662,0.0,0.0,0.0,0.0,0.0,0.9624,1e-08,0.0376,0.0,0.0,0.0,0.0,0.0,0.01,0.701,0.289,0.0,0.0,0.0,0.0,0.0,0.9384104716713592,-2.6114215849640616,-0.6219766043359708
408,26,a,303.15,1,0.7843,0.0815,0.1342,0.0,0.0,0.0,0.0,0.0,0.9272,1e-08,0.0728,0.0,0.0,0.0,0.0,0.0,1e-08,0.5413,0.4587,0.0,0.0,0.0,0.0,0.0,0.9384104716713592,-2.6114215849640616,-0.6219766043359708
409,26,a,303.15,1,0.7229,0.0751,0.202,0.0,0.0,0.0,0.0,0.0,0.9022,1e-08,0.0978,0.0,0.0,0.0,0.0,0.0,0.0027,0.3918,0.6055,0.0,0.0,0.0,0.0,0.0,0.9384104716713592,-2.6114215849640616,-0.6219766043359708
410,26,a,303.15,1,0.6554,0.0681,0.2765,0.0,0.0,0.0,0.0,0.0,0.8797,1e-08,0.1203,0.0,0.0,0.0,0.0,0.0,0.015,0.2531,0.7319,0.0,0.0,0.0,0.0,0.0,0.9384104716713592,-2.6114215849640616,-0.6219766043359708
411,26,a,313.15,1,0.8039,0.0835,0.1126,0.0,0.0,0.0,0.0,0.0,0.9417,1e-08,0.0583,0.0,0.0,0.0,0.0,0.0,1e-08,0.5842,0.4158,0.0,0.0,0.0,0.0,0.0,0.9384104716713592,-2.6114215849640616,-0.6219766043359708
412,26,a,313.15,1,0.7552,0.0785,0.1663,0.0,0.0,0.0,0.0,0.0,0.9272,1e-08,0.0728,0.0,0.0,0.0,0.0,0.0,1e-08,0.4308,0.5692,0.0,0.0,0.0,0.0,0.0,0.9384104716713592,-2.6114215849640616,-0.6219766043359708
413,26,a,313.15,1,0.6909,0.0718,0.2373,0.0,0.0,0.0,0.0,0.0,0.894,1e-08,0.106,0.0,0.0,0.0,0.0,0.0,1e-08,0.3282,0.6718,0.0,0.0,0.0,0.0,0.0,0.9384104716713592,-2.6114215849640616,-0.6219766043359708
414,26,a,313.15,1,0.6015,0.0625,0.336,0.0,0.0,0.0,0.0,0.0,0.8495,1e-08,0.1505,0.0,0.0,0.0,0.0,0.0,0.0315,0.2018,0.7667,0.0,0.0,0.0,0.0,0.0,0.9384104716713592,-2.6114215849640616,-0.6219766043359708
415,26,a,323.15,1,0.7979,0.0829,0.1192,0.0,0.0,0.0,0.0,0.0,0.9394,1e-08,0.0606,0.0,0.0,0.0,0.0,0.0,1e-07,0.5287,0.4713,0.0,0.0,0.0,0.0,0.0,0.9384104716713592,-2.6114215849640616,-0.6219766043359708
416,26,a,323.15,1,0.7528,0.0782,0.169,0.0,0.0,0.0,0.0,0.0,0.9222,1e-08,0.0778,0.0,0.0,0.0,0.0,0.0,1e-07,0.4229,0.5771,0.0,0.0,0.0,0.0,0.0,0.9384104716713592,-2.6114215849640616,-0.6219766043359708
417,26,a,323.15,1,0.6841,0.0711,0.2448,0.0,0.0,0.0,0.0,0.0,0.9006,1e-08,0.0994,0.0,0.0,0.0,0.0,0.0,0.001,0.3191,0.6799,0.0,0.0,0.0,0.0,0.0,0.9384104716713592,-2.6114215849640616,-0.6219766043359708
418,26,a,323.15,1,0.6284,0.0653,0.3063,0.0,0.0,0.0,0.0,0.0,0.886,1e-08,0.114,0.0,0.0,0.0,0.0,0.0,0.0265,0.214,0.7595,0.0,0.0,0.0,0.0,0.0,0.9384104716713592,-2.6114215849640616,-0.6219766043359708
419,26,b,303.15,1,0.8155,0.0847,0.0998,0.0,0.0,0.0,0.0,0.0,0.9404,1e-08,0.0596,0.0,0.0,0.0,0.0,0.0,1e-08,0.624,0.376,0.0,0.0,0.0,0.0,0.0,0.8928601859505917,-2.472624569139879,-0.5451943372291013
420,26,b,303.15,1,0.7778,0.0808,0.1414,0.0,0.0,0.0,0.0,0.0,0.9265,1e-08,0.0735,0.0,0.0,0.0,0.0,0.0,1e-08,0.5162,0.4838,0.0,0.0,0.0,0.0,0.0,0.8928601859505917,-2.472624569139879,-0.5451943372291013
421,26,b,303.15,1,0.7529,0.0782,0.1689,0.0,0.0,0.0,0.0,0.0,0.9115,1e-08,0.0885,0.0,0.0,0.0,0.0,0.0,1e-08,0.46,0.54,0.0,0.0,0.0,0.0,0.0,0.8928601859505917,-2.472624569139879,-0.5451943372291013
422,26,b,303.15,1,0.6035,0.0627,0.3338,0.0,0.0,0.0,0.0,0.0,0.8447,1e-08,0.1553,0.0,0.0,0.0,0.0,0.0,0.0184,0.2384,0.7432,0.0,0.0,0.0,0.0,0.0,0.8928601859505917,-2.472624569139879,-0.5451943372291013
423,26,b,313.15,1,0.823,0.0855,0.0915,0.0,0.0,0.0,0.0,0.0,0.9385,1e-08,0.0615,0.0,0.0,0.0,0.0,0.0,1e-08,0.68,0.32,0.0,0.0,0.0,0.0,0.0,0.8928601859505917,-2.472624569139879,-0.5451943372291013
424,26,b,313.15,1,0.775,0.0805,0.1445,0.0,0.0,0.0,0.0,0.0,0.9243,1e-08,0.0757,0.0,0.0,0.0,0.0,0.0,1e-08,0.5047,0.4953,0.0,0.0,0.0,0.0,0.0,0.8928601859505917,-2.472624569139879,-0.5451943372291013
425,26,b,313.15,1,0.6963,0.0724,0.2313,0.0,0.0,0.0,0.0,0.0,0.9057,1e-08,0.0943,0.0,0.0,0.0,0.0,0.0,1e-08,0.3162,0.6838,0.0,0.0,0.0,0.0,0.0,0.8928601859505917,-2.472624569139879,-0.5451943372291013
426,26,b,313.15,1,0.5981,0.0622,0.3397,0.0,0.0,0.0,0.0,0.0,0.8519,1e-08,0.1481,0.0,0.0,0.0,0.0,0.0,0.0303,0.2048,0.7649,0.0,0.0,0.0,0.0,0.0,0.8928601859505917,-2.472624569139879,-0.5451943372291013
427,26,b,323.15,1,0.7811,0.0812,0.1377,0.0,0.0,0.0,0.0,0.0,0.9302,1e-08,0.0698,0.0,0.0,0.0,0.0,0.0,1e-08,0.5048,0.4952,0.0,0.0,0.0,0.0,0.0,0.8928601859505917,-2.472624569139879,-0.5451943372291013
428,26,b,323.15,1,0.7083,0.0736,0.2181,0.0,0.0,0.0,0.0,0.0,0.9049,1e-08,0.0951,0.0,0.0,0.0,0.0,0.0,1e-08,0.3346,0.6654,0.0,0.0,0.0,0.0,0.0,0.8928601859505917,-2.472624569139879,-0.5451943372291013
429,26,b,323.15,1,0.6735,0.07,0.2565,0.0,0.0,0.0,0.0,0.0,0.8884,1e-08,0.1116,0.0,0.0,0.0,0.0,0.0,0.0128,0.2833,0.7039,0.0,0.0,0.0,0.0,0.0,0.8928601859505917,-2.472624569139879,-0.5451943372291013
430,26,b,323.15,1,0.582,0.0605,0.3575,0.0,0.0,0.0,0.0,0.0,0.8493,1e-08,0.1507,0.0,0.0,0.0,0.0,0.0,0.0484,0.19,0.7616,0.0,0.0,0.0,0.0,0.0,0.8928601859505917,-2.472624569139879,-0.5451943372291013
431,27,aa,318.15,1,0.49950000000000006,0.5005,0.0001,0.0,0.0,0.0,0.0,0.0,0.9952,0.0048,0.0001,0.0,0.0,0.0,0.0,0.0,0.0077,0.9923000000000001,0.0001,0.0,0.0,0.0,0.0,0.0,0.04147846994597544,-4.261576992804773,-0.025670606237605496
432,27,aa,333.15,1,0.5004,0.4996,0.0001,0.0,0.0,0.0,0.0,0.0,0.9558,0.044199999999999996,0.0001,0.0,0.0,0.0,0.0,0.0,0.012,0.988,0.0001,0.0,0.0,0.0,0.0,0.0,0.04147846994597544,-4.261576992804773,-0.025670606237605496
434,27,aa,318.15,4,0.5003,0.0001,0.0,0.0,0.0,0.0,0.0,0.4997,0.9849,0.0001,0.0,0.0,0.0,0.0,0.0,0.0151,0.008,0.0001,0.0,0.0,0.0,0.0,0.0,0.992,0.04147846994597544,-4.261576992804773,-0.025670606237605496
435,27,aa,318.15,4,0.4978,0.5022,0.0,0.0,0.0,0.0,0.0,0.0001,0.9887,0.0113,0.0,0.0,0.0,0.0,0.0,0.0001,0.0294,0.9706,0.0,0.0,0.0,0.0,0.0,0.0001,0.04147846994597544,-4.261576992804773,-0.025670606237605496
436,27,aa,333.15,4,0.4978,0.0001,0.0,0.0,0.0,0.0,0.0,0.5022,0.9918,0.0001,0.0,0.0,0.0,0.0,0.0,0.008199999999999999,0.0262,0.0001,0.0,0.0,0.0,0.0,0.0,0.9738,0.04147846994597544,-4.261576992804773,-0.025670606237605496
437,27,aa,333.15,4,0.4953,0.5047,0.0,0.0,0.0,0.0,0.0,0.0001,0.9558,0.044199999999999996,0.0,0.0,0.0,0.0,0.0,0.0001,0.008100000000000001,0.9919,0.0,0.0,0.0,0.0,0.0,0.0001,0.04147846994597544,-4.261576992804773,-0.025670606237605496
438,27,aa,303.15,2,0.4963,0.5036999999999999,0.0001,0.0,0.0,0.0,0.0,0.0,0.9919,0.008100000000000001,0.0001,0.0,0.0,0.0,0.0,0.0,0.0149,0.9851000000000001,0.0001,0.0,0.0,0.0,0.0,0.0,0.04147846994597544,-4.261576992804773,-0.025670606237605496
439,27,aa,318.15,2,0.5005,0.49950000000000006,0.0001,0.0,0.0,0.0,0.0,0.0,0.9848,0.0152,0.0001,0.0,0.0,0.0,0.0,0.0,0.0132,0.9868000000000001,0.0001,0.0,0.0,0.0,0.0,0.0,0.04147846994597544,-4.261576992804773,-0.025670606237605496
440,27,aa,333.15,2,0.5008,0.49920000000000003,0.0001,0.0,0.0,0.0,0.0,0.0,0.9841,0.0159,0.0001,0.0,0.0,0.0,0.0,0.0,0.0072,0.9928,0.0001,0.0,0.0,0.0,0.0,0.0,0.04147846994597544,-4.261576992804773,-0.025670606237605496
441,27,a,303.15,1,0.4413,0.4353,0.1234,0.0,0.0,0.0,0.0,0.0,0.9214,0.0169,0.0617,0.0,0.0,0.0,0.0,0.0,0.015,0.8153,0.1697,0.0,0.0,0.0,0.0,0.0,4.408912819262932e-06,-2.271359352476252,-0.0030902348430281125
442,27,a,303.15,1,0.3862,0.4007,0.21309999999999998,0.0,0.0,0.0,0.0,0.0,0.8522,0.0159,0.1319,0.0,0.0,0.0,0.0,0.0,0.0147,0.7114,0.27390000000000003,0.0,0.0,0.0,0.0,0.0,4.408912819262932e-06,-2.271359352476252,-0.0030902348430281125
443,27,a,303.15,1,0.3644,0.3688,0.2668,0.0,0.0,0.0,0.0,0.0,0.7968000000000001,0.03,0.1732,0.0,0.0,0.0,0.0,0.0,0.012,0.6584,0.3296,0.0,0.0,0.0,0.0,0.0,4.408912819262932e-06,-2.271359352476252,-0.0030902348430281125
444,27,a,303.15,1,0.3379,0.3273,0.3348,0.0,0.0,0.0,0.0,0.0,0.6922,0.055,0.2528,0.0,0.0,0.0,0.0,0.0,0.0139,0.5686,0.4175,0.0,0.0,0.0,0.0,0.0,4.408912819262932e-06,-2.271359352476252,-0.0030902348430281125
445,27,a,303.15,1,0.4968,0.5014,0.0018,0.0,0.0,0.0,0.0,0.0,0.9951000000000001,0.0049,0.0001,0.0,0.0,0.0,0.0,0.0,0.0138,0.9862000000000001,0.0001,0.0,0.0,0.0,0.0,0.0,4.408912819262932e-06,-2.271359352476252,-0.0030902348430281125
446,27,a,318.15,1,0.3832,0.4075,0.20929999999999999,0.0,0.0,0.0,0.0,0.0,0.8401000000000001,0.0325,0.1274,0.0,0.0,0.0,0.0,0.0,0.0046,0.7245999999999999,0.2708,0.0,0.0,0.0,0.0,0.0,4.408912819262932e-06,-2.271359352476252,-0.0030902348430281125
447,27,a,318.15,1,0.3528,0.3875,0.2597,0.0,0.0,0.0,0.0,0.0,0.713,0.0981,0.1889,0.0,0.0,0.0,0.0,0.0,0.0098,0.6554000000000001,0.3348,0.0,0.0,0.0,0.0,0.0,4.408912819262932e-06,-2.271359352476252,-0.0030902348430281125
448,27,a,318.15,1,0.3187,0.35340000000000005,0.32789999999999997,0.0,0.0,0.0,0.0,0.0,0.6272,0.1209,0.2519,0.0,0.0,0.0,0.0,0.0,0.0024,0.5974,0.40020000000000006,0.0,0.0,0.0,0.0,0.0,4.408912819262932e-06,-2.271359352476252,-0.0030902348430281125
449,27,a,318.15,1,0.4471,0.4617,0.09119999999999999,0.0,0.0,0.0,0.0,0.0,0.9631000000000001,0.011699999999999999,0.0252,0.0,0.0,0.0,0.0,0.0,0.0079,0.8452,0.1469,0.0,0.0,0.0,0.0,0.0,4.408912819262932e-06,-2.271359352476252,-0.0030902348430281125
450,27,a,333.15,1,0.3328,0.35729999999999995,0.3099,0.0,0.0,0.0,0.0,0.0,0.6829999999999999,0.08310000000000001,0.2339,0.0,0.0,0.0,0.0,0.0,0.0018,0.6244,0.3738,0.0,0.0,0.0,0.0,0.0,4.408912819262932e-06,-2.271359352476252,-0.0030902348430281125
451,27,a,333.15,1,0.40149999999999997,0.4107,0.18780000000000002,0.0,0.0,0.0,0.0,0.0,0.8525,0.0339,0.11359999999999999,0.0,0.0,0.0,0.0,0.0,0.0028000000000000004,0.747,0.2502,0.0,0.0,0.0,0.0,0.0,4.408912819262932e-06,-2.271359352476252,-0.0030902348430281125
452,27,a,333.15,1,0.4693,0.4682,0.0625,0.0,0.0,0.0,0.0,0.0,0.9269,0.0333,0.0398,0.0,0.0,0.0,0.0,0.0,0.0059,0.9098999999999999,0.0842,0.0,0.0,0.0,0.0,0.0,4.408912819262932e-06,-2.271359352476252,-0.0030902348430281125
453,27,a,333.15,1,0.37420000000000003,0.3985,0.2273,0.0,0.0,0.0,0.0,0.0,0.815,0.043899999999999995,0.1411,0.0,0.0,0.0,0.0,0.0,0.0070999999999999995,0.6973,0.2956,0.0,0.0,0.0,0.0,0.0,4.408912819262932e-06,-2.271359352476252,-0.0030902348430281125
454,27,a,303.15,1,0.3679,0.0,0.3204,0.0,0.0,0.0,0.0,0.31170000000000003,0.86,0.0,0.1093,0.0,0.0,0.0,0.0,0.0308,0.0138,0.0,0.51,0.0,0.0,0.0,0.0,0.47619999999999996,4.408912819262932e-06,-2.271359352476252,-0.0030902348430281125
455,27,a,303.15,1,0.3193,0.0,0.3776,0.0,0.0,0.0,0.0,0.3031,0.8031,0.0,0.1505,0.0,0.0,0.0,0.0,0.0464,0.0173,0.0,0.4592,0.0,0.0,0.0,0.0,0.5235,4.408912819262932e-06,-2.271359352476252,-0.0030902348430281125
456,27,a,303.15,1,0.34009999999999996,0.0,0.3814,0.0,0.0,0.0,0.0,0.2785,0.7737999999999999,0.0,0.1778,0.0,0.0,0.0,0.0,0.0484,0.0195,0.0,0.4486,0.0,0.0,0.0,0.0,0.5318999999999999,4.408912819262932e-06,-2.271359352476252,-0.0030902348430281125
457,27,a,303.15,1,0.3169,0.0,0.4278,0.0,0.0,0.0,0.0,0.2553,0.7633,0.0,0.18899999999999997,0.0,0.0,0.0,0.0,0.04769999999999999,0.0297,0.0,0.40130000000000005,0.0,0.0,0.0,0.0,0.569,4.408912819262932e-06,-2.271359352476252,-0.0030902348430281125
458,27,a,303.15,1,0.2658,0.0,0.4996,0.0,0.0,0.0,0.0,0.2346,0.7312000000000001,0.0,0.2163,0.0,0.0,0.0,0.0,0.0526,0.04190000000000001,0.0,0.32689999999999997,0.0,0.0,0.0,0.0,0.6313,4.408912819262932e-06,-2.271359352476252,-0.0030902348430281125
459,27,a,303.15,1,0.32049999999999995,0.0,0.4961,0.0,0.0,0.0,0.0,0.1834,0.6753,0.0,0.2675,0.0,0.0,0.0,0.0,0.057300000000000004,0.0688,0.0,0.2758,0.0,0.0,0.0,0.0,0.6554000000000001,4.408912819262932e-06,-2.271359352476252,-0.0030902348430281125
460,27,a,318.15,1,0.34490000000000004,0.0,0.3312,0.0,0.0,0.0,0.0,0.3239,0.8721,0.0,0.0966,0.0,0.0,0.0,0.0,0.0313,0.0088,0.0,0.48450000000000004,0.0,0.0,0.0,0.0,0.5067,4.408912819262932e-06,-2.271359352476252,-0.0030902348430281125
461,27,a,318.15,1,0.3308,0.0,0.40979999999999994,0.0,0.0,0.0,0.0,0.2594,0.7555,0.0,0.1986,0.0,0.0,0.0,0.0,0.045899999999999996,0.0171,0.0,0.5532,0.0,0.0,0.0,0.0,0.42969999999999997,4.408912819262932e-06,-2.271359352476252,-0.0030902348430281125
462,27,a,318.15,1,0.3418,0.0,0.3778,0.0,0.0,0.0,0.0,0.2804,0.7809,0.0,0.17129999999999998,0.0,0.0,0.0,0.0,0.0478,0.0239,0.0,0.5283,0.0,0.0,0.0,0.0,0.44780000000000003,4.408912819262932e-06,-2.271359352476252,-0.0030902348430281125
463,27,a,318.15,1,0.2621,0.0,0.5318,0.0,0.0,0.0,0.0,0.2061,0.6527,0.0,0.3042,0.0,0.0,0.0,0.0,0.0431,0.0687,0.0,0.636,0.0,0.0,0.0,0.0,0.2953,4.408912819262932e-06,-2.271359352476252,-0.0030902348430281125
464,27,a,318.15,1,0.31670000000000004,0.0,0.45289999999999997,0.0,0.0,0.0,0.0,0.2304,0.7071,0.0,0.2466,0.0,0.0,0.0,0.0,0.0464,0.0479,0.0,0.6068,0.0,0.0,0.0,0.0,0.3453,4.408912819262932e-06,-2.271359352476252,-0.0030902348430281125
465,27,a,318.15,1,0.2709,0.0,0.5497,0.0,0.0,0.0,0.0,0.1794,0.6103999999999999,0.0,0.3454,0.0,0.0,0.0,0.0,0.044199999999999996,0.083,0.0,0.6707,0.0,0.0,0.0,0.0,0.2463,4.408912819262932e-06,-2.271359352476252,-0.0030902348430281125
466,27,a,333.15,1,0.31739999999999996,0.0,0.3814,0.0,0.0,0.0,0.0,0.3012,0.8445999999999999,0.0,0.1161,0.0,0.0,0.0,0.0,0.0393,0.0009,0.0,0.5407,0.0,0.0,0.0,0.0,0.45840000000000003,4.408912819262932e-06,-2.271359352476252,-0.0030902348430281125
467,27,a,333.15,1,0.3146,0.0,0.4171,0.0,0.0,0.0,0.0,0.2683,0.7778,0.0,0.1693,0.0,0.0,0.0,0.0,0.0529,0.024900000000000002,0.0,0.561,0.0,0.0,0.0,0.0,0.41409999999999997,4.408912819262932e-06,-2.271359352476252,-0.0030902348430281125
468,27,a,333.15,1,0.3089,0.0,0.4385,0.0,0.0,0.0,0.0,0.2526,0.7553,0.0,0.20620000000000002,0.0,0.0,0.0,0.0,0.0385,0.0191,0.0,0.5888,0.0,0.0,0.0,0.0,0.3921,4.408912819262932e-06,-2.271359352476252,-0.0030902348430281125
469,27,a,333.15,1,0.27940000000000004,0.0,0.5029,0.0,0.0,0.0,0.0,0.2177,0.5756,0.0,0.35729999999999995,0.0,0.0,0.0,0.0,0.06709999999999999,0.0408,0.0,0.6327,0.0,0.0,0.0,0.0,0.3265,4.408912819262932e-06,-2.271359352476252,-0.0030902348430281125
470,27,a,333.15,1,0.2928,0.0,0.4707,0.0,0.0,0.0,0.0,0.2365,0.6762,0.0,0.2859,0.0,0.0,0.0,0.0,0.0379,0.0182,0.0,0.6151,0.0,0.0,0.0,0.0,0.3667,4.408912819262932e-06,-2.271359352476252,-0.0030902348430281125
471,27,a,333.15,1,0.2718,0.0,0.5531,0.0,0.0,0.0,0.0,0.1751,0.5301,0.0,0.4083,0.0,0.0,0.0,0.0,0.0616,0.0885,0.0,0.647,0.0,0.0,0.0,0.0,0.2645,4.408912819262932e-06,-2.271359352476252,-0.0030902348430281125
476,27,a,303.15,4,0.4978,0.0001,0.0,0.0,0.0,0.0,0.0,0.5022,0.9912000000000001,1e-07,0.0,0.0,0.0,0.0,0.0,0.0088,0.0362,0.0,0.0,0.0,0.0,0.0,0.0,0.9638,4.408912819262932e-06,-2.271359352476252,-0.0030902348430281125
477,27,a,318.15,4,0.4379,0.1199,0.0,0.0,0.0,0.0,0.0,0.4422,0.9840000000000001,0.0115,0.0,0.0,0.0,0.0,0.0,0.0045000000000000005,0.0084,0.20629999999999998,0.0,0.0,0.0,0.0,0.0,0.7853,4.408912819262932e-06,-2.271359352476252,-0.0030902348430281125
478,27,a,318.15,4,0.34159999999999996,0.41359999999999997,0.0,0.0,0.0,0.0,0.0,0.24480000000000002,0.9853000000000001,0.0108,0.0,0.0,0.0,0.0,0.0,0.0039000000000000003,0.0001,0.6214,0.0,0.0,0.0,0.0,0.0,0.3786,4.408912819262932e-06,-2.271359352476252,-0.0030902348430281125
479,27,a,318.15,4,0.3992,0.2631,0.0,0.0,0.0,0.0,0.0,0.33770000000000006,0.9898,0.0060999999999999995,0.0,0.0,0.0,0.0,0.0,0.0040999999999999995,0.008199999999999999,0.4512,0.0,0.0,0.0,0.0,0.0,0.5406,4.408912819262932e-06,-2.271359352476252,-0.0030902348430281125
480,27,a,318.15,4,0.35729999999999995,0.4781,0.0,0.0,0.0,0.0,0.0,0.1646,0.9872,0.0084,0.0,0.0,0.0,0.0,0.0,0.0044,0.0001,0.7304999999999999,0.0,0.0,0.0,0.0,0.0,0.2695,4.408912819262932e-06,-2.271359352476252,-0.0030902348430281125
481,27,a,333.15,4,0.3669,0.3024,0.0,0.0,0.0,0.0,0.0,0.3307,0.9836,0.0070999999999999995,0.0,0.0,0.0,0.0,0.0,0.009300000000000001,0.0001,0.46630000000000005,0.0,0.0,0.0,0.0,0.0,0.5337,4.408912819262932e-06,-2.271359352476252,-0.0030902348430281125
482,27,a,333.15,4,0.36369999999999997,0.4351,0.0,0.0,0.0,0.0,0.0,0.20120000000000002,0.9843000000000001,0.0069,0.0,0.0,0.0,0.0,0.0,0.0088,0.0121,0.6869,0.0,0.0,0.0,0.0,0.0,0.301,4.408912819262932e-06,-2.271359352476252,-0.0030902348430281125
483,27,a,333.15,4,0.3996,0.1916,0.0,0.0,0.0,0.0,0.0,0.40880000000000005,0.9867,0.0048,0.0,0.0,0.0,0.0,0.0,0.0085,0.0001,0.3131,0.0,0.0,0.0,0.0,0.0,0.6869,4.408912819262932e-06,-2.271359352476252,-0.0030902348430281125
484,27,a,333.15,4,0.42719999999999997,0.1414,0.0,0.0,0.0,0.0,0.0,0.4314,0.9826999999999999,0.0052,0.0,0.0,0.0,0.0,0.0,0.0121,0.0008,0.24420000000000003,0.0,0.0,0.0,0.0,0.0,0.755,4.408912819262932e-06,-2.271359352476252,-0.0030902348430281125
494,27,a,303.15,2,0.3054,0.36,0.3346,0.0,0.0,0.0,0.0,0.0,0.5820000000000001,0.1117,0.3063,0.0,0.0,0.0,0.0,0.0,0.0023,0.6473,0.3504,0.0,0.0,0.0,0.0,0.0,4.408912819262932e-06,-2.271359352476252,-0.0030902348430281125
495,27,a,303.15,2,0.3386,0.3732,0.2882,0.0,0.0,0.0,0.0,0.0,0.6735,0.0587,0.26780000000000004,0.0,0.0,0.0,0.0,0.0,0.0022,0.6866,0.31120000000000003,0.0,0.0,0.0,0.0,0.0,4.408912819262932e-06,-2.271359352476252,-0.0030902348430281125
496,27,a,303.15,2,0.4106,0.43,0.1594,0.0,0.0,0.0,0.0,0.0,0.8207,0.0403,0.139,0.0,0.0,0.0,0.0,0.0,0.016,0.7911,0.1929,0.0,0.0,0.0,0.0,0.0,4.408912819262932e-06,-2.271359352476252,-0.0030902348430281125
497,27,a,303.15,2,0.4435,0.45799999999999996,0.09849999999999999,0.0,0.0,0.0,0.0,0.0,0.9133,0.0085,0.0782,0.0,0.0,0.0,0.0,0.0,0.0111,0.8653,0.12359999999999999,0.0,0.0,0.0,0.0,0.0,4.408912819262932e-06,-2.271359352476252,-0.0030902348430281125
498,27,a,318.15,2,0.33030000000000004,0.36,0.3097,0.0,0.0,0.0,0.0,0.0,0.6747,0.0601,0.2652,0.0,0.0,0.0,0.0,0.0,0.026600000000000002,0.6361,0.3373,0.0,0.0,0.0,0.0,0.0,4.408912819262932e-06,-2.271359352476252,-0.0030902348430281125
499,27,a,318.15,2,0.36729999999999996,0.3766,0.2561,0.0,0.0,0.0,0.0,0.0,0.7243999999999999,0.049100000000000005,0.22649999999999998,0.0,0.0,0.0,0.0,0.0,0.0109,0.6937000000000001,0.2954,0.0,0.0,0.0,0.0,0.0,4.408912819262932e-06,-2.271359352476252,-0.0030902348430281125
500,27,a,318.15,2,0.40020000000000006,0.4046,0.19519999999999998,0.0,0.0,0.0,0.0,0.0,0.8057,0.0291,0.16519999999999999,0.0,0.0,0.0,0.0,0.0,0.0113,0.7629,0.22579999999999997,0.0,0.0,0.0,0.0,0.0,4.408912819262932e-06,-2.271359352476252,-0.0030902348430281125
501,27,a,318.15,2,0.40840000000000004,0.4429,0.1487,0.0,0.0,0.0,0.0,0.0,0.8539,0.0255,0.1206,0.0,0.0,0.0,0.0,0.0,0.0203,0.8075,0.1722,0.0,0.0,0.0,0.0,0.0,4.408912819262932e-06,-2.271359352476252,-0.0030902348430281125
502,27,a,333.15,2,0.3134,0.3734,0.3132,0.0,0.0,0.0,0.0,0.0,0.5713,0.1471,0.2816,0.0,0.0,0.0,0.0,0.0,0.0342,0.6315,0.3342,0.0,0.0,0.0,0.0,0.0,4.408912819262932e-06,-2.271359352476252,-0.0030902348430281125
503,27,a,333.15,2,0.3786,0.4083,0.21309999999999998,0.0,0.0,0.0,0.0,0.0,0.7582,0.061399999999999996,0.1804,0.0,0.0,0.0,0.0,0.0,0.033,0.7238,0.2432,0.0,0.0,0.0,0.0,0.0,4.408912819262932e-06,-2.271359352476252,-0.0030902348430281125
504,27,a,333.15,2,0.4388,0.4378,0.1234,0.0,0.0,0.0,0.0,0.0,0.8955,0.0265,0.078,0.0,0.0,0.0,0.0,0.0,0.025699999999999997,0.8123,0.16190000000000002,0.0,0.0,0.0,0.0,0.0,4.408912819262932e-06,-2.271359352476252,-0.0030902348430281125
505,27,a,333.15,2,0.4508,0.4653,0.0839,0.0,0.0,0.0,0.0,0.0,0.9549,0.0096,0.0354,0.0,0.0,0.0,0.0,0.0,0.0233,0.852,0.1247,0.0,0.0,0.0,0.0,0.0,4.408912819262932e-06,-2.271359352476252,-0.0030902348430281125
506,27,a,303.15,2,0.2967,0.0,0.3992,0.0,0.0,0.0,0.0,0.3041,0.7037,0.0,0.2343,0.0,0.0,0.0,0.0,0.062,0.018500000000000003,0.0,0.5094,0.0,0.0,0.0,0.0,0.4721,4.408912819262932e-06,-2.271359352476252,-0.0030902348430281125
507,27,a,303.15,2,0.3439,0.0,0.2955,0.0,0.0,0.0,0.0,0.36060000000000003,0.8078,0.0,0.1598,0.0,0.0,0.0,0.0,0.0325,0.0036,0.0,0.3874,0.0,0.0,0.0,0.0,0.6091,4.408912819262932e-06,-2.271359352476252,-0.0030902348430281125
508,27,a,303.15,2,0.3772,0.0,0.22010000000000002,0.0,0.0,0.0,0.0,0.40270000000000006,0.8669,0.0,0.1076,0.0,0.0,0.0,0.0,0.0255,0.0009,0.0,0.2999,0.0,0.0,0.0,0.0,0.6992,4.408912819262932e-06,-2.271359352476252,-0.0030902348430281125
509,27,a,303.15,2,0.45770000000000005,0.0,0.0951,0.0,0.0,0.0,0.0,0.4472,0.9315000000000001,0.0,0.04769999999999999,0.0,0.0,0.0,0.0,0.0208,0.0002,0.0,0.1376,0.0,0.0,0.0,0.0,0.8622,4.408912819262932e-06,-2.271359352476252,-0.0030902348430281125
510,27,a,318.15,2,0.30269999999999997,0.0,0.3918,0.0,0.0,0.0,0.0,0.3055,0.6937000000000001,0.0,0.2427,0.0,0.0,0.0,0.0,0.0637,0.0233,0.0,0.49670000000000003,0.0,0.0,0.0,0.0,0.48,4.408912819262932e-06,-2.271359352476252,-0.0030902348430281125
511,27,a,318.15,2,0.3546,0.0,0.28800000000000003,0.0,0.0,0.0,0.0,0.3574,0.7984,0.0,0.16390000000000002,0.0,0.0,0.0,0.0,0.0377,0.0044,0.0,0.3872,0.0,0.0,0.0,0.0,0.6084,4.408912819262932e-06,-2.271359352476252,-0.0030902348430281125
512,27,a,318.15,2,0.40159999999999996,0.0,0.1986,0.0,0.0,0.0,0.0,0.3998,0.8537,0.0,0.1018,0.0,0.0,0.0,0.0,0.044500000000000005,0.0015,0.0,0.2889,0.0,0.0,0.0,0.0,0.7095999999999999,4.408912819262932e-06,-2.271359352476252,-0.0030902348430281125
513,27,a,318.15,2,0.4511,0.0,0.09480000000000001,0.0,0.0,0.0,0.0,0.45409999999999995,0.9309999999999999,0.0,0.051399999999999994,0.0,0.0,0.0,0.0,0.0176,0.0004,0.0,0.1344,0.0,0.0,0.0,0.0,0.8652,4.408912819262932e-06,-2.271359352476252,-0.0030902348430281125
514,27,a,333.15,2,0.3248,0.0,0.3884,0.0,0.0,0.0,0.0,0.2868,0.6857,0.0,0.2525,0.0,0.0,0.0,0.0,0.061799999999999994,0.0291,0.0,0.48710000000000003,0.0,0.0,0.0,0.0,0.4838,4.408912819262932e-06,-2.271359352476252,-0.0030902348430281125
515,27,a,333.15,2,0.363,0.0,0.2847,0.0,0.0,0.0,0.0,0.35229999999999995,0.7874,0.0,0.16579999999999998,0.0,0.0,0.0,0.0,0.046799999999999994,0.0060999999999999995,0.0,0.3825,0.0,0.0,0.0,0.0,0.6114,4.408912819262932e-06,-2.271359352476252,-0.0030902348430281125
516,27,a,333.15,2,0.38189999999999996,0.0,0.20579999999999998,0.0,0.0,0.0,0.0,0.41229999999999994,0.8601000000000001,0.0,0.10339999999999999,0.0,0.0,0.0,0.0,0.0365,0.0014000000000000002,0.0,0.2824,0.0,0.0,0.0,0.0,0.7162000000000001,4.408912819262932e-06,-2.271359352476252,-0.0030902348430281125
517,27,a,333.15,2,0.44170000000000004,0.0,0.1093,0.0,0.0,0.0,0.0,0.449,0.9356,0.0,0.046900000000000004,0.0,0.0,0.0,0.0,0.0175,0.0001,0.0,0.15869999999999998,0.0,0.0,0.0,0.0,0.8412000000000001,4.408912819262932e-06,-2.271359352476252,-0.0030902348430281125
527,28,a,298.0,2,0.2348,0.2463,0.5189,0.0,0.0,0.0,0.0,0.0,0.6974,0.0356,0.2669,0.0,0.0,0.0,0.0,0.0,0.0797,0.3064,0.6139,0.0,0.0,0.0,0.0,0.0,0.04376840546144683,-2.045450088962696,-0.1526271720622601
528,28,a,298.0,2,0.1302,0.3635,0.5064,0.0,0.0,0.0,0.0,0.0,0.7712,0.0211,0.2076,0.0,0.0,0.0,0.0,0.0,0.0399,0.4067,0.5534,0.0,0.0,0.0,0.0,0.0,0.04376840546144683,-2.045450088962696,-0.1526271720622601
529,28,a,298.0,2,0.3245,0.3355,0.3401,0.0,0.0,0.0,0.0,0.0,0.8414,0.0116,0.147,0.0,0.0,0.0,0.0,0.0,0.0076,0.5256,0.4667,0.0,0.0,0.0,0.0,0.0,0.04376840546144683,-2.045450088962696,-0.1526271720622601
530,28,a,298.0,2,0.2474,0.5041,0.2484,0.0,0.0,0.0,0.0,0.0,0.9075,0.004,0.0885,0.0,0.0,0.0,0.0,0.0,0.0012,0.6876,0.3153,0.0,0.0,0.0,0.0,0.0,0.04376840546144683,-2.045450088962696,-0.1526271720622601
531,28,a,298.0,2,0.4197,0.4076,0.1726,0.0,0.0,0.0,0.0,0.0,0.9283,0.0018,0.0699,0.0,0.0,0.0,0.0,0.0,0.0042,0.7386,0.2572,0.0,0.0,0.0,0.0,0.0,0.04376840546144683,-2.045450088962696,-0.1526271720622601
532,28,a,298.0,2,0.37,0.37,0.26,0.0,0.0,0.0,0.0,0.0,0.8795,0.0071,0.1134,0.0,0.0,0.0,0.0,0.0,0.0072,0.6258,0.3785,0.0,0.0,0.0,0.0,0.0,0.04376840546144683,-2.045450088962696,-0.1526271720622601
533,28,a,298.0,2,0.2498,0.0,0.4998,0.0,0.0,0.0,0.0,0.2504,0.9209,0.0,0.0752,0.0,0.0,0.0,0.0,0.004,0.0077,0.0,0.6541,0.0,0.0,0.0,0.0,0.3381,0.04376840546144683,-2.045450088962696,-0.1526271720622601
534,28,a,298.0,2,0.2501,0.0,0.5999,0.0,0.0,0.0,0.0,0.1502,0.8344,0.0,0.153,0.0,0.0,0.0,0.0,0.0126,0.0243,0.0,0.7747,0.0,0.0,0.0,0.0,0.2009,0.04376840546144683,-2.045450088962696,-0.1526271720622601
535,28,a,298.0,2,0.3001,0.0,0.5495,0.0,0.0,0.0,0.0,0.1503,0.8495,0.0,0.1394,0.0,0.0,0.0,0.0,0.0114,0.0222,0.0,0.7619,0.0,0.0,0.0,0.0,0.216,0.04376840546144683,-2.045450088962696,-0.1526271720622601
536,28,a,298.0,2,0.2998,0.0,0.4499,0.0,0.0,0.0,0.0,0.2503,0.9257,0.0,0.0708,0.0,0.0,0.0,0.0,0.0035,0.0057,0.0,0.6326,0.0,0.0,0.0,0.0,0.3617,0.04376840546144683,-2.045450088962696,-0.1526271720622601
537,28,a,298.0,2,0.3496,0.0,0.4001,0.0,0.0,0.0,0.0,0.2503,0.9303,0.0,0.0667,0.0,0.0,0.0,0.0,0.003,0.0034,0.0,0.6022,0.0,0.0,0.0,0.0,0.3943,0.04376840546144683,-2.045450088962696,-0.1526271720622601
538,28,a,298.0,2,0.28,0.0,0.5399,0.0,0.0,0.0,0.0,0.1801,0.8901,0.0,0.1028,0.0,0.0,0.0,0.0,0.007,0.0166,0.0,0.727,0.0,0.0,0.0,0.0,0.2564,0.04376840546144683,-2.045450088962696,-0.1526271720622601
539,28,a,298.0,2,0.3201,0.0,0.5002,0.0,0.0,0.0,0.0,0.1798,0.89,0.0,0.1029,0.0,0.0,0.0,0.0,0.0069,0.0148,0.0,0.7147,0.0,0.0,0.0,0.0,0.2704,0.04376840546144683,-2.045450088962696,-0.1526271720622601
540,28,a,298.0,2,0.36,0.0,0.4596,0.0,0.0,0.0,0.0,0.1803,0.9032,0.0,0.091,0.0,0.0,0.0,0.0,0.0057,0.0125,0.0,0.697,0.0,0.0,0.0,0.0,0.2905,0.04376840546144683,-2.045450088962696,-0.1526271720622601
547,48,a,298.2,2,0.4998,0.0,0.2512,0.0,0.0,0.0,0.0,0.249,0.9524,0.0,0.0419,0.0,0.0,0.0,0.0,0.0057,0.0014,0.0,0.4798,0.0,0.0,0.0,0.0,0.5188,0.672263843042336,-2.7166734686906477,0.7614233879411444
548,48,a,298.2,2,0.55,0.0,0.2,0.0,0.0,0.0,0.0,0.25,0.9637,0.0,0.0313,0.0,0.0,0.0,0.0,0.005,0.0012,0.0,0.4148,0.0,0.0,0.0,0.0,0.584,0.672263843042336,-2.7166734686906477,0.7614233879411444
549,48,a,298.2,2,0.5113,0.0,0.2908,0.0,0.0,0.0,0.0,0.1979,0.9366,0.0,0.06,0.0,0.0,0.0,0.0,0.0034,0.0025,0.0,0.5608,0.0,0.0,0.0,0.0,0.4367,0.672263843042336,-2.7166734686906477,0.7614233879411444
550,48,a,298.2,2,0.3874,0.0,0.2075,0.0,0.0,0.0,0.0,0.4051,0.9764,0.0,0.0197,0.0,0.0,0.0,0.0,0.0039,0.0015,0.0,0.3199,0.0,0.0,0.0,0.0,0.6786,0.672263843042336,-2.7166734686906477,0.7614233879411444
551,48,a,298.2,2,0.3829,0.0,0.2534,0.0,0.0,0.0,0.0,0.3637,0.9655,0.0,0.0294,0.0,0.0,0.0,0.0,0.0051,0.0022,0.0,0.3861,0.0,0.0,0.0,0.0,0.6117,0.672263843042336,-2.7166734686906477,0.7614233879411444
552,48,a,333.2,2,0.42,0.0,0.3073,0.0,0.0,0.0,0.0,0.2727,0.914,0.0,0.0764,0.0,0.0,0.0,0.0,0.0096,0.002,0.0,0.5014,0.0,0.0,0.0,0.0,0.4966,0.672263843042336,-2.7166734686906477,0.7614233879411444
553,48,a,333.2,2,0.2153,0.0,0.3877,0.0,0.0,0.0,0.0,0.397,0.9306,0.0,0.0625,0.0,0.0,0.0,0.0,0.0069,0.0018,0.0,0.4828,0.0,0.0,0.0,0.0,0.5154,0.672263843042336,-2.7166734686906477,0.7614233879411444
554,48,a,333.2,2,0.4786,0.0,0.3321,0.0,0.0,0.0,0.0,0.1893,0.9552,0.0,0.0387,0.0,0.0,0.0,0.0,0.0061,0.0009,0.0,0.3101,0.0,0.0,0.0,0.0,0.689,0.672263843042336,-2.7166734686906477,0.7614233879411444
555,48,a,333.2,2,0.428,0.0,0.1909,0.0,0.0,0.0,0.0,0.3811,0.9726,0.0,0.0238,0.0,0.0,0.0,0.0,0.0036,0.0016,0.0,0.1787,0.0,0.0,0.0,0.0,0.8197,0.672263843042336,-2.7166734686906477,0.7614233879411444
556,48,a,333.2,2,0.5291,0.0,0.0943,0.0,0.0,0.0,0.0,0.3766,0.8864,0.0,0.1007,0.0,0.0,0.0,0.0,0.0129,0.0028,0.0,0.605,0.0,0.0,0.0,0.0,0.3922,0.672263843042336,-2.7166734686906477,0.7614233879411444
557,48,b,298.2,2,0.2803,0.0,0.1633,0.0,0.0,0.0,0.0,0.5564,0.9251,0.0,0.0553,0.0,0.0,0.0,0.0,0.0196,0.0007,0.0,0.2069,0.0,0.0,0.0,0.0,0.7924,0.8854273586385504,-0.7040820543095481,1.197650714784541
558,48,b,298.2,2,0.3,0.0,0.201,0.0,0.0,0.0,0.0,0.499,0.9053,0.0,0.0718,0.0,0.0,0.0,0.0,0.0229,0.0007,0.0,0.2574,0.0,0.0,0.0,0.0,0.7419,0.8854273586385504,-0.7040820543095481,1.197650714784541
559,48,b,298.2,2,0.2005,0.0,0.3045,0.0,0.0,0.0,0.0,0.495,0.838,0.0,0.1275,0.0,0.0,0.0,0.0,0.0345,0.0001,0.0,0.3515,0.0,0.0,0.0,0.0,0.6484,0.8854273586385504,-0.7040820543095481,1.197650714784541
560,48,b,298.2,2,0.4773,0.0,0.0646,0.0,0.0,0.0,0.0,0.4581,0.9723,0.0,0.012,0.0,0.0,0.0,0.0,0.0157,0.0001,0.0,0.1052,0.0,0.0,0.0,0.0,0.8947,0.8854273586385504,-0.7040820543095481,1.197650714784541
561,48,b,298.2,2,0.245,0.0,0.2509,0.0,0.0,0.0,0.0,0.5041,0.8627,0.0,0.1044,0.0,0.0,0.0,0.0,0.0329,0.0001,0.0,0.3037,0.0,0.0,0.0,0.0,0.6962,0.8854273586385504,-0.7040820543095481,1.197650714784541
562,48,b,298.2,2,0.254,0.0,0.371,0.0,0.0,0.0,0.0,0.375,0.7584,0.0,0.1896,0.0,0.0,0.0,0.0,0.052,0.0076,0.0,0.4562,0.0,0.0,0.0,0.0,0.5362,0.8854273586385504,-0.7040820543095481,1.197650714784541
563,48,b,333.2,2,0.4062,0.0,0.2644,0.0,0.0,0.0,0.0,0.3294,0.756,0.0,0.192,0.0,0.0,0.0,0.0,0.052,0.0034,0.0,0.3467,0.0,0.0,0.0,0.0,0.6499,0.8854273586385504,-0.7040820543095481,1.197650714784541
564,48,b,333.2,2,0.5202,0.0,0.2692,0.0,0.0,0.0,0.0,0.2106,0.7247,0.0,0.2118,0.0,0.0,0.0,0.0,0.0635,0.0102,0.0,0.4095,0.0,0.0,0.0,0.0,0.5803,0.8854273586385504,-0.7040820543095481,1.197650714784541
565,48,b,333.2,2,0.4085,0.0,0.1732,0.0,0.0,0.0,0.0,0.4183,0.8567,0.0,0.1072,0.0,0.0,0.0,0.0,0.0361,0.0005,0.0,0.2332,0.0,0.0,0.0,0.0,0.7663,0.8854273586385504,-0.7040820543095481,1.197650714784541
566,48,b,333.2,2,0.4198,0.0,0.1109,0.0,0.0,0.0,0.0,0.4693,0.9143,0.0,0.063,0.0,0.0,0.0,0.0,0.0227,0.0015,0.0,0.1486,0.0,0.0,0.0,0.0,0.8499,0.8854273586385504,-0.7040820543095481,1.197650714784541
567,48,b,333.2,2,0.2141,0.0,0.3877,0.0,0.0,0.0,0.0,0.3982,0.7011,0.0,0.2249,0.0,0.0,0.0,0.0,0.074,0.0115,0.0,0.4475,0.0,0.0,0.0,0.0,0.541,0.8854273586385504,-0.7040820543095481,1.197650714784541
568,48,b,333.2,2,0.5925,0.0,0.1925,0.0,0.0,0.0,0.0,0.215,0.8136,0.0,0.1417,0.0,0.0,0.0,0.0,0.0448,0.0001,0.0,0.3149,0.0,0.0,0.0,0.0,0.685,0.8854273586385504,-0.7040820543095481,1.197650714784541
570,29,a,293.15,2,0.0,0.0,0.5451,0.4269,0.0,0.0,0.027999999999999997,0.0,0.0,0.0,0.13970000000000002,0.8388,0.0,0.0,0.0215,0.0,0.0,0.0,0.9196,0.0489,0.0,0.0,0.0315,0.0,0.9784548668260343,0.19739358673768215,0.7434932983835176
571,29,a,293.15,2,0.0,0.0,0.5428000000000001,0.4048,0.0,0.0,0.0524,0.0,0.0,0.0,0.1628,0.7937000000000001,0.0,0.0,0.0435,0.0,0.0,0.0,0.877,0.06480000000000001,0.0,0.0,0.0582,0.0,0.9784548668260343,0.19739358673768215,0.7434932983835176
572,29,a,293.15,2,0.0,0.0,0.5203,0.4029,0.0,0.0,0.0768,0.0,0.0,0.0,0.1924,0.7406999999999999,0.0,0.0,0.0669,0.0,0.0,0.0,0.8286,0.0842,0.0,0.0,0.0872,0.0,0.9784548668260343,0.19739358673768215,0.7434932983835176
573,29,a,293.15,2,0.0,0.0,0.49729999999999996,0.4014,0.0,0.0,0.1013,0.0,0.0,0.0,0.2316,0.682,0.0,0.0,0.0864,0.0,0.0,0.0,0.7681,0.1216,0.0,0.0,0.1103,0.0,0.9784548668260343,0.19739358673768215,0.7434932983835176
574,29,a,293.15,2,0.0,0.0,0.49310000000000004,0.3801,0.0,0.0,0.1268,0.0,0.0,0.0,0.2925,0.5953,0.0,0.0,0.11220000000000001,0.0,0.0,0.0,0.6839,0.1827,0.0,0.0,0.1334,0.0,0.9784548668260343,0.19739358673768215,0.7434932983835176
576,29,a,303.15,2,0.0,0.0,0.5498,0.4219,0.0,0.0,0.028300000000000002,0.0,0.0,0.0,0.171,0.8064,0.0,0.0,0.0226,0.0,0.0,0.0,0.904,0.0641,0.0,0.0,0.0319,0.0,0.9784548668260343,0.19739358673768215,0.7434932983835176
577,29,a,303.15,2,0.0,0.0,0.5373,0.43439999999999995,0.0,0.0,0.028300000000000002,0.0,0.0,0.0,0.1686,0.8077,0.0,0.0,0.023700000000000002,0.0,0.0,0.0,0.9002,0.0668,0.0,0.0,0.033,0.0,0.9784548668260343,0.19739358673768215,0.7434932983835176
578,29,a,303.15,2,0.0,0.0,0.5493,0.3979,0.0,0.0,0.0528,0.0,0.0,0.0,0.2009,0.7544,0.0,0.0,0.0447,0.0,0.0,0.0,0.8542000000000001,0.0883,0.0,0.0,0.0575,0.0,0.9784548668260343,0.19739358673768215,0.7434932983835176
579,29,a,303.15,2,0.0,0.0,0.5288,0.4132,0.0,0.0,0.057999999999999996,0.0,0.0,0.0,0.2053,0.7437,0.0,0.0,0.051,0.0,0.0,0.0,0.8376,0.0956,0.0,0.0,0.0668,0.0,0.9784548668260343,0.19739358673768215,0.7434932983835176
580,29,a,303.15,2,0.0,0.0,0.521,0.4023,0.0,0.0,0.0767,0.0,0.0,0.0,0.2404,0.6915,0.0,0.0,0.0681,0.0,0.0,0.0,0.795,0.1204,0.0,0.0,0.08460000000000001,0.0,0.9784548668260343,0.19739358673768215,0.7434932983835176
581,29,a,303.15,2,0.0,0.0,0.5008,0.4172,0.0,0.0,0.08199999999999999,0.0,0.0,0.0,0.2609,0.6664,0.0,0.0,0.0727,0.0,0.0,0.0,0.7817000000000001,0.12789999999999999,0.0,0.0,0.0904,0.0,0.9784548668260343,0.19739358673768215,0.7434932983835176
582,29,a,303.15,2,0.0,0.0,0.498,0.39990000000000003,0.0,0.0,0.10210000000000001,0.0,0.0,0.0,0.30269999999999997,0.6078,0.0,0.0,0.0895,0.0,0.0,0.0,0.7152,0.1777,0.0,0.0,0.10710000000000001,0.0,0.9784548668260343,0.19739358673768215,0.7434932983835176
583,29,a,303.15,2,0.0,0.0,0.5411,0.4341,0.0,0.0,0.0248,0.0,0.0,0.0,0.1689,0.8112,0.0,0.0,0.0199,0.0,0.0,0.0,0.9095,0.0665,0.0,0.0,0.024,0.0,0.9784548668260343,0.19739358673768215,0.7434932983835176
584,29,a,303.15,2,0.0,0.0,0.4853,0.4535,0.0,0.0,0.061200000000000004,0.0,0.0,0.0,0.2279,0.7169,0.0,0.0,0.0552,0.0,0.0,0.0,0.8397,0.0969,0.0,0.0,0.0634,0.0,0.9784548668260343,0.19739358673768215,0.7434932983835176
586,29,b,298.15,2,0.0,0.0,0.512,0.46399999999999997,0.0,0.0,0.024,0.0,0.0,0.0,0.1678,0.8134,0.0,0.0,0.018799999999999997,0.0,0.0,0.0,0.8985,0.0753,0.0,0.0,0.0262,0.0,0.9888949339253091,0.22826364817991884,0.8033863879830997
587,29,b,298.15,2,0.0,0.0,0.5004,0.4506,0.0,0.0,0.049,0.0,0.0,0.0,0.1844,0.7728,0.0,0.0,0.042800000000000005,0.0,0.0,0.0,0.8489,0.0965,0.0,0.0,0.0546,0.0,0.9888949339253091,0.22826364817991884,0.8033863879830997
588,29,b,298.15,2,0.0,0.0,0.5031,0.4178,0.0,0.0,0.0791,0.0,0.0,0.0,0.2556,0.675,0.0,0.0,0.0694,0.0,0.0,0.0,0.7626999999999999,0.14980000000000002,0.0,0.0,0.0875,0.0,0.9888949339253091,0.22826364817991884,0.8033863879830997
589,29,b,298.15,2,0.0,0.0,0.4943,0.4054,0.0,0.0,0.1003,0.0,0.0,0.0,0.3268,0.5813,0.0,0.0,0.0919,0.0,0.0,0.0,0.6762999999999999,0.2155,0.0,0.0,0.1082,0.0,0.9888949339253091,0.22826364817991884,0.8033863879830997
591,30,a,298.15,2,0.0,0.0,0.5,0.4874,0.0,0.0,0.0126,0.0,0.0,0.0,0.1559,0.8317,0.0,0.0,0.0124,0.0,0.0,0.0,0.9091,0.07429999999999999,0.0,0.0,0.0166,0.0,0.23021165899519488,-0.29890869367903705,0.8859243819011094
592,30,a,298.15,2,0.0,0.0,0.5002,0.47909999999999997,0.0,0.0,0.0207,0.0,0.0,0.0,0.16469999999999999,0.8153,0.0,0.0,0.02,0.0,0.0,0.0,0.8931999999999999,0.0802,0.0,0.0,0.026600000000000002,0.0,0.23021165899519488,-0.29890869367903705,0.8859243819011094
593,30,a,298.15,2,0.0,0.0,0.4999,0.4681,0.0,0.0,0.032,0.0,0.0,0.0,0.1702,0.799,0.0,0.0,0.0308,0.0,0.0,0.0,0.8721,0.0882,0.0,0.0,0.0397,0.0,0.23021165899519488,-0.29890869367903705,0.8859243819011094
594,30,a,298.15,2,0.0,0.0,0.5001,0.4498,0.0,0.0,0.0501,0.0,0.0,0.0,0.20420000000000002,0.7548999999999999,0.0,0.0,0.0409,0.0,0.0,0.0,0.825,0.11960000000000001,0.0,0.0,0.0554,0.0,0.23021165899519488,-0.29890869367903705,0.8859243819011094
595,30,a,298.15,2,0.0,0.0,0.5,0.4,0.0,0.0,0.1,0.0,0.0,0.0,0.3321,0.5804,0.0,0.0,0.0875,0.0,0.0,0.0,0.6606000000000001,0.2389,0.0,0.0,0.1005,0.0,0.23021165899519488,-0.29890869367903705,0.8859243819011094
596,30,a,298.15,2,0.0,0.0,0.469,0.4999,0.0,0.0,0.0,0.0311,0.0,0.0,0.0394,0.9551000000000001,0.0,0.0,0.0,0.0055000000000000005,0.0,0.0,0.9162,0.0163,0.0,0.0,0.0,0.0675,0.23021165899519488,-0.29890869367903705,0.8859243819011094
605,30,a,298.15,2,0.0,0.0,0.4397,0.4988,0.0,0.0,0.0,0.061500000000000006,0.0,0.0,0.0437,0.9511,0.0,0.0,0.0,0.0052,0.0,0.0,0.8591,0.0045000000000000005,0.0,0.0,0.0,0.1364,0.23021165899519488,-0.29890869367903705,0.8859243819011094
614,30,a,298.15,2,0.0,0.0,0.4048,0.49979999999999997,0.0,0.0,0.0,0.09539999999999998,0.0,0.0,0.0338,0.9551000000000001,0.0,0.0,0.0,0.0111,0.0,0.0,0.8120999999999999,0.0005,0.0,0.0,0.0,0.18739999999999998,0.23021165899519488,-0.29890869367903705,0.8859243819011094
624,30,b,298.15,2,0.0,0.0,0.5,0.4797,0.0,0.0,0.0203,0.0,0.0,0.0,0.1725,0.8078,0.0,0.0,0.0197,0.0,0.0,0.0,0.8920999999999999,0.0817,0.0,0.0,0.0262,0.0,0.9073644290223519,0.38484679841138303,1.026980830160755
625,30,b,298.15,2,0.0,0.0,0.5,0.4606,0.0,0.0,0.0394,0.0,0.0,0.0,0.17920000000000003,0.7873,0.0,0.0,0.0335,0.0,0.0,0.0,0.8567,0.0989,0.0,0.0,0.0444,0.0,0.9073644290223519,0.38484679841138303,1.026980830160755
626,30,b,298.15,2,0.0,0.0,0.4999,0.4499,0.0,0.0,0.0501,0.0,0.0,0.0,0.1996,0.7554000000000001,0.0,0.0,0.045,0.0,0.0,0.0,0.8222,0.1198,0.0,0.0,0.057999999999999996,0.0,0.9073644290223519,0.38484679841138303,1.026980830160755
627,30,b,298.15,2,0.0,0.0,0.5001,0.4213,0.0,0.0,0.0786,0.0,0.0,0.0,0.2332,0.6968000000000001,0.0,0.0,0.07,0.0,0.0,0.0,0.7614,0.1516,0.0,0.0,0.087,0.0,0.9073644290223519,0.38484679841138303,1.026980830160755
628,30,b,298.15,2,0.0,0.0,0.5,0.39990000000000003,0.0,0.0,0.1002,0.0,0.0,0.0,0.344,0.5631,0.0,0.0,0.0929,0.0,0.0,0.0,0.6365,0.2563,0.0,0.0,0.1072,0.0,0.9073644290223519,0.38484679841138303,1.026980830160755
629,30,b,298.15,2,0.0,0.0,0.4999,0.4499,0.0,0.0,0.0501,0.0,0.0,0.0,0.1996,0.7554000000000001,0.0,0.0,0.045,0.0,0.0,0.0,0.8222,0.1198,0.0,0.0,0.057999999999999996,0.0,0.9073644290223519,0.38484679841138303,1.026980830160755
630,30,b,298.15,2,0.0,0.0,0.5001,0.4213,0.0,0.0,0.0786,0.0,0.0,0.0,0.2332,0.6968000000000001,0.0,0.0,0.07,0.0,0.0,0.0,0.7614,0.1516,0.0,0.0,0.087,0.0,0.9073644290223519,0.38484679841138303,1.026980830160755
631,30,b,298.15,2,0.0,0.0,0.5,0.39990000000000003,0.0,0.0,0.1002,0.0,0.0,0.0,0.344,0.5631,0.0,0.0,0.0929,0.0,0.0,0.0,0.6365,0.2563,0.0,0.0,0.1072,0.0,0.9073644290223519,0.38484679841138303,1.026980830160755
632,30,b,298.15,2,0.0,0.0,0.4678,0.5,0.0,0.0,0.0,0.0322,0.0,0.0,0.0693,0.9257,0.0,0.0,0.0,0.005,0.0,0.0,0.9174,0.0146,0.0,0.0,0.0,0.068,0.9073644290223519,0.38484679841138303,1.026980830160755
641,31,a,298.15,2,0.0,0.0,0.5005,0.47450000000000003,0.0,0.0,0.025,0.0,0.0,0.0,0.17620000000000002,0.8012,0.0,0.0,0.0226,0.0,0.0,0.0,0.8787,0.09140000000000001,0.0,0.0,0.029900000000000003,0.0,0.6502627590256593,0.4356640122167714,1.1668675662429375
642,31,a,298.15,2,0.0,0.0,0.5023,0.4475,0.0,0.0,0.050199999999999995,0.0,0.0,0.0,0.2102,0.7442,0.0,0.0,0.045599999999999995,0.0,0.0,0.0,0.8239,0.1175,0.0,0.0,0.058600000000000006,0.0,0.6502627590256593,0.4356640122167714,1.1668675662429375
643,31,a,298.15,2,0.0,0.0,0.501,0.45409999999999995,0.0,0.0,0.0449,0.0,0.0,0.0,0.248,0.6833,0.0,0.0,0.0687,0.0,0.0,0.0,0.7609,0.1548,0.0,0.0,0.0843,0.0,0.6502627590256593,0.4356640122167714,1.1668675662429375
644,31,a,298.15,2,0.0,0.0,0.4999,0.4,0.0,0.0,0.1001,0.0,0.0,0.0,0.3235,0.5814,0.0,0.0,0.0951,0.0,0.0,0.0,0.6618,0.2285,0.0,0.0,0.1097,0.0,0.6502627590256593,0.4356640122167714,1.1668675662429375
645,31,a,298.15,2,0.0,0.0,0.48810000000000003,0.4999,0.0,0.0,0.0,0.012,0.0,0.0,0.11220000000000001,0.8856,0.0,0.0,0.0,0.0022,0.0,0.0,0.9326000000000001,0.0421,0.0,0.0,0.0,0.0253,0.6502627590256593,0.4356640122167714,1.1668675662429375
650,31,a,298.15,2,0.0,0.0,0.4481,0.4988,0.0,0.0,0.0,0.053099999999999994,0.0,0.0,0.0634,0.9308,0.0,0.0,0.0,0.0058,0.0,0.0,0.8842,0.0063,0.0,0.0,0.0,0.10949999999999999,0.6502627590256593,0.4356640122167714,1.1668675662429375
655,31,a,298.15,2,0.0,0.0,0.4386,0.4993,0.0,0.0,0.0,0.0621,0.0,0.0,0.0454,0.9443,0.0,0.0,0.0,0.0103,0.0,0.0,0.8868,0.0016,0.0,0.0,0.0,0.1116,0.6502627590256593,0.4356640122167714,1.1668675662429375
687,33,aa,298.15,2,0.0,0.0,0.494,0.47979999999999995,0.0,0.0,0.0,0.0262,0.0,0.0,0.08070000000000001,0.9163,0.0,0.0,0.0,0.003,0.0,0.0,0.9239,0.0161,0.0,0.0,0.0,0.06,0.9982179708362514,-3.961735413246876,-0.6239354804297667
693,33,aa,298.15,2,0.0,0.0,0.4603,0.4997,0.0,0.0,0.0,0.04,0.0,0.0,0.0564,0.9376000000000001,0.0,0.0,0.0,0.006,0.0,0.0,0.8837999999999999,0.0066,0.0,0.0,0.0,0.1096,0.9982179708362514,-3.961735413246876,-0.6239354804297667
698,33,aa,298.15,2,0.0,0.0,0.43939999999999996,0.5007,0.0,0.0,0.0,0.0599,0.0,0.0,0.051,0.9457,0.0,0.0,0.0,0.0033,0.0,0.0,0.8559,0.0044,0.0,0.0,0.0,0.13970000000000002,0.9982179708362514,-3.961735413246876,-0.6239354804297667
705,33,aa,298.15,2,0.0,0.0,0.4072,0.5035000000000001,0.0,0.0,0.0,0.08929999999999999,0.0,0.0,0.0368,0.9571,0.0,0.0,0.0,0.0060999999999999995,0.0,0.0,0.7951999999999999,0.002,0.0,0.0,0.0,0.2028,0.9982179708362514,-3.961735413246876,-0.6239354804297667
713,34,a,318.15,2,0.0,0.0,0.501,0.484,0.0,0.0,0.015,0.0,0.0,0.0,0.2705,0.7153,0.0,0.0,0.014199999999999999,0.0,0.0,0.0,0.8356999999999999,0.1481,0.0,0.0,0.016200000000000003,0.0,0.742992375592344,0.9994903421347785,1.4259415443471783
714,34,a,318.15,2,0.0,0.0,0.5006,0.4694,0.0,0.0,0.03,0.0,0.0,0.0,0.3156,0.6572,0.0,0.0,0.027200000000000002,0.0,0.0,0.0,0.7818999999999999,0.18420000000000003,0.0,0.0,0.0339,0.0,0.742992375592344,0.9994903421347785,1.4259415443471783
715,34,a,318.15,2,0.0,0.0,0.501,0.45409999999999995,0.0,0.0,0.0449,0.0,0.0,0.0,0.3757,0.5820000000000001,0.0,0.0,0.042300000000000004,0.0,0.0,0.0,0.7061,0.2437,0.0,0.0,0.050199999999999995,0.0,0.742992375592344,0.9994903421347785,1.4259415443471783
716,34,a,318.15,2,0.0,0.0,0.4704,0.499,0.0,0.0,0.0,0.030600000000000002,0.0,0.0,0.113,0.8812000000000001,0.0,0.0,0.0,0.0058,0.0,0.0,0.9079,0.0285,0.0,0.0,0.0,0.0636,0.742992375592344,0.9994903421347785,1.4259415443471783
722,34,a,318.15,2,0.0,0.0,0.43670000000000003,0.5015,0.0,0.0,0.0,0.061799999999999994,0.0,0.0,0.0771,0.9166,0.0,0.0,0.0,0.0063,0.0,0.0,0.865,0.0072,0.0,0.0,0.0,0.1278,0.742992375592344,0.9994903421347785,1.4259415443471783
729,34,ba,318.15,2,0.0,0.0,0.4987,0.4863,0.0,0.0,0.015,0.0,0.0,0.0,0.2682,0.7170000000000001,0.0,0.0,0.0148,0.0,0.0,0.0,0.8438,0.1404,0.0,0.0,0.0158,0.0,0.999657394634696,0.28194597372534735,0.7202257876612521
730,34,ba,318.15,2,0.0,0.0,0.5007,0.4692,0.0,0.0,0.0301,0.0,0.0,0.0,0.3078,0.6628000000000001,0.0,0.0,0.0294,0.0,0.0,0.0,0.7894,0.17859999999999998,0.0,0.0,0.032,0.0,0.999657394634696,0.28194597372534735,0.7202257876612521
731,34,ba,318.15,2,0.0,0.0,0.49950000000000006,0.4551,0.0,0.0,0.0454,0.0,0.0,0.0,0.3671,0.5889,0.0,0.0,0.044000000000000004,0.0,0.0,0.0,0.7098,0.24170000000000003,0.0,0.0,0.048499999999999995,0.0,0.999657394634696,0.28194597372534735,0.7202257876612521
743,35,a,293.15,1,0.0,0.0,0.512,0.4396,0.0,0.0,0.0484,0.0,0.0,0.0,0.0724,0.8768,0.0,0.0,0.0508,0.0,0.0,0.0,0.9455,0.0088,0.0,0.0,0.045700000000000005,0.0,0.9071206759944342,0.2859139641831514,0.7956277442320302
744,35,a,293.15,1,0.0,0.0,0.5103,0.39549999999999996,0.0,0.0,0.0942,0.0,0.0,0.0,0.0934,0.8027,0.0,0.0,0.1039,0.0,0.0,0.0,0.9007999999999999,0.0128,0.0,0.0,0.0864,0.0,0.9071206759944342,0.2859139641831514,0.7956277442320302
745,35,a,293.15,1,0.0,0.0,0.4765,0.3321,0.0,0.0,0.19140000000000001,0.0,0.0,0.0,0.16579999999999998,0.6382,0.0,0.0,0.196,0.0,0.0,0.0,0.7644,0.047400000000000005,0.0,0.0,0.1882,0.0,0.9071206759944342,0.2859139641831514,0.7956277442320302
746,35,a,293.15,1,0.0,0.0,0.4828,0.2815,0.0,0.0,0.2357,0.0,0.0,0.0,0.19920000000000002,0.5524,0.0,0.0,0.2484,0.0,0.0,0.0,0.7082999999999999,0.0617,0.0,0.0,0.23,0.0,0.9071206759944342,0.2859139641831514,0.7956277442320302
748,35,a,303.15,1,0.0,0.0,0.5272,0.4412,0.0,0.0,0.0316,0.0,0.0,0.0,0.0669,0.898,0.0,0.0,0.0351,0.0,0.0,0.0,0.9656,0.0066,0.0,0.0,0.0278,0.0,0.9071206759944342,0.2859139641831514,0.7956277442320302
749,35,a,303.15,1,0.0,0.0,0.5196999999999999,0.4215,0.0,0.0,0.0588,0.0,0.0,0.0,0.08310000000000001,0.8534,0.0,0.0,0.0635,0.0,0.0,0.0,0.9362999999999999,0.0104,0.0,0.0,0.0533,0.0,0.9071206759944342,0.2859139641831514,0.7956277442320302
750,35,a,303.15,1,0.0,0.0,0.47950000000000004,0.4277,0.0,0.0,0.0928,0.0,0.0,0.0,0.1085,0.7959,0.0,0.0,0.0956,0.0,0.0,0.0,0.8931,0.0187,0.0,0.0,0.0882,0.0,0.9071206759944342,0.2859139641831514,0.7956277442320302
751,35,a,303.15,1,0.0,0.0,0.473,0.3967,0.0,0.0,0.1303,0.0,0.0,0.0,0.131,0.7315999999999999,0.0,0.0,0.1374,0.0,0.0,0.0,0.8533,0.0241,0.0,0.0,0.1226,0.0,0.9071206759944342,0.2859139641831514,0.7956277442320302
753,35,a,293.15,2,0.0,0.0,0.5306000000000001,0.4404,0.0,0.0,0.028999999999999998,0.0,0.0,0.0,0.15380000000000002,0.8228,0.0,0.0,0.023399999999999997,0.0,0.0,0.0,0.9013,0.065,0.0,0.0,0.0337,0.0,0.9071206759944342,0.2859139641831514,0.7956277442320302
754,35,a,293.15,2,0.0,0.0,0.528,0.4133,0.0,0.0,0.0587,0.0,0.0,0.0,0.1893,0.7619,0.0,0.0,0.048799999999999996,0.0,0.0,0.0,0.8423,0.09210000000000002,0.0,0.0,0.06559999999999999,0.0,0.9071206759944342,0.2859139641831514,0.7956277442320302
755,35,a,293.15,2,0.0,0.0,0.5084000000000001,0.41359999999999997,0.0,0.0,0.078,0.0,0.0,0.0,0.21969999999999998,0.7119,0.0,0.0,0.0684,0.0,0.0,0.0,0.7943000000000001,0.11789999999999999,0.0,0.0,0.08779999999999999,0.0,0.9071206759944342,0.2859139641831514,0.7956277442320302
756,35,a,293.15,2,0.0,0.0,0.5084000000000001,0.39549999999999996,0.0,0.0,0.09609999999999999,0.0,0.0,0.0,0.25379999999999997,0.6615000000000001,0.0,0.0,0.08470000000000001,0.0,0.0,0.0,0.7404999999999999,0.154,0.0,0.0,0.10550000000000001,0.0,0.9071206759944342,0.2859139641831514,0.7956277442320302
757,35,a,293.15,2,0.0,0.0,0.5017,0.38780000000000003,0.0,0.0,0.1105,0.0,0.0,0.0,0.3111,0.5878,0.0,0.0,0.1011,0.0,0.0,0.0,0.6714,0.2096,0.0,0.0,0.11900000000000001,0.0,0.9071206759944342,0.2859139641831514,0.7956277442320302
759,35,a,303.15,2,0.0,0.0,0.5215,0.466,0.0,0.0,0.0125,0.0,0.0,0.0,0.1693,0.8190000000000001,0.0,0.0,0.011699999999999999,0.0,0.0,0.0,0.9151,0.0709,0.0,0.0,0.013999999999999999,0.0,0.9071206759944342,0.2859139641831514,0.7956277442320302
760,35,a,303.15,2,0.0,0.0,0.5008,0.4744,0.0,0.0,0.0248,0.0,0.0,0.0,0.183,0.7939,0.0,0.0,0.0231,0.0,0.0,0.0,0.8913,0.081,0.0,0.0,0.0277,0.0,0.9071206759944342,0.2859139641831514,0.7956277442320302
761,35,a,303.15,2,0.0,0.0,0.5086999999999999,0.4583,0.0,0.0,0.033,0.0,0.0,0.0,0.1955,0.7753,0.0,0.0,0.0292,0.0,0.0,0.0,0.872,0.091,0.0,0.0,0.037000000000000005,0.0,0.9071206759944342,0.2859139641831514,0.7956277442320302
762,35,a,303.15,2,0.0,0.0,0.5165,0.4422,0.0,0.0,0.041299999999999996,0.0,0.0,0.0,0.20800000000000002,0.7565999999999999,0.0,0.0,0.0354,0.0,0.0,0.0,0.8526,0.10099999999999999,0.0,0.0,0.0464,0.0,0.9071206759944342,0.2859139641831514,0.7956277442320302
763,35,a,303.15,2,0.0,0.0,0.5074000000000001,0.4421,0.0,0.0,0.050499999999999996,0.0,0.0,0.0,0.2189,0.7373000000000001,0.0,0.0,0.0438,0.0,0.0,0.0,0.8305,0.1125,0.0,0.0,0.057,0.0,0.9071206759944342,0.2859139641831514,0.7956277442320302
764,35,a,303.15,2,0.0,0.0,0.4982,0.4421,0.0,0.0,0.059699999999999996,0.0,0.0,0.0,0.2298,0.7181000000000001,0.0,0.0,0.0521,0.0,0.0,0.0,0.8084,0.124,0.0,0.0,0.0676,0.0,0.9071206759944342,0.2859139641831514,0.7956277442320302
765,35,a,303.15,2,0.0,0.0,0.48100000000000004,0.4393,0.0,0.0,0.0797,0.0,0.0,0.0,0.2724,0.6541,0.0,0.0,0.0735,0.0,0.0,0.0,0.7448,0.1655,0.0,0.0,0.0897,0.0,0.9071206759944342,0.2859139641831514,0.7956277442320302
766,35,a,303.15,2,0.0,0.0,0.48979999999999996,0.4183,0.0,0.0,0.0919,0.0,0.0,0.0,0.34340000000000004,0.57,0.0,0.0,0.0866,0.0,0.0,0.0,0.6755,0.225,0.0,0.0,0.09949999999999999,0.0,0.9071206759944342,0.2859139641831514,0.7956277442320302
768,35,a,283.15,3,0.0,0.0,0.5381,0.4451,0.0,0.0,0.0168,0.0,0.0,0.0,0.2492,0.7359,0.0,0.0,0.0149,0.0,0.0,0.0,0.8659,0.11560000000000001,0.0,0.0,0.018500000000000003,0.0,0.9071206759944342,0.2859139641831514,0.7956277442320302
769,35,a,283.15,3,0.0,0.0,0.5622,0.4053,0.0,0.0,0.0325,0.0,0.0,0.0,0.2791,0.6920000000000001,0.0,0.0,0.028900000000000002,0.0,0.0,0.0,0.8234999999999999,0.1404,0.0,0.0,0.0361,0.0,0.9071206759944342,0.2859139641831514,0.7956277442320302
770,35,a,283.15,3,0.0,0.0,0.5808,0.3697,0.0,0.0,0.0495,0.0,0.0,0.0,0.32439999999999997,0.6293,0.0,0.0,0.0463,0.0,0.0,0.0,0.7633,0.183,0.0,0.0,0.0537,0.0,0.9071206759944342,0.2859139641831514,0.7956277442320302
773,35,a,303.15,2,0.0,0.0,0.4965,0.47009999999999996,0.0,0.0,0.0,0.0334,0.0,0.0,0.084,0.9131,0.0,0.0,0.0,0.0029,0.0,0.0,0.9213,0.0138,0.0,0.0,0.0,0.0649,0.9071206759944342,0.2859139641831514,0.7956277442320302
779,36,aa,308.15,2,0.0,0.0,0.5091,0.4904,0.0,0.0,0.0005,0.0,0.0,0.0,0.24760000000000001,0.7515000000000001,0.0,0.0,0.0009,0.0,0.0,0.0,0.8412999999999999,0.1577,0.0,0.0,0.001,0.0,,,
780,36,a,308.15,2,0.0,0.0,0.509,0.4824,0.0,0.0,0.0086,0.0,0.0,0.0,0.2648,0.7265999999999999,0.0,0.0,0.0086,0.0,0.0,0.0,0.8225,0.1677,0.0,0.0,0.0098,0.0,0.992290377206756,0.3186386508132587,0.8510959459111104
781,36,a,308.15,2,0.0,0.0,0.5078,0.47590000000000005,0.0,0.0,0.0163,0.0,0.0,0.0,0.2779,0.7070000000000001,0.0,0.0,0.0151,0.0,0.0,0.0,0.7961,0.1863,0.0,0.0,0.0176,0.0,0.992290377206756,0.3186386508132587,0.8510959459111104
782,36,a,308.15,2,0.0,0.0,0.5106,0.465,0.0,0.0,0.024399999999999998,0.0,0.0,0.0,0.3124,0.6636,0.0,0.0,0.024,0.0,0.0,0.0,0.7686,0.2045,0.0,0.0,0.0269,0.0,0.992290377206756,0.3186386508132587,0.8510959459111104
783,36,a,308.15,2,0.0,0.0,0.5105,0.4571,0.0,0.0,0.032400000000000005,0.0,0.0,0.0,0.33630000000000004,0.6325,0.0,0.0,0.031200000000000002,0.0,0.0,0.0,0.7318000000000001,0.2335,0.0,0.0,0.0347,0.0,0.992290377206756,0.3186386508132587,0.8510959459111104
784,36,a,308.15,2,0.0,0.0,0.5103,0.44939999999999997,0.0,0.0,0.0403,0.0,0.0,0.0,0.3774,0.5825,0.0,0.0,0.0401,0.0,0.0,0.0,0.6823999999999999,0.2751,0.0,0.0,0.0425,0.0,0.992290377206756,0.3186386508132587,0.8510959459111104
785,36,a,308.15,2,0.0,0.0,0.5106,0.465,0.0,0.0,0.024399999999999998,0.0,0.0,0.0,0.3124,0.6636,0.0,0.0,0.024,0.0,0.0,0.0,0.7686,0.2045,0.0,0.0,0.0269,0.0,0.992290377206756,0.3186386508132587,0.8510959459111104
786,36,a,308.15,2,0.0,0.0,0.5105,0.4571,0.0,0.0,0.032400000000000005,0.0,0.0,0.0,0.33630000000000004,0.6325,0.0,0.0,0.031200000000000002,0.0,0.0,0.0,0.7318000000000001,0.2335,0.0,0.0,0.0347,0.0,0.992290377206756,0.3186386508132587,0.8510959459111104
787,36,a,308.15,2,0.0,0.0,0.5103,0.44939999999999997,0.0,0.0,0.0403,0.0,0.0,0.0,0.3774,0.5825,0.0,0.0,0.0401,0.0,0.0,0.0,0.6823999999999999,0.2751,0.0,0.0,0.0425,0.0,0.992290377206756,0.3186386508132587,0.8510959459111104
789,37,a,298.15,2,0.0,0.0,0.5,0.49,0.0,0.0,0.01,0.0,0.0,0.0,0.155,0.836,0.0,0.0,0.009000000000000001,0.0,0.0,0.0,0.915,0.07200000000000001,0.0,0.0,0.013000000000000001,0.0,0.27014772889270094,-0.4045324703772264,0.7505769356660221
790,37,a,298.15,2,0.0,0.0,0.501,0.478,0.0,0.0,0.021,0.0,0.0,0.0,0.159,0.8220000000000001,0.0,0.0,0.019,0.0,0.0,0.0,0.895,0.079,0.0,0.0,0.026000000000000002,0.0,0.27014772889270094,-0.4045324703772264,0.7505769356660221
791,37,a,298.15,2,0.0,0.0,0.5,0.469,0.0,0.0,0.031,0.0,0.0,0.0,0.17300000000000001,0.799,0.0,0.0,0.027999999999999997,0.0,0.0,0.0,0.8759999999999999,0.085,0.0,0.0,0.039,0.0,0.27014772889270094,-0.4045324703772264,0.7505769356660221
792,37,a,298.15,2,0.0,0.0,0.5,0.449,0.0,0.0,0.051,0.0,0.0,0.0,0.21,0.7440000000000001,0.0,0.0,0.046,0.0,0.0,0.0,0.823,0.11800000000000001,0.0,0.0,0.059000000000000004,0.0,0.27014772889270094,-0.4045324703772264,0.7505769356660221
793,37,a,298.15,2,0.0,0.0,0.489,0.409,0.0,0.0,0.102,0.0,0.0,0.0,0.33899999999999997,0.5670000000000001,0.0,0.0,0.094,0.0,0.0,0.0,0.622,0.26899999999999996,0.0,0.0,0.109,0.0,0.27014772889270094,-0.4045324703772264,0.7505769356660221
794,37,a,298.15,2,0.0,0.0,0.469,0.5,0.0,0.0,0.0,0.031,0.0,0.0,0.075,0.919,0.0,0.0,0.0,0.006,0.0,0.0,0.9209999999999999,0.015,0.0,0.0,0.0,0.064,0.27014772889270094,-0.4045324703772264,0.7505769356660221
803,37,a,298.15,2,0.0,0.0,0.439,0.5,0.0,0.0,0.0,0.061,0.0,0.0,0.054000000000000006,0.94,0.0,0.0,0.0,0.006,0.0,0.0,0.866,0.006,0.0,0.0,0.0,0.128,0.27014772889270094,-0.4045324703772264,0.7505769356660221
811,37,a,298.15,2,0.0,0.0,0.408,0.498,0.0,0.0,0.0,0.094,0.0,0.0,0.046,0.95,0.0,0.0,0.0,0.004,0.0,0.0,0.8190000000000001,0.002,0.0,0.0,0.0,0.179,0.27014772889270094,-0.4045324703772264,0.7505769356660221
820,37,b,298.15,2,0.0,0.0,0.5,0.489,0.0,0.0,0.011000000000000001,0.0,0.0,0.0,0.14300000000000002,0.847,0.0,0.0,0.01,0.0,0.0,0.0,0.9229999999999999,0.064,0.0,0.0,0.013000000000000001,0.0,0.1418443623436675,-0.7375444054444433,0.6336288446903203
821,37,b,298.15,2,0.0,0.0,0.5,0.478,0.0,0.0,0.022000000000000002,0.0,0.0,0.0,0.154,0.8270000000000001,0.0,0.0,0.019,0.0,0.0,0.0,0.903,0.071,0.0,0.0,0.026000000000000002,0.0,0.1418443623436675,-0.7375444054444433,0.6336288446903203
822,37,b,298.15,2,0.0,0.0,0.5,0.46799999999999997,0.0,0.0,0.032,0.0,0.0,0.0,0.171,0.8009999999999999,0.0,0.0,0.027999999999999997,0.0,0.0,0.0,0.902,0.061,0.0,0.0,0.037000000000000005,0.0,0.1418443623436675,-0.7375444054444433,0.6336288446903203
823,37,b,298.15,2,0.0,0.0,0.499,0.45,0.0,0.0,0.051,0.0,0.0,0.0,0.21,0.7440000000000001,0.0,0.0,0.046,0.0,0.0,0.0,0.825,0.11800000000000001,0.0,0.0,0.057,0.0,0.1418443623436675,-0.7375444054444433,0.6336288446903203
824,37,b,298.15,2,0.0,0.0,0.499,0.39799999999999996,0.0,0.0,0.10300000000000001,0.0,0.0,0.0,0.33899999999999997,0.5670000000000001,0.0,0.0,0.094,0.0,0.0,0.0,0.622,0.26899999999999996,0.0,0.0,0.109,0.0,0.1418443623436675,-0.7375444054444433,0.6336288446903203
825,37,b,298.15,2,0.0,0.0,0.469,0.5,0.0,0.0,0.0,0.031,0.0,0.0,0.059000000000000004,0.9359999999999999,0.0,0.0,0.0,0.005,0.0,0.0,0.919,0.013999999999999999,0.0,0.0,0.0,0.067,0.1418443623436675,-0.7375444054444433,0.6336288446903203
833,37,b,298.15,2,0.0,0.0,0.439,0.5,0.0,0.0,0.0,0.061,0.0,0.0,0.047,0.9490000000000001,0.0,0.0,0.0,0.004,0.0,0.0,0.875,0.005,0.0,0.0,0.0,0.12,0.1418443623436675,-0.7375444054444433,0.6336288446903203
841,37,b,298.15,2,0.0,0.0,0.406,0.5,0.0,0.0,0.0,0.094,0.0,0.0,0.021,0.976,0.0,0.0,0.0,0.003,0.0,0.0,0.818,0.001,0.0,0.0,0.0,0.18100000000000002,0.1418443623436675,-0.7375444054444433,0.6336288446903203
850,37,c,298.15,2,0.0,0.0,0.5,0.485,0.0,0.0,0.015,0.0,0.0,0.0,0.158,0.8270000000000001,0.0,0.0,0.015,0.0,0.0,0.0,0.9109999999999999,0.07,0.0,0.0,0.019,0.0,0.4833966575099084,0.1364191817291316,0.9489073936095341
851,37,c,298.15,2,0.0,0.0,0.501,0.475,0.0,0.0,0.024,0.0,0.0,0.0,0.16699999999999998,0.81,0.0,0.0,0.023,0.0,0.0,0.0,0.894,0.075,0.0,0.0,0.031,0.0,0.4833966575099084,0.1364191817291316,0.9489073936095341
852,37,c,298.15,2,0.0,0.0,0.499,0.46799999999999997,0.0,0.0,0.033,0.0,0.0,0.0,0.179,0.79,0.0,0.0,0.031,0.0,0.0,0.0,0.877,0.08199999999999999,0.0,0.0,0.040999999999999995,0.0,0.4833966575099084,0.1364191817291316,0.9489073936095341
853,37,c,298.15,2,0.0,0.0,0.502,0.447,0.0,0.0,0.051,0.0,0.0,0.0,0.21,0.7440000000000001,0.0,0.0,0.046,0.0,0.0,0.0,0.823,0.11800000000000001,0.0,0.0,0.059000000000000004,0.0,0.4833966575099084,0.1364191817291316,0.9489073936095341
854,37,c,298.15,2,0.0,0.0,0.49200000000000005,0.406,0.0,0.0,0.102,0.0,0.0,0.0,0.33899999999999997,0.5670000000000001,0.0,0.0,0.094,0.0,0.0,0.0,0.622,0.26899999999999996,0.0,0.0,0.109,0.0,0.4833966575099084,0.1364191817291316,0.9489073936095341
855,37,c,298.15,2,0.0,0.0,0.47,0.499,0.0,0.0,0.0,0.031,0.0,0.0,0.067,0.927,0.0,0.0,0.0,0.006,0.0,0.0,0.917,0.015,0.0,0.0,0.0,0.068,0.4833966575099084,0.1364191817291316,0.9489073936095341
864,37,c,298.15,2,0.0,0.0,0.439,0.5,0.0,0.0,0.0,0.061,0.0,0.0,0.048,0.948,0.0,0.0,0.0,0.004,0.0,0.0,0.866,0.004,0.0,0.0,0.0,0.13,0.4833966575099084,0.1364191817291316,0.9489073936095341
873,38,a,323.15,2,0.0,0.0,0.5045000000000001,0.48969999999999997,0.0,0.0,0.0058,0.0,0.0,0.0,0.27,0.7243,0.0,0.0,0.005699999999999999,0.0,0.0,0.0,0.8423999999999999,0.1496,0.0,0.0,0.008,0.0,0.021004438851718325,-2.0628557361487765,-0.3530528418912674
874,38,a,323.15,2,0.0,0.0,0.5033,0.4838,0.0,0.0,0.0129,0.0,0.0,0.0,0.2718,0.7173,0.0,0.0,0.0109,0.0,0.0,0.0,0.8306,0.1553,0.0,0.0,0.0141,0.0,0.021004438851718325,-2.0628557361487765,-0.3530528418912674
875,38,a,323.15,2,0.0,0.0,0.4991,0.47619999999999996,0.0,0.0,0.024700000000000003,0.0,0.0,0.0,0.2963,0.6823999999999999,0.0,0.0,0.0213,0.0,0.0,0.0,0.8173,0.1577,0.0,0.0,0.025,0.0,0.021004438851718325,-2.0628557361487765,-0.3530528418912674
876,38,a,323.15,2,0.0,0.0,0.5021,0.46159999999999995,0.0,0.0,0.0363,0.0,0.0,0.0,0.3602,0.6073,0.0,0.0,0.0325,0.0,0.0,0.0,0.7397,0.222,0.0,0.0,0.0383,0.0,0.021004438851718325,-2.0628557361487765,-0.3530528418912674
877,38,ab,323.15,2,0.0,0.0,0.5023,0.44689999999999996,0.0,0.0,0.0508,0.0,0.0,0.0,0.39280000000000004,0.5622,0.0,0.0,0.045,0.0,0.0,0.0,0.63,0.3181,0.0,0.0,0.0519,0.0,,,
878,38,a,323.15,2,0.0,0.0,0.4744,0.4982,0.0,0.0,0.0,0.0274,0.0,0.0,0.1335,0.8632,0.0,0.0,0.0,0.0033,0.0,0.0,0.9064,0.0298,0.0,0.0,0.0,0.0638,0.021004438851718325,-2.0628557361487765,-0.3530528418912674
887,38,a,323.15,2,0.0,0.0,0.4008,0.49979999999999997,0.0,0.0,0.0,0.09939999999999999,0.0,0.0,0.057800000000000004,0.9378,0.0,0.0,0.0,0.0044,0.0,0.0,0.7815000000000001,0.0011,0.0,0.0,0.0,0.21739999999999998,0.021004438851718325,-2.0628557361487765,-0.3530528418912674
896,38,a,323.15,2,0.0,0.0,0.349,0.5004,0.0,0.0,0.0,0.1506,0.0,0.0,0.0361,0.9573999999999999,0.0,0.0,0.0,0.006500000000000001,0.0,0.0,0.7415999999999999,0.0004,0.0,0.0,0.0,0.258,0.021004438851718325,-2.0628557361487765,-0.3530528418912674
906,39,a,298.15,2,0.0,0.0,0.4999,0.48960000000000004,0.0,0.0,0.0105,0.0,0.0,0.0,0.1483,0.8425,0.0,0.0,0.0092,0.0,0.0,0.0,0.9078,0.0799,0.0,0.0,0.0123,0.0,0.6158777937172832,0.4091012304657695,1.1529886637636744
907,39,a,298.15,2,0.0,0.0,0.49979999999999997,0.4767,0.0,0.0,0.0235,0.0,0.0,0.0,0.1673,0.8123,0.0,0.0,0.0204,0.0,0.0,0.0,0.8809,0.092,0.0,0.0,0.0271,0.0,0.6158777937172832,0.4091012304657695,1.1529886637636744
908,39,a,298.15,2,0.0,0.0,0.5008,0.4657,0.0,0.0,0.0335,0.0,0.0,0.0,0.1725,0.7979,0.0,0.0,0.0296,0.0,0.0,0.0,0.8647,0.0964,0.0,0.0,0.038900000000000004,0.0,0.6158777937172832,0.4091012304657695,1.1529886637636744
909,39,a,298.15,2,0.0,0.0,0.4982,0.45020000000000004,0.0,0.0,0.0516,0.0,0.0,0.0,0.20929999999999999,0.7448999999999999,0.0,0.0,0.0458,0.0,0.0,0.0,0.8238,0.1175,0.0,0.0,0.0587,0.0,0.6158777937172832,0.4091012304657695,1.1529886637636744
910,39,a,298.15,2,0.0,0.0,0.5013000000000001,0.3962,0.0,0.0,0.1025,0.0,0.0,0.0,0.33659999999999995,0.5689,0.0,0.0,0.09449999999999999,0.0,0.0,0.0,0.6206,0.2699,0.0,0.0,0.10949999999999999,0.0,0.6158777937172832,0.4091012304657695,1.1529886637636744
911,39,a,298.15,2,0.0,0.0,0.46880000000000005,0.5001,0.0,0.0,0.0,0.0311,0.0,0.0,0.051699999999999996,0.9444,0.0,0.0,0.0,0.0039000000000000003,0.0,0.0,0.9131,0.0182,0.0,0.0,0.0,0.0687,0.6158777937172832,0.4091012304657695,1.1529886637636744
920,39,a,298.15,2,0.0,0.0,0.4386,0.5001,0.0,0.0,0.0,0.0613,0.0,0.0,0.0516,0.945,0.0,0.0,0.0,0.0034000000000000002,0.0,0.0,0.8769,0.0059,0.0,0.0,0.0,0.11720000000000001,0.6158777937172832,0.4091012304657695,1.1529886637636744
929,39,b,298.15,2,0.0,0.0,0.4999,0.48829999999999996,0.0,0.0,0.0118,0.0,0.0,0.0,0.1491,0.8402,0.0,0.0,0.010700000000000001,0.0,0.0,0.0,0.9166,0.0707,0.0,0.0,0.0127,0.0,0.43978255167782554,0.2136629645457575,1.0415518468581675
930,39,b,298.15,2,0.0,0.0,0.5001,0.47740000000000005,0.0,0.0,0.0225,0.0,0.0,0.0,0.16449999999999998,0.8158,0.0,0.0,0.0197,0.0,0.0,0.0,0.9025,0.0727,0.0,0.0,0.0248,0.0,0.43978255167782554,0.2136629645457575,1.0415518468581675
931,39,b,298.15,2,0.0,0.0,0.4999,0.4673,0.0,0.0,0.032799999999999996,0.0,0.0,0.0,0.1732,0.7981999999999999,0.0,0.0,0.0286,0.0,0.0,0.0,0.8783,0.0849,0.0,0.0,0.0368,0.0,0.43978255167782554,0.2136629645457575,1.0415518468581675
932,39,b,298.15,2,0.0,0.0,0.5017,0.465,0.0,0.0,0.0333,0.0,0.0,0.0,0.2102,0.7442,0.0,0.0,0.045599999999999995,0.0,0.0,0.0,0.8239,0.1175,0.0,0.0,0.058600000000000006,0.0,0.43978255167782554,0.2136629645457575,1.0415518468581675
933,39,b,298.15,2,0.0,0.0,0.4993,0.44880000000000003,0.0,0.0,0.0519,0.0,0.0,0.0,0.3387,0.5637,0.0,0.0,0.09759999999999999,0.0,0.0,0.0,0.6215999999999999,0.2722,0.0,0.0,0.10619999999999999,0.0,0.43978255167782554,0.2136629645457575,1.0415518468581675
934,39,b,298.15,2,0.0,0.0,0.46909999999999996,0.49979999999999997,0.0,0.0,0.0,0.0311,0.0,0.0,0.051699999999999996,0.9444,0.0,0.0,0.0,0.0039000000000000003,0.0,0.0,0.9131,0.0182,0.0,0.0,0.0,0.0687,0.43978255167782554,0.2136629645457575,1.0415518468581675
943,39,b,298.15,2,0.0,0.0,0.4386,0.5001,0.0,0.0,0.0,0.0613,0.0,0.0,0.0316,0.965,0.0,0.0,0.0,0.0034000000000000002,0.0,0.0,0.8769,0.0059,0.0,0.0,0.0,0.11720000000000001,0.43978255167782554,0.2136629645457575,1.0415518468581675
952,40,a,303.15,1,0.0,0.0,0.5271,0.4412,0.0,0.0,0.0317,0.0,0.0,0.0,0.059800000000000006,0.9023,0.0,0.0,0.0379,0.0,0.0,0.0,0.9584999999999999,0.0092,0.0,0.0,0.0323,0.0,0.13211454982474546,-0.25454021671334315,0.4664188769218932
953,40,a,303.15,1,0.0,0.0,0.5196000000000001,0.4215,0.0,0.0,0.0588,0.0,0.0,0.0,0.0623,0.8722,0.0,0.0,0.0655,0.0,0.0,0.0,0.9217,0.0118,0.0,0.0,0.0665,0.0,0.13211454982474546,-0.25454021671334315,0.4664188769218932
954,40,a,303.15,1,0.0,0.0,0.4833,0.4238,0.0,0.0,0.0928,0.0,0.0,0.0,0.0691,0.8321999999999999,0.0,0.0,0.0987,0.0,0.0,0.0,0.8859,0.0139,0.0,0.0,0.1002,0.0,0.13211454982474546,-0.25454021671334315,0.4664188769218932
955,40,a,303.15,1,0.0,0.0,0.4729,0.3967,0.0,0.0,0.1304,0.0,0.0,0.0,0.0704,0.8089,0.0,0.0,0.1206,0.0,0.0,0.0,0.8525,0.020099999999999996,0.0,0.0,0.1274,0.0,0.13211454982474546,-0.25454021671334315,0.4664188769218932
957,40,a,313.15,1,0.0,0.0,0.5271399999999999,0.44121000000000005,0.0,0.0,0.03165,0.0,0.0,0.0,0.08724,0.88223,0.0,0.0,0.030529999999999998,0.0,0.0,0.0,0.95416,0.01203,0.0,0.0,0.03381,0.0,0.13211454982474546,-0.25454021671334315,0.4664188769218932
958,40,a,313.15,1,0.0,0.0,0.51949,0.42151000000000005,0.0,0.0,0.059000000000000004,0.0,0.0,0.0,0.6984699999999999,0.24062,0.0,0.0,0.06091,0.0,0.0,0.0,0.9177,0.014990000000000002,0.0,0.0,0.06731,0.0,0.13211454982474546,-0.25454021671334315,0.4664188769218932
959,40,a,313.15,1,0.0,0.0,0.47912999999999994,0.42774,0.0,0.0,0.09313,0.0,0.0,0.0,0.08691,0.81754,0.0,0.0,0.09555,0.0,0.0,0.0,0.88081,0.01704,0.0,0.0,0.10215,0.0,0.13211454982474546,-0.25454021671334315,0.4664188769218932
960,40,a,313.15,1,0.0,0.0,0.47286,0.39671,0.0,0.0,0.13043,0.0,0.0,0.0,0.10553000000000001,0.76459,0.0,0.0,0.12988,0.0,0.0,0.0,0.84346,0.02119,0.0,0.0,0.13535,0.0,0.13211454982474546,-0.25454021671334315,0.4664188769218932
962,40,a,303.15,2,0.0,0.0,0.5273599999999999,0.44114,0.0,0.0,0.0315,0.0,0.0,0.0,0.15161,0.81599,0.0,0.0,0.032400000000000005,0.0,0.0,0.0,0.93105,0.03395,0.0,0.0,0.035,0.0,0.13211454982474546,-0.25454021671334315,0.4664188769218932
963,40,a,303.15,2,0.0,0.0,0.5196999999999999,0.4215,0.0,0.0,0.0588,0.0,0.0,0.0,0.17489000000000002,0.7670699999999999,0.0,0.0,0.05804,0.0,0.0,0.0,0.90235,0.03265,0.0,0.0,0.065,0.0,0.13211454982474546,-0.25454021671334315,0.4664188769218932
964,40,a,303.15,2,0.0,0.0,0.47938000000000003,0.42774,0.0,0.0,0.09288,0.0,0.0,0.0,0.20125,0.71358,0.0,0.0,0.08517,0.0,0.0,0.0,0.85619,0.048949999999999994,0.0,0.0,0.09486,0.0,0.13211454982474546,-0.25454021671334315,0.4664188769218932
965,40,a,303.15,2,0.0,0.0,0.47284,0.39642000000000005,0.0,0.0,0.13074,0.0,0.0,0.0,0.24213,0.62722,0.0,0.0,0.13065,0.0,0.0,0.0,0.80022,0.051269999999999996,0.0,0.0,0.14851,0.0,0.13211454982474546,-0.25454021671334315,0.4664188769218932
967,40,a,313.15,2,0.0,0.0,0.5270199999999999,0.44121000000000005,0.0,0.0,0.03177,0.0,0.0,0.0,0.16373000000000001,0.8021299999999999,0.0,0.0,0.034140000000000004,0.0,0.0,0.0,0.89602,0.0626,0.0,0.0,0.04138,0.0,0.13211454982474546,-0.25454021671334315,0.4664188769218932
968,40,a,313.15,2,0.0,0.0,0.51972,0.4215,0.0,0.0,0.05878,0.0,0.0,0.0,0.1725,0.77154,0.0,0.0,0.05596,0.0,0.0,0.0,0.84747,0.08363,0.0,0.0,0.0689,0.0,0.13211454982474546,-0.25454021671334315,0.4664188769218932
969,40,a,313.15,2,0.0,0.0,0.48040999999999995,0.42668999999999996,0.0,0.0,0.0929,0.0,0.0,0.0,0.18321,0.73124,0.0,0.0,0.08555,0.0,0.0,0.0,0.78952,0.10224,0.0,0.0,0.10824,0.0,0.13211454982474546,-0.25454021671334315,0.4664188769218932
970,40,a,313.15,2,0.0,0.0,0.47299,0.39671,0.0,0.0,0.1303,0.0,0.0,0.0,0.18663,0.70109,0.0,0.0,0.11227999999999999,0.0,0.0,0.0,0.72088,0.13223000000000001,0.0,0.0,0.14689,0.0,0.13211454982474546,-0.25454021671334315,0.4664188769218932
971,41,a,303.15,2,0.0,0.0,0.4943,0.4796,0.0,0.0,0.0,0.026099999999999998,0.0,0.0,0.0818,0.9140999999999999,0.0,0.0,0.0,0.0040999999999999995,0.0,0.0,0.9229,0.0202,0.0,0.0,0.0,0.056900000000000006,0.9879309816463635,-3.5042955651049374,-0.4536601962573965
977,41,a,303.15,2,0.0,0.0,0.4498,0.5003,0.0,0.0,0.0,0.0499,0.0,0.0,0.0629,0.9339,0.0,0.0,0.0,0.0032,0.0,0.0,0.8755,0.0175,0.0,0.0,0.0,0.107,0.9879309816463635,-3.5042955651049374,-0.4536601962573965
983,41,a,303.15,2,0.0,0.0,0.42710000000000004,0.4976,0.0,0.0,0.0,0.0753,0.0,0.0,0.052300000000000006,0.9434,0.0,0.0,0.0,0.0043,0.0,0.0,0.8159000000000001,0.0038,0.0,0.0,0.0,0.18030000000000002,0.9879309816463635,-3.5042955651049374,-0.4536601962573965
989,41,aa,303.15,2,0.0,0.0,0.40590000000000004,0.505,0.0,0.0,0.0,0.0891,0.0,0.0,0.0397,0.9543,0.0,0.0,0.0,0.006,0.0,0.0,0.797,0.0036,0.0,0.0,0.0,0.19940000000000002,,,
996,42,ab,298.15,2,0.0,0.0,0.504,0.489,0.0,0.0,0.006999999999999999,0.0,0.0,0.0,0.1373,0.8564,0.0,0.0,0.0063,0.0,0.0,0.0,0.9405,0.0519,0.0,0.0,0.0076,0.0,0.31950890539408694,-0.27929127919149876,0.7108396428011476
997,42,ab,298.15,2,0.0,0.0,0.502,0.48619999999999997,0.0,0.0,0.0118,0.0,0.0,0.0,0.14029999999999998,0.8495,0.0,0.0,0.0102,0.0,0.0,0.0,0.9336,0.0527,0.0,0.0,0.0137,0.0,0.31950890539408694,-0.27929127919149876,0.7108396428011476
998,42,ab,298.15,2,0.0,0.0,0.4996,0.4793,0.0,0.0,0.021099999999999997,0.0,0.0,0.0,0.1497,0.8323,0.0,0.0,0.018000000000000002,0.0,0.0,0.0,0.9177,0.057800000000000004,0.0,0.0,0.0245,0.0,0.31950890539408694,-0.27929127919149876,0.7108396428011476
999,42,ab,298.15,2,0.0,0.0,0.5032,0.4646,0.0,0.0,0.0322,0.0,0.0,0.0,0.1638,0.807,0.0,0.0,0.0292,0.0,0.0,0.0,0.8955,0.069,0.0,0.0,0.0355,0.0,0.31950890539408694,-0.27929127919149876,0.7108396428011476
1000,42,ab,298.15,2,0.0,0.0,0.5007,0.44770000000000004,0.0,0.0,0.0516,0.0,0.0,0.0,0.19269999999999998,0.7606,0.0,0.0,0.0467,0.0,0.0,0.0,0.8273999999999999,0.1161,0.0,0.0,0.0565,0.0,0.31950890539408694,-0.27929127919149876,0.7108396428011476
1001,42,ab,298.15,2,0.0,0.0,0.5012,0.39630000000000004,0.0,0.0,0.1025,0.0,0.0,0.0,0.3188,0.5832,0.0,0.0,0.098,0.0,0.0,0.0,0.6586,0.23440000000000003,0.0,0.0,0.107,0.0,0.31950890539408694,-0.27929127919149876,0.7108396428011476
1002,42,ab,298.15,2,0.0,0.0,0.46880000000000005,0.5001,0.0,0.0,0.0,0.0311,0.0,0.0,0.0441,0.951,0.0,0.0,0.0,0.0049,0.0,0.0,0.9198000000000001,0.0103,0.0,0.0,0.0,0.0699,0.31950890539408694,-0.27929127919149876,0.7108396428011476
1011,42,ab,298.15,2,0.0,0.0,0.4395,0.4991,0.0,0.0,0.0,0.061399999999999996,0.0,0.0,0.0462,0.9490000000000001,0.0,0.0,0.0,0.0048,0.0,0.0,0.8613,0.0024,0.0,0.0,0.0,0.1363,0.31950890539408694,-0.27929127919149876,0.7108396428011476
1020,42,b,298.15,2,0.0,0.0,0.4999,0.49340000000000006,0.0,0.0,0.0067,0.0,0.0,0.0,0.1371,0.8572,0.0,0.0,0.005699999999999999,0.0,0.0,0.0,0.9349,0.057800000000000004,0.0,0.0,0.0073,0.0,0.4681385557930811,-0.10953560785446093,0.7709346629769922
1021,42,b,298.15,2,0.0,0.0,0.5013000000000001,0.48700000000000004,0.0,0.0,0.011699999999999999,0.0,0.0,0.0,0.1417,0.848,0.0,0.0,0.0103,0.0,0.0,0.0,0.9296,0.056799999999999996,0.0,0.0,0.013600000000000001,0.0,0.4681385557930811,-0.10953560785446093,0.7709346629769922
1022,42,b,298.15,2,0.0,0.0,0.5015999999999999,0.47729999999999995,0.0,0.0,0.021099999999999997,0.0,0.0,0.0,0.1487,0.8326,0.0,0.0,0.0187,0.0,0.0,0.0,0.9142,0.060899999999999996,0.0,0.0,0.024900000000000002,0.0,0.4681385557930811,-0.10953560785446093,0.7709346629769922
1023,42,b,298.15,2,0.0,0.0,0.5017,0.465,0.0,0.0,0.0333,0.0,0.0,0.0,0.1721,0.7994,0.0,0.0,0.0285,0.0,0.0,0.0,0.8759999999999999,0.08449999999999999,0.0,0.0,0.0395,0.0,0.4681385557930811,-0.10953560785446093,0.7709346629769922
1024,42,b,298.15,2,0.0,0.0,0.4993,0.44880000000000003,0.0,0.0,0.0519,0.0,0.0,0.0,0.20980000000000001,0.7442,0.0,0.0,0.046,0.0,0.0,0.0,0.8238,0.1175,0.0,0.0,0.0587,0.0,0.4681385557930811,-0.10953560785446093,0.7709346629769922
1025,42,b,298.15,2,0.0,0.0,0.4965,0.4014,0.0,0.0,0.10210000000000001,0.0,0.0,0.0,0.3389,0.5672,0.0,0.0,0.09390000000000001,0.0,0.0,0.0,0.6218,0.26899999999999996,0.0,0.0,0.1092,0.0,0.4681385557930811,-0.10953560785446093,0.7709346629769922
1026,42,b,298.15,2,0.0,0.0,0.46909999999999996,0.49979999999999997,0.0,0.0,0.0,0.0311,0.0,0.0,0.0705,0.9228000000000001,0.0,0.0,0.0,0.0067,0.0,0.0,0.9193000000000001,0.0149,0.0,0.0,0.0,0.0658,0.4681385557930811,-0.10953560785446093,0.7709346629769922
1034,42,b,298.15,2,0.0,0.0,0.4385,0.5001,0.0,0.0,0.0,0.061399999999999996,0.0,0.0,0.0481,0.9467,0.0,0.0,0.0,0.0052,0.0,0.0,0.8743000000000001,0.006999999999999999,0.0,0.0,0.0,0.11869999999999999,0.4681385557930811,-0.10953560785446093,0.7709346629769922
1043,43,a,303.15,1,0.0,0.0,0.5271,0.4412,0.0,0.0,0.0317,0.0,0.0,0.0,0.0711,0.893,0.0,0.0,0.0359,0.0,0.0,0.0,0.9568000000000001,0.0083,0.0,0.0,0.0349,0.0,0.9469401313955004,0.006226466983562773,0.6893191698978931
1044,43,a,303.15,1,0.0,0.0,0.5194,0.4217,0.0,0.0,0.058899999999999994,0.0,0.0,0.0,0.0789,0.8551000000000001,0.0,0.0,0.066,0.0,0.0,0.0,0.9259000000000001,0.0121,0.0,0.0,0.062,0.0,0.9469401313955004,0.006226466983562773,0.6893191698978931
1045,43,a,303.15,1,0.0,0.0,0.4797,0.4275,0.0,0.0,0.0928,0.0,0.0,0.0,0.11019999999999999,0.792,0.0,0.0,0.0978,0.0,0.0,0.0,0.8834000000000001,0.0204,0.0,0.0,0.0962,0.0,0.9469401313955004,0.006226466983562773,0.6893191698978931
1046,43,a,303.15,1,0.0,0.0,0.4731,0.39659999999999995,0.0,0.0,0.1303,0.0,0.0,0.0,0.1396,0.7319,0.0,0.0,0.1285,0.0,0.0,0.0,0.8426,0.0258,0.0,0.0,0.1316,0.0,0.9469401313955004,0.006226466983562773,0.6893191698978931
1048,43,a,313.15,1,0.0,0.0,0.5268,0.4414,0.0,0.0,0.0318,0.0,0.0,0.0,0.0768,0.8872,0.0,0.0,0.036000000000000004,0.0,0.0,0.0,0.9487000000000001,0.0167,0.0,0.0,0.0346,0.0,0.9469401313955004,0.006226466983562773,0.6893191698978931
1049,43,a,313.15,1,0.0,0.0,0.5196999999999999,0.4215,0.0,0.0,0.0588,0.0,0.0,0.0,0.0842,0.853,0.0,0.0,0.06280000000000001,0.0,0.0,0.0,0.9135,0.0235,0.0,0.0,0.063,0.0,0.9469401313955004,0.006226466983562773,0.6893191698978931
1050,43,a,313.15,1,0.0,0.0,0.479,0.4277,0.0,0.0,0.0933,0.0,0.0,0.0,0.1158,0.7938,0.0,0.0,0.0904,0.0,0.0,0.0,0.8798,0.027999999999999997,0.0,0.0,0.0922,0.0,0.9469401313955004,0.006226466983562773,0.6893191698978931
1051,43,a,313.15,1,0.0,0.0,0.4731,0.39659999999999995,0.0,0.0,0.1303,0.0,0.0,0.0,0.1438,0.7351000000000001,0.0,0.0,0.1211,0.0,0.0,0.0,0.8316,0.0304,0.0,0.0,0.138,0.0,0.9469401313955004,0.006226466983562773,0.6893191698978931
1053,43,a,303.15,2,0.0,0.0,0.5209,0.46630000000000005,0.0,0.0,0.0128,0.0,0.0,0.0,0.1636,0.8181999999999999,0.0,0.0,0.0182,0.0,0.0,0.0,0.9137000000000001,0.0669,0.0,0.0,0.0194,0.0,0.9469401313955004,0.006226466983562773,0.6893191698978931
1054,43,a,303.15,2,0.0,0.0,0.5008,0.4744,0.0,0.0,0.0248,0.0,0.0,0.0,0.1661,0.8070999999999999,0.0,0.0,0.0268,0.0,0.0,0.0,0.9081,0.059000000000000004,0.0,0.0,0.0329,0.0,0.9469401313955004,0.006226466983562773,0.6893191698978931
1055,43,a,303.15,2,0.0,0.0,0.5086999999999999,0.4583,0.0,0.0,0.033,0.0,0.0,0.0,0.1696,0.7981999999999999,0.0,0.0,0.0322,0.0,0.0,0.0,0.8843000000000001,0.0741,0.0,0.0,0.0416,0.0,0.9469401313955004,0.006226466983562773,0.6893191698978931
1056,43,a,303.15,2,0.0,0.0,0.4885,0.4183,0.0,0.0,0.0932,0.0,0.0,0.0,0.2039,0.7139,0.0,0.0,0.08220000000000001,0.0,0.0,0.0,0.7651,0.1295,0.0,0.0,0.1054,0.0,0.9469401313955004,0.006226466983562773,0.6893191698978931
1058,43,a,313.15,2,0.0,0.0,0.5212,0.46619999999999995,0.0,0.0,0.0126,0.0,0.0,0.0,0.1499,0.8359000000000001,0.0,0.0,0.014199999999999999,0.0,0.0,0.0,0.9161,0.06849999999999999,0.0,0.0,0.0154,0.0,0.9469401313955004,0.006226466983562773,0.6893191698978931
1059,43,a,313.15,2,0.0,0.0,0.5006,0.47450000000000003,0.0,0.0,0.024900000000000002,0.0,0.0,0.0,0.15289999999999998,0.8240999999999999,0.0,0.0,0.023,0.0,0.0,0.0,0.8912,0.0795,0.0,0.0,0.029300000000000003,0.0,0.9469401313955004,0.006226466983562773,0.6893191698978931
1060,43,a,313.15,2,0.0,0.0,0.5085000000000001,0.4585,0.0,0.0,0.033,0.0,0.0,0.0,0.1548,0.8142,0.0,0.0,0.031,0.0,0.0,0.0,0.8782,0.0823,0.0,0.0,0.0395,0.0,0.9469401313955004,0.006226466983562773,0.6893191698978931
1061,43,a,313.15,2,0.0,0.0,0.48950000000000005,0.41840000000000005,0.0,0.0,0.09210000000000002,0.0,0.0,0.0,0.2466,0.6631,0.0,0.0,0.09029999999999999,0.0,0.0,0.0,0.723,0.1752,0.0,0.0,0.1018,0.0,0.9469401313955004,0.006226466983562773,0.6893191698978931
1062,44,a,283.15,2,0.0,0.0,0.5,0.4501,0.0,0.0,0.0499,0.0,0.0,0.0,0.1573,0.8015000000000001,0.0,0.0,0.0412,0.0,0.0,0.0,0.8691,0.0718,0.0,0.0,0.0591,0.0,0.9775349949662979,-0.20274443267831987,0.6149808337296667
1063,44,a,283.15,2,0.0,0.0,0.4999,0.46020000000000005,0.0,0.0,0.039900000000000005,0.0,0.0,0.0,0.1535,0.8197,0.0,0.0,0.032799999999999996,0.0,0.0,0.0,0.889,0.0636,0.0,0.0,0.047400000000000005,0.0,0.9775349949662979,-0.20274443267831987,0.6149808337296667
1064,44,a,283.15,2,0.0,0.0,0.5,0.47,0.0,0.0,0.03,0.0,0.0,0.0,0.1393,0.8363,0.0,0.0,0.024399999999999998,0.0,0.0,0.0,0.9061,0.057999999999999996,0.0,0.0,0.0359,0.0,0.9775349949662979,-0.20274443267831987,0.6149808337296667
1065,44,a,283.15,2,0.0,0.0,0.5001,0.4799,0.0,0.0,0.02,0.0,0.0,0.0,0.1303,0.8532,0.0,0.0,0.0165,0.0,0.0,0.0,0.9231,0.0527,0.0,0.0,0.0242,0.0,0.9775349949662979,-0.20274443267831987,0.6149808337296667
1066,44,a,283.15,2,0.0,0.0,0.4999,0.4903,0.0,0.0,0.0098,0.0,0.0,0.0,0.1208,0.871,0.0,0.0,0.008199999999999999,0.0,0.0,0.0,0.9401999999999999,0.04769999999999999,0.0,0.0,0.0121,0.0,0.9775349949662979,-0.20274443267831987,0.6149808337296667
1067,44,aa,283.15,2,0.0,0.0,0.8698,0.1297,0.0,0.0,0.0005,0.0,0.0,0.0,0.10980000000000001,0.8896999999999999,0.0,0.0,0.0005,0.0,0.0,0.0,0.9594,0.0401,0.0,0.0,0.0005,0.0,1.0,0.8318675792263615,0.9231655439877666
1078,44,a,290.15,2,0.0,0.0,0.5,0.4499,0.0,0.0,0.0501,0.0,0.0,0.0,0.1772,0.7806000000000001,0.0,0.0,0.042199999999999994,0.0,0.0,0.0,0.8531,0.0883,0.0,0.0,0.058600000000000006,0.0,0.9775349949662979,-0.20274443267831987,0.6149808337296667
1079,44,a,290.15,2,0.0,0.0,0.5003,0.4596,0.0,0.0,0.0401,0.0,0.0,0.0,0.1679,0.7984,0.0,0.0,0.0337,0.0,0.0,0.0,0.8759999999999999,0.07719999999999999,0.0,0.0,0.046799999999999994,0.0,0.9775349949662979,-0.20274443267831987,0.6149808337296667
1080,44,a,290.15,2,0.0,0.0,0.4999,0.47,0.0,0.0,0.0301,0.0,0.0,0.0,0.15869999999999998,0.816,0.0,0.0,0.0253,0.0,0.0,0.0,0.8936,0.0706,0.0,0.0,0.0358,0.0,0.9775349949662979,-0.20274443267831987,0.6149808337296667
1081,44,a,290.15,2,0.0,0.0,0.4997,0.48,0.0,0.0,0.0203,0.0,0.0,0.0,0.1494,0.8338,0.0,0.0,0.0168,0.0,0.0,0.0,0.9122,0.0635,0.0,0.0,0.024300000000000002,0.0,0.9775349949662979,-0.20274443267831987,0.6149808337296667
1082,44,a,290.15,2,0.0,0.0,0.4997,0.4901,0.0,0.0,0.0102,0.0,0.0,0.0,0.13849999999999998,0.853,0.0,0.0,0.0085,0.0,0.0,0.0,0.9306,0.057,0.0,0.0,0.0124,0.0,0.9775349949662979,-0.20274443267831987,0.6149808337296667
1083,44,aa,290.15,2,0.0,0.0,0.8695999999999999,0.12990000000000002,0.0,0.0,0.0005,0.0,0.0,0.0,0.1258,0.8737,0.0,0.0,0.0005,0.0,0.0,0.0,0.9523999999999999,0.0471,0.0,0.0,0.0005,0.0,1.0,0.8318675792263615,0.9231655439877666
1112,45,a,303.15,2,0.0,0.0,0.4943,0.4796,0.0,0.0,0.0,0.026099999999999998,0.0,0.0,0.0818,0.9140999999999999,0.0,0.0,0.0,0.0040999999999999995,0.0,0.0,0.9229,0.0202,0.0,0.0,0.0,0.056900000000000006,0.9469769883785629,-3.709861817255038,-0.5451952875462603
1118,45,a,303.15,2,0.0,0.0,0.4498,0.5003,0.0,0.0,0.0,0.0499,0.0,0.0,0.0629,0.9339,0.0,0.0,0.0,0.0032,0.0,0.0,0.8755,0.0175,0.0,0.0,0.0,0.107,0.9469769883785629,-3.709861817255038,-0.5451952875462603
1124,45,a,303.15,2,0.0,0.0,0.42710000000000004,0.4976,0.0,0.0,0.0,0.0753,0.0,0.0,0.052300000000000006,0.9434,0.0,0.0,0.0,0.0043,0.0,0.0,0.8159000000000001,0.0038,0.0,0.0,0.0,0.18030000000000002,0.9469769883785629,-3.709861817255038,-0.5451952875462603
1130,45,a,303.15,2,0.0,0.0,0.40590000000000004,0.505,0.0,0.0,0.0,0.0891,0.0,0.0,0.0397,0.9543,0.0,0.0,0.0,0.006,0.0,0.0,0.797,0.0036,0.0,0.0,0.0,0.19940000000000002,0.9469769883785629,-3.709861817255038,-0.5451952875462603
1137,46,a,303.2,1,0.0,0.0,0.5001,0.4944,0.0,0.0,0.0055,0.0,0.0,0.0,0.3352,0.66,0.0,0.0,0.0048,0.0,0.0,0.0,0.7099,0.2841,0.0,0.0,0.006,0.0,0.5150570051522981,0.048924287784791964,1.2932558646889962
1138,46,a,303.2,1,0.0,0.0,0.5,0.4895,0.0,0.0,0.0105,0.0,0.0,0.0,0.3945,0.5955,0.0,0.0,0.01,0.0,0.0,0.0,0.6426,0.3459,0.0,0.0,0.0115,0.0,0.5150570051522981,0.048924287784791964,1.2932558646889962
1139,46,a,303.2,1,0.0,0.0,0.5,0.4875,0.0,0.0,0.0125,0.0,0.0,0.0,0.4022,0.5864,0.0,0.0,0.0114,0.0,0.0,0.0,0.6268,0.3599,0.0,0.0,0.0133,0.0,0.5150570051522981,0.048924287784791964,1.2932558646889962
1140,46,a,303.2,1,0.0,0.0,0.5001,0.4845,0.0,0.0,0.0154,0.0,0.0,0.0,0.4364,0.549,0.0,0.0,0.0146,0.0,0.0,0.0,0.5948,0.389,0.0,0.0,0.0162,0.0,0.5150570051522981,0.048924287784791964,1.2932558646889962
1141,46,a,303.2,1,0.0,0.0,0.5001,0.4944,0.0,0.0,0.0055,0.0,0.0,0.0,0.3352,0.66,0.0,0.0,0.0048,0.0,0.0,0.0,0.7099,0.2841,0.0,0.0,0.006,0.0,0.5150570051522981,0.048924287784791964,1.2932558646889962
1142,46,a,303.2,1,0.0,0.0,0.5,0.4895,0.0,0.0,0.0105,0.0,0.0,0.0,0.3945,0.5955,0.0,0.0,0.01,0.0,0.0,0.0,0.6426,0.3459,0.0,0.0,0.0115,0.0,0.5150570051522981,0.048924287784791964,1.2932558646889962
1143,46,a,303.2,1,0.0,0.0,0.5,0.4875,0.0,0.0,0.0125,0.0,0.0,0.0,0.4022,0.5864,0.0,0.0,0.0114,0.0,0.0,0.0,0.6268,0.3599,0.0,0.0,0.0133,0.0,0.5150570051522981,0.048924287784791964,1.2932558646889962
1144,46,a,303.2,1,0.0,0.0,0.4721,0.5,0.0,0.0,0.0,0.0279,0.0,0.0,0.0994,0.893,0.0,0.0,0.0,0.0076,0.0,0.0,0.8855,0.0468,0.0,0.0,0.0,0.0677,0.5150570051522981,0.048924287784791964,1.2932558646889962
1151,46,a,303.2,1,0.0,0.0,0.4477,0.5,0.0,0.0,0.0,0.0523,0.0,0.0,0.0621,0.93,0.0,0.0,0.0,0.0079,0.0,0.0,0.9067,0.0173,0.0,0.0,0.0,0.076,0.5150570051522981,0.048924287784791964,1.2932558646889962
1158,46,a,303.2,1,0.0,0.0,0.3986,0.4999,0.0,0.0,0.0,0.1015,0.0,0.0,0.0496,0.9425,0.0,0.0,0.0,0.0079,0.0,0.0,0.7949,0.0048,0.0,0.0,0.0,0.2003,0.5150570051522981,0.048924287784791964,1.2932558646889962
1165,46,a,303.2,1,0.0,0.0,0.3513,0.5001,0.0,0.0,0.0,0.1486,0.0,0.0,0.039,0.9562,0.0,0.0,0.0,0.0048,0.0,0.0,0.7029,0.0014,0.0,0.0,0.0,0.2957,0.5150570051522981,0.048924287784791964,1.2932558646889962
1217,47,a,293.15,1,0.0,0.0,0.475,0.4999,0.0,0.0,0.0,0.025099999999999997,0.0,0.0,0.030600000000000002,0.9676,0.0,0.0,0.0,0.0018,0.0,0.0,0.9466,0.0019,0.0,0.0,0.0,0.051500000000000004,0.9092188115341898,4.5993957220315895,2.67352199333645
1218,47,a,298.15,1,0.0,0.0,0.47509999999999997,0.4999,0.0,0.0,0.0,0.025,0.0,0.0,0.0332,0.9649,0.0,0.0,0.0,0.0019,0.0,0.0,0.9462,0.0023,0.0,0.0,0.0,0.051500000000000004,0.9092188115341898,4.5993957220315895,2.67352199333645
1219,47,a,303.15,1,0.0,0.0,0.475,0.5001,0.0,0.0,0.0,0.024900000000000002,0.0,0.0,0.0359,0.9620000000000001,0.0,0.0,0.0,0.0021,0.0,0.0,0.9495999999999999,0.0028000000000000004,0.0,0.0,0.0,0.047599999999999996,0.9092188115341898,4.5993957220315895,2.67352199333645
1220,47,a,308.15,1,0.0,0.0,0.47490000000000004,0.5001,0.0,0.0,0.0,0.025,0.0,0.0,0.0385,0.9591,0.0,0.0,0.0,0.0024,0.0,0.0,0.9477,0.0033,0.0,0.0,0.0,0.049,0.9092188115341898,4.5993957220315895,2.67352199333645
1221,47,a,313.15,1,0.0,0.0,0.47490000000000004,0.5,0.0,0.0,0.0,0.025099999999999997,0.0,0.0,0.0415,0.9559000000000001,0.0,0.0,0.0,0.0026,0.0,0.0,0.9458,0.0038,0.0,0.0,0.0,0.0504,0.9092188115341898,4.5993957220315895,2.67352199333645
1222,47,a,318.15,1,0.0,0.0,0.4752,0.4999,0.0,0.0,0.0,0.024900000000000002,0.0,0.0,0.0452,0.9521,0.0,0.0,0.0,0.0027,0.0,0.0,0.9440999999999999,0.0046,0.0,0.0,0.0,0.0513,0.9092188115341898,4.5993957220315895,2.67352199333645
1223,47,a,323.15,1,0.0,0.0,0.47509999999999997,0.5,0.0,0.0,0.0,0.024900000000000002,0.0,0.0,0.0483,0.9489,0.0,0.0,0.0,0.0028000000000000004,0.0,0.0,0.9422,0.0052,0.0,0.0,0.0,0.0526,0.9092188115341898,4.5993957220315895,2.67352199333645
1224,47,a,328.15,1,0.0,0.0,0.47490000000000004,0.5001,0.0,0.0,0.0,0.025,0.0,0.0,0.0516,0.9455,0.0,0.0,0.0,0.0029,0.0,0.0,0.9454,0.0059,0.0,0.0,0.0,0.0487,0.9092188115341898,4.5993957220315895,2.67352199333645
1225,47,a,333.15,1,0.0,0.0,0.47509999999999997,0.4999,0.0,0.0,0.0,0.025,0.0,0.0,0.055099999999999996,0.9415,0.0,0.0,0.0,0.0034000000000000002,0.0,0.0,0.9445,0.0068000000000000005,0.0,0.0,0.0,0.0487,0.9092188115341898,4.5993957220315895,2.67352199333645
1226,47,b,293.15,1,0.0,0.0,0.4752,0.4999,0.0,0.0,0.0,0.024900000000000002,0.0,0.0,0.0347,0.9632999999999999,0.0,0.0,0.0,0.002,0.0,0.0,0.9466,0.0019,0.0,0.0,0.0,0.051500000000000004,0.8589448341884462,3.1428287709636735,2.1549705063261455
1227,47,b,298.15,1,0.0,0.0,0.47490000000000004,0.5,0.0,0.0,0.0,0.025099999999999997,0.0,0.0,0.0373,0.9606,0.0,0.0,0.0,0.0021,0.0,0.0,0.9444,0.0028000000000000004,0.0,0.0,0.0,0.0528,0.8589448341884462,3.1428287709636735,2.1549705063261455
1228,47,b,303.15,1,0.0,0.0,0.47509999999999997,0.5,0.0,0.0,0.0,0.024900000000000002,0.0,0.0,0.0401,0.9577,0.0,0.0,0.0,0.0022,0.0,0.0,0.9473999999999999,0.0037,0.0,0.0,0.0,0.0489,0.8589448341884462,3.1428287709636735,2.1549705063261455
1229,47,b,308.15,1,0.0,0.0,0.475,0.5,0.0,0.0,0.0,0.025,0.0,0.0,0.042699999999999995,0.9547,0.0,0.0,0.0,0.0026,0.0,0.0,0.9467,0.0044,0.0,0.0,0.0,0.0489,0.8589448341884462,3.1428287709636735,2.1549705063261455
1230,47,b,313.15,1,0.0,0.0,0.47490000000000004,0.5001,0.0,0.0,0.0,0.025,0.0,0.0,0.045700000000000005,0.9515,0.0,0.0,0.0,0.0028000000000000004,0.0,0.0,0.9437000000000001,0.0051,0.0,0.0,0.0,0.0512,0.8589448341884462,3.1428287709636735,2.1549705063261455
1231,47,b,318.15,1,0.0,0.0,0.475,0.5001,0.0,0.0,0.0,0.024900000000000002,0.0,0.0,0.0489,0.9483,0.0,0.0,0.0,0.0028000000000000004,0.0,0.0,0.9429000000000001,0.0059,0.0,0.0,0.0,0.0512,0.8589448341884462,3.1428287709636735,2.1549705063261455
1232,47,b,323.15,1,0.0,0.0,0.47490000000000004,0.5,0.0,0.0,0.0,0.025099999999999997,0.0,0.0,0.0525,0.9444,0.0,0.0,0.0,0.0031,0.0,0.0,0.9460999999999999,0.0066,0.0,0.0,0.0,0.0473,0.8589448341884462,3.1428287709636735,2.1549705063261455
1233,47,b,328.15,1,0.0,0.0,0.475,0.5,0.0,0.0,0.0,0.025,0.0,0.0,0.056100000000000004,0.9403,0.0,0.0,0.0,0.0036,0.0,0.0,0.9440000000000001,0.0074,0.0,0.0,0.0,0.048600000000000004,0.8589448341884462,3.1428287709636735,2.1549705063261455
1234,47,b,333.15,1,0.0,0.0,0.475,0.4999,0.0,0.0,0.0,0.025099999999999997,0.0,0.0,0.0605,0.9358,0.0,0.0,0.0,0.0037,0.0,0.0,0.9418000000000001,0.008199999999999999,0.0,0.0,0.0,0.05,0.8589448341884462,3.1428287709636735,2.1549705063261455
1235,47,c,313.15,1,0.0,0.0,0.475,0.5,0.0,0.0,0.0,0.025,0.0,0.0,0.038599999999999995,0.9591,0.0,0.0,0.0,0.0023,0.0,0.0,0.9443,0.0029,0.0,0.0,0.0,0.0528,0.8614187120386111,3.1469049189391933,2.109590449021485
1236,47,c,318.15,1,0.0,0.0,0.4752,0.4999,0.0,0.0,0.0,0.024900000000000002,0.0,0.0,0.0425,0.9551000000000001,0.0,0.0,0.0,0.0024,0.0,0.0,0.9475,0.0036,0.0,0.0,0.0,0.0489,0.8614187120386111,3.1469049189391933,2.109590449021485
1237,47,c,323.15,1,0.0,0.0,0.47479999999999994,0.5002,0.0,0.0,0.0,0.025,0.0,0.0,0.0461,0.9511,0.0,0.0,0.0,0.0028000000000000004,0.0,0.0,0.9469,0.0042,0.0,0.0,0.0,0.0489,0.8614187120386111,3.1469049189391933,2.109590449021485
1238,47,c,328.15,1,0.0,0.0,0.475,0.4999,0.0,0.0,0.0,0.025099999999999997,0.0,0.0,0.049800000000000004,0.9472,0.0,0.0,0.0,0.003,0.0,0.0,0.9438,0.005,0.0,0.0,0.0,0.0512,0.8614187120386111,3.1469049189391933,2.109590449021485
1239,47,c,333.15,1,0.0,0.0,0.47509999999999997,0.4999,0.0,0.0,0.0,0.025,0.0,0.0,0.053,0.9438,0.0,0.0,0.0,0.0032,0.0,0.0,0.9431999999999999,0.0055000000000000005,0.0,0.0,0.0,0.0513,0.8614187120386111,3.1469049189391933,2.109590449021485
1240,47,a,293.15,2,0.0,0.0,0.475,0.4999,0.0,0.0,0.0,0.025099999999999997,0.0,0.0,0.0623,0.9338,0.0,0.0,0.0,0.0039000000000000003,0.0,0.0,0.9434,0.0098,0.0,0.0,0.0,0.046799999999999994,0.9092188115341898,4.5993957220315895,2.67352199333645
1241,47,a,298.15,2,0.0,0.0,0.475,0.5,0.0,0.0,0.0,0.025,0.0,0.0,0.068,0.9278,0.0,0.0,0.0,0.0042,0.0,0.0,0.9386,0.0132,0.0,0.0,0.0,0.0482,0.9092188115341898,4.5993957220315895,2.67352199333645
1242,47,a,303.15,2,0.0,0.0,0.475,0.4999,0.0,0.0,0.0,0.025099999999999997,0.0,0.0,0.075,0.9205,0.0,0.0,0.0,0.0045000000000000005,0.0,0.0,0.9331999999999999,0.0173,0.0,0.0,0.0,0.0495,0.9092188115341898,4.5993957220315895,2.67352199333645
1243,47,a,308.15,2,0.0,0.0,0.475,0.5,0.0,0.0,0.0,0.025,0.0,0.0,0.0812,0.914,0.0,0.0,0.0,0.0048,0.0,0.0,0.9301,0.0195,0.0,0.0,0.0,0.0504,0.9092188115341898,4.5993957220315895,2.67352199333645
1244,47,a,313.15,2,0.0,0.0,0.4752,0.4999,0.0,0.0,0.0,0.024900000000000002,0.0,0.0,0.0906,0.9042,0.0,0.0,0.0,0.0052,0.0,0.0,0.9264,0.0233,0.0,0.0,0.0,0.050300000000000004,0.9092188115341898,4.5993957220315895,2.67352199333645
1245,47,a,318.15,2,0.0,0.0,0.47479999999999994,0.5002,0.0,0.0,0.0,0.025,0.0,0.0,0.0993,0.8946,0.0,0.0,0.0,0.0060999999999999995,0.0,0.0,0.9243000000000001,0.026000000000000002,0.0,0.0,0.0,0.049699999999999994,0.9092188115341898,4.5993957220315895,2.67352199333645
1246,47,a,323.15,2,0.0,0.0,0.47490000000000004,0.5,0.0,0.0,0.0,0.025099999999999997,0.0,0.0,0.1103,0.8832,0.0,0.0,0.0,0.006500000000000001,0.0,0.0,0.9185,0.0304,0.0,0.0,0.0,0.051100000000000007,0.9092188115341898,4.5993957220315895,2.67352199333645
1247,47,a,328.15,2,0.0,0.0,0.47509999999999997,0.4999,0.0,0.0,0.0,0.025,0.0,0.0,0.1201,0.8728,0.0,0.0,0.0,0.0070999999999999995,0.0,0.0,0.9215000000000001,0.0317,0.0,0.0,0.0,0.046799999999999994,0.9092188115341898,4.5993957220315895,2.67352199333645
1248,47,a,333.15,2,0.0,0.0,0.4752,0.4999,0.0,0.0,0.0,0.024900000000000002,0.0,0.0,0.1317,0.8602,0.0,0.0,0.0,0.008100000000000001,0.0,0.0,0.9206,0.0329,0.0,0.0,0.0,0.04650000000000001,0.9092188115341898,4.5993957220315895,2.67352199333645
1249,47,b,293.15,2,0.0,0.0,0.47479999999999994,0.5001,0.0,0.0,0.0,0.025099999999999997,0.0,0.0,0.07339999999999999,0.9220999999999999,0.0,0.0,0.0,0.0045000000000000005,0.0,0.0,0.9318000000000001,0.0178,0.0,0.0,0.0,0.0504,0.8589448341884462,3.1428287709636735,2.1549705063261455
1250,47,b,298.15,2,0.0,0.0,0.475,0.5001,0.0,0.0,0.0,0.024900000000000002,0.0,0.0,0.07980000000000001,0.9155,0.0,0.0,0.0,0.004699999999999999,0.0,0.0,0.9261,0.0223,0.0,0.0,0.0,0.0516,0.8589448341884462,3.1428287709636735,2.1549705063261455
1251,47,b,303.15,2,0.0,0.0,0.47509999999999997,0.4999,0.0,0.0,0.0,0.025,0.0,0.0,0.08789999999999999,0.9070999999999999,0.0,0.0,0.0,0.005,0.0,0.0,0.9256,0.0269,0.0,0.0,0.0,0.0475,0.8589448341884462,3.1428287709636735,2.1549705063261455
1252,47,b,308.15,2,0.0,0.0,0.47509999999999997,0.4999,0.0,0.0,0.0,0.025,0.0,0.0,0.096,0.8981,0.0,0.0,0.0,0.0059,0.0,0.0,0.9220999999999999,0.030899999999999997,0.0,0.0,0.0,0.047,0.8589448341884462,3.1428287709636735,2.1549705063261455
1253,47,c,313.15,2,0.0,0.0,0.475,0.5001,0.0,0.0,0.0,0.024900000000000002,0.0,0.0,0.1058,0.8878,0.0,0.0,0.0,0.0064,0.0,0.0,0.9161,0.0347,0.0,0.0,0.0,0.0492,0.8614187120386111,3.1469049189391933,2.109590449021485
1254,47,c,318.15,2,0.0,0.0,0.47479999999999994,0.5001,0.0,0.0,0.0,0.025099999999999997,0.0,0.0,0.11630000000000001,0.8768,0.0,0.0,0.0,0.0069,0.0,0.0,0.9125,0.0383,0.0,0.0,0.0,0.0492,0.8614187120386111,3.1469049189391933,2.109590449021485
1255,47,c,323.15,2,0.0,0.0,0.475,0.5,0.0,0.0,0.0,0.025,0.0,0.0,0.1273,0.8652,0.0,0.0,0.0,0.0075,0.0,0.0,0.9129999999999999,0.042199999999999994,0.0,0.0,0.0,0.044800000000000006,0.8614187120386111,3.1469049189391933,2.109590449021485
1256,47,c,328.15,2,0.0,0.0,0.47509999999999997,0.4999,0.0,0.0,0.0,0.025,0.0,0.0,0.1381,0.8532,0.0,0.0,0.0,0.0087,0.0,0.0,0.9085,0.046,0.0,0.0,0.0,0.0455,0.8614187120386111,3.1469049189391933,2.109590449021485
1257,47,c,333.15,2,0.0,0.0,0.47509999999999997,0.5,0.0,0.0,0.0,0.024900000000000002,0.0,0.0,0.1517,0.8390000000000001,0.0,0.0,0.0,0.009300000000000001,0.0,0.0,0.9037000000000001,0.049400000000000006,0.0,0.0,0.0,0.046900000000000004,0.8614187120386111,3.1469049189391933,2.109590449021485
1258,47,c,313.15,2,0.0,0.0,0.47479999999999994,0.5001,0.0,0.0,0.0,0.025099999999999997,0.0,0.0,0.0821,0.9128000000000001,0.0,0.0,0.0,0.0051,0.0,0.0,0.9354,0.0167,0.0,0.0,0.0,0.0479,0.8614187120386111,3.1469049189391933,2.109590449021485
1259,47,c,318.15,2,0.0,0.0,0.47509999999999997,0.4999,0.0,0.0,0.0,0.025,0.0,0.0,0.0913,0.9031,0.0,0.0,0.0,0.005600000000000001,0.0,0.0,0.9308,0.0191,0.0,0.0,0.0,0.0501,0.8614187120386111,3.1469049189391933,2.109590449021485
1260,47,c,323.15,2,0.0,0.0,0.475,0.4999,0.0,0.0,0.0,0.025099999999999997,0.0,0.0,0.0999,0.8943000000000001,0.0,0.0,0.0,0.0058,0.0,0.0,0.9292,0.0206,0.0,0.0,0.0,0.050199999999999995,0.8614187120386111,3.1469049189391933,2.109590449021485
1261,47,c,328.15,2,0.0,0.0,0.475,0.5,0.0,0.0,0.0,0.025,0.0,0.0,0.1097,0.8837999999999999,0.0,0.0,0.0,0.006500000000000001,0.0,0.0,0.9319,0.0222,0.0,0.0,0.0,0.045899999999999996,0.8614187120386111,3.1469049189391933,2.109590449021485
1262,47,c,333.15,2,0.0,0.0,0.47509999999999997,0.5,0.0,0.0,0.0,0.024900000000000002,0.0,0.0,0.1186,0.8739,0.0,0.0,0.0,0.0075,0.0,0.0,0.93,0.0231,0.0,0.0,0.0,0.046900000000000004,0.8614187120386111,3.1469049189391933,2.109590449021485
1304,50,b,303.2,2,0.0,0.0,0.498,0.499,0.003,0.0,0.0,0.0,0.0,0.0,0.143,0.853,0.005,0.0,0.0,0.0,0.0,0.0,0.937,0.061,0.002,0.0,0.0,0.0,,,
1311,50,c,303.2,2,0.002,0.0,0.501,0.497,0.0,0.0,0.0,0.0,0.002,0.0,0.391,0.608,0.0,0.0,0.0,0.0,0.002,0.0,0.721,0.277,0.0,0.0,0.0,0.0,1.0,0.1491666560483379,0.6194046283160829
1312,50,c,303.2,2,0.004,0.0,0.494,0.502,0.0,0.0,0.0,0.0,0.004,0.0,0.42,0.576,0.0,0.0,0.0,0.0,0.004,0.0,0.676,0.32,0.0,0.0,0.0,0.0,1.0,0.1491666560483379,0.6194046283160829
1313,51,a,303.15,2,0.2999,0.3016,0.3986,0.0,0.0,0.0,0.0,0.0,0.8292,0.0178,0.153,0.0,0.0,0.0,0.0,0.0,0.027999999999999997,0.4561,0.5159,0.0,0.0,0.0,0.0,0.0,0.9864423878819752,-1.6319542776493785,0.7023977955399254
1314,51,a,303.15,2,0.34909999999999997,0.35240000000000005,0.2985,0.0,0.0,0.0,0.0,0.0,0.8687,0.0149,0.1164,0.0,0.0,0.0,0.0,0.0,0.0254,0.5826,0.392,0.0,0.0,0.0,0.0,0.0,0.9864423878819752,-1.6319542776493785,0.7023977955399254
1315,51,a,303.15,2,0.3972,0.3993,0.20350000000000001,0.0,0.0,0.0,0.0,0.0,0.9055,0.0131,0.0814,0.0,0.0,0.0,0.0,0.0,0.0229,0.7051999999999999,0.27190000000000003,0.0,0.0,0.0,0.0,0.0,0.9864423878819752,-1.6319542776493785,0.7023977955399254
1316,51,a,303.15,2,0.4511,0.4496,0.09949999999999999,0.0,0.0,0.0,0.0,0.0,0.9512,0.0121,0.0379,0.0,0.0,0.0,0.0,0.0,0.0199,0.8504,0.1297,0.0,0.0,0.0,0.0,0.0,0.9864423878819752,-1.6319542776493785,0.7023977955399254
1317,51,a,318.15,2,0.3145,0.30920000000000003,0.3763,0.0,0.0,0.0,0.0,0.0,0.8292,0.0274,0.17850000000000002,0.0,0.0,0.0,0.0,0.0,0.0269,0.47840000000000005,0.4947,0.0,0.0,0.0,0.0,0.0,0.9864423878819752,-1.6319542776493785,0.7023977955399254
1318,51,a,318.15,2,0.3588,0.3565,0.2847,0.0,0.0,0.0,0.0,0.0,0.8687,0.018600000000000002,0.1268,0.0,0.0,0.0,0.0,0.0,0.0206,0.5889,0.39049999999999996,0.0,0.0,0.0,0.0,0.0,0.9864423878819752,-1.6319542776493785,0.7023977955399254
1319,51,a,318.15,2,0.4202,0.4122,0.1678,0.0,0.0,0.0,0.0,0.0,0.9055,0.0088,0.0701,0.0,0.0,0.0,0.0,0.0,0.012,0.7395999999999999,0.2484,0.0,0.0,0.0,0.0,0.0,0.9864423878819752,-1.6319542776493785,0.7023977955399254
1320,51,a,318.15,2,0.4545,0.4542,0.0913,0.0,0.0,0.0,0.0,0.0,0.9512,0.0044,0.0443,0.0,0.0,0.0,0.0,0.0,0.005,0.8626,0.1324,0.0,0.0,0.0,0.0,0.0,0.9864423878819752,-1.6319542776493785,0.7023977955399254
1321,51,a,333.15,2,0.2984,0.3184,0.3832,0.0,0.0,0.0,0.0,0.0,0.8292,0.024399999999999998,0.185,0.0,0.0,0.0,0.0,0.0,0.0197,0.485,0.4953,0.0,0.0,0.0,0.0,0.0,0.9864423878819752,-1.6319542776493785,0.7023977955399254
1322,51,a,333.15,2,0.36869999999999997,0.368,0.2633,0.0,0.0,0.0,0.0,0.0,0.8687,0.0182,0.142,0.0,0.0,0.0,0.0,0.0,0.018000000000000002,0.6148,0.36719999999999997,0.0,0.0,0.0,0.0,0.0,0.9864423878819752,-1.6319542776493785,0.7023977955399254
1323,51,a,333.15,2,0.4065,0.4103,0.1832,0.0,0.0,0.0,0.0,0.0,0.9055,0.0115,0.0956,0.0,0.0,0.0,0.0,0.0,0.0166,0.7228,0.2606,0.0,0.0,0.0,0.0,0.0,0.9864423878819752,-1.6319542776493785,0.7023977955399254
1324,51,a,333.15,2,0.4608,0.4582,0.081,0.0,0.0,0.0,0.0,0.0,0.9512,0.0049,0.0508,0.0,0.0,0.0,0.0,0.0,0.0146,0.8795000000000001,0.1059,0.0,0.0,0.0,0.0,0.0,0.9864423878819752,-1.6319542776493785,0.7023977955399254
1325,52,a,300.0,1,0.5,0.4,0.1,0.0,0.0,0.0,0.0,0.0,0.9714,0.0049,0.0235,0.0,0.0,0.0,0.0,0.0,0.0064,0.8064,0.18710000000000002,0.0,0.0,0.0,0.0,0.0,0.8432770834035591,-2.4392019739935105,0.5699053883427035
1326,52,a,300.0,1,0.45,0.35,0.2,0.0,0.0,0.0,0.0,0.0,0.9559000000000001,0.0062,0.0378,0.0,0.0,0.0,0.0,0.0,0.014499999999999999,0.6396999999999999,0.3457,0.0,0.0,0.0,0.0,0.0,0.8432770834035591,-2.4392019739935105,0.5699053883427035
1327,52,a,300.0,1,0.4,0.3,0.3,0.0,0.0,0.0,0.0,0.0,0.9404,0.0070999999999999995,0.0524,0.0,0.0,0.0,0.0,0.0,0.0222,0.4974,0.4804,0.0,0.0,0.0,0.0,0.0,0.8432770834035591,-2.4392019739935105,0.5699053883427035
1328,52,a,300.0,1,0.35,0.25,0.4,0.0,0.0,0.0,0.0,0.0,0.9158,0.0077,0.0764,0.0,0.0,0.0,0.0,0.0,0.0231,0.3961,0.5808,0.0,0.0,0.0,0.0,0.0,0.8432770834035591,-2.4392019739935105,0.5699053883427035
1329,52,a,300.0,1,0.3,0.2,0.5,0.0,0.0,0.0,0.0,0.0,0.8847,0.0098,0.1052,0.0,0.0,0.0,0.0,0.0,0.0275,0.319,0.6536,0.0,0.0,0.0,0.0,0.0,0.8432770834035591,-2.4392019739935105,0.5699053883427035
1330,52,a,315.0,1,0.5,0.4,0.1,0.0,0.0,0.0,0.0,0.0,0.9573999999999999,0.0083,0.0332,0.0,0.0,0.0,0.0,0.0,0.0048,0.8127,0.1825,0.0,0.0,0.0,0.0,0.0,0.8432770834035591,-2.4392019739935105,0.5699053883427035
1331,52,a,315.0,1,0.45,0.35,0.2,0.0,0.0,0.0,0.0,0.0,0.9273,0.0105,0.0621,0.0,0.0,0.0,0.0,0.0,0.0109,0.6525,0.33649999999999997,0.0,0.0,0.0,0.0,0.0,0.8432770834035591,-2.4392019739935105,0.5699053883427035
1332,52,a,315.0,1,0.4,0.3,0.3,0.0,0.0,0.0,0.0,0.0,0.9003,0.0086,0.0909,0.0,0.0,0.0,0.0,0.0,0.018600000000000002,0.5102,0.47100000000000003,0.0,0.0,0.0,0.0,0.0,0.8432770834035591,-2.4392019739935105,0.5699053883427035
1333,52,a,315.0,1,0.35,0.25,0.4,0.0,0.0,0.0,0.0,0.0,0.8937,0.0104,0.0958,0.0,0.0,0.0,0.0,0.0,0.0263,0.3679,0.6057,0.0,0.0,0.0,0.0,0.0,0.8432770834035591,-2.4392019739935105,0.5699053883427035
1334,52,a,315.0,1,0.3,0.2,0.5,0.0,0.0,0.0,0.0,0.0,0.8782,0.0113,0.1103,0.0,0.0,0.0,0.0,0.0,0.04190000000000001,0.2751,0.682,0.0,0.0,0.0,0.0,0.0,0.8432770834035591,-2.4392019739935105,0.5699053883427035
1335,52,a,330.0,1,0.5,0.4,0.1,0.0,0.0,0.0,0.0,0.0,0.9636,0.0146,0.02178,0.0,0.0,0.0,0.0,0.0,0.0115,0.8092,0.17920000000000003,0.0,0.0,0.0,0.0,0.0,0.8432770834035591,-2.4392019739935105,0.5699053883427035
1336,52,a,330.0,1,0.45,0.35,0.2,0.0,0.0,0.0,0.0,0.0,0.9224,0.011699999999999999,0.0658,0.0,0.0,0.0,0.0,0.0,0.0176,0.6297999999999999,0.35259999999999997,0.0,0.0,0.0,0.0,0.0,0.8432770834035591,-2.4392019739935105,0.5699053883427035
1337,52,a,330.0,1,0.4,0.3,0.3,0.0,0.0,0.0,0.0,0.0,0.9198000000000001,0.0143,0.0658,0.0,0.0,0.0,0.0,0.0,0.024700000000000003,0.5059,0.4693,0.0,0.0,0.0,0.0,0.0,0.8432770834035591,-2.4392019739935105,0.5699053883427035
1338,52,a,330.0,1,0.35,0.25,0.4,0.0,0.0,0.0,0.0,0.0,0.8934000000000001,0.0155,0.0911,0.0,0.0,0.0,0.0,0.0,0.0291,0.4227,0.5481,0.0,0.0,0.0,0.0,0.0,0.8432770834035591,-2.4392019739935105,0.5699053883427035
1339,52,a,330.0,1,0.3,0.2,0.5,0.0,0.0,0.0,0.0,0.0,0.8613,0.0161,0.1225,0.0,0.0,0.0,0.0,0.0,0.0496,0.3015,0.6487999999999999,0.0,0.0,0.0,0.0,0.0,0.8432770834035591,-2.4392019739935105,0.5699053883427035
1340,53,a,303.15,2,0.4506,0.4786,0.0708,0.0,0.0,0.0,0.0,0.0,0.9412,0.0221,0.0367,0.0,0.0,0.0,0.0,0.0,0.0053,0.8916,0.1031,0.0,0.0,0.0,0.0,0.0,0.9735603225218432,-1.5885406798238288,0.6236843331165165
1341,53,a,303.15,2,0.3962,0.4398,0.164,0.0,0.0,0.0,0.0,0.0,0.9073,0.0178,0.0749,0.0,0.0,0.0,0.0,0.0,0.0133,0.7441,0.2426,0.0,0.0,0.0,0.0,0.0,0.9735603225218432,-1.5885406798238288,0.6236843331165165
1342,53,a,303.15,2,0.3433,0.3884,0.2683,0.0,0.0,0.0,0.0,0.0,0.8762,0.0161,0.1077,0.0,0.0,0.0,0.0,0.0,0.0151,0.6173,0.3676,0.0,0.0,0.0,0.0,0.0,0.9735603225218432,-1.5885406798238288,0.6236843331165165
1343,53,a,303.15,2,0.3292,0.3112,0.3596,0.0,0.0,0.0,0.0,0.0,0.827,0.016,0.157,0.0,0.0,0.0,0.0,0.0,0.0123,0.4886,0.4991,0.0,0.0,0.0,0.0,0.0,0.9735603225218432,-1.5885406798238288,0.6236843331165165
1344,53,a,323.15,2,0.4512,0.4692,0.0888,0.0,0.0,0.0,0.0,0.0,0.9457,0.0182,0.0361,0.0,0.0,0.0,0.0,0.0,0.0112,0.8572,0.1316,0.0,0.0,0.0,0.0,0.0,0.9735603225218432,-1.5885406798238288,0.6236843331165165
1345,53,a,323.15,2,0.4081,0.4065,0.1853,0.0,0.0,0.0,0.0,0.0,0.8972,0.0191,0.0837,0.0,0.0,0.0,0.0,0.0,0.0153,0.7321,0.2526,0.0,0.0,0.0,0.0,0.0,0.9735603225218432,-1.5885406798238288,0.6236843331165165
1346,53,a,323.15,2,0.3567,0.3527,0.2906,0.0,0.0,0.0,0.0,0.0,0.8491,0.0158,0.1351,0.0,0.0,0.0,0.0,0.0,0.0203,0.5743,0.4054,0.0,0.0,0.0,0.0,0.0,0.9735603225218432,-1.5885406798238288,0.6236843331165165
1347,53,a,323.15,2,0.3084,0.3041,0.3875,0.0,0.0,0.0,0.0,0.0,0.8118,0.0171,0.1711,0.0,0.0,0.0,0.0,0.0,0.0301,0.4597,0.5102,0.0,0.0,0.0,0.0,0.0,0.9735603225218432,-1.5885406798238288,0.6236843331165165
1348,54,a,298.15,1,0.2996,0.1,0.6004,0.0,0.0,0.0,0.0,0.0,0.8384,0.0032,0.1584,0.0,0.0,0.0,0.0,0.0,0.1107,0.1036,0.7857,0.0,0.0,0.0,0.0,0.0,0.9191661796285054,-2.8503858984296944,0.4776641460763844
1349,54,a,298.15,1,0.3002,0.2004,0.4994,0.0,0.0,0.0,0.0,0.0,0.935,0.004,0.061,0.0,0.0,0.0,0.0,0.0,0.0519,0.2638,0.6843,0.0,0.0,0.0,0.0,0.0,0.9191661796285054,-2.8503858984296944,0.4776641460763844
1350,54,a,298.15,1,0.3009,0.2996,0.3995,0.0,0.0,0.0,0.0,0.0,0.9434,0.0041,0.0525,0.0,0.0,0.0,0.0,0.0,0.0174,0.4167,0.5659,0.0,0.0,0.0,0.0,0.0,0.9191661796285054,-2.8503858984296944,0.4776641460763844
1351,54,a,298.15,1,0.3004,0.3992,0.3004,0.0,0.0,0.0,0.0,0.0,0.9396,0.0041,0.0563,0.0,0.0,0.0,0.0,0.0,0.0078,0.5536,0.4386,0.0,0.0,0.0,0.0,0.0,0.9191661796285054,-2.8503858984296944,0.4776641460763844
1352,54,a,298.15,1,0.3002,0.4997,0.2001,0.0,0.0,0.0,0.0,0.0,0.9586,0.0045,0.0369,0.0,0.0,0.0,0.0,0.0,0.0122,0.7008,0.287,0.0,0.0,0.0,0.0,0.0,0.9191661796285054,-2.8503858984296944,0.4776641460763844
1353,54,a,298.15,1,0.3,0.6,0.1,0.0,0.0,0.0,0.0,0.0,0.9782,0.005,0.0168,0.0,0.0,0.0,0.0,0.0,0.0083,0.8648,0.1269,0.0,0.0,0.0,0.0,0.0,0.9191661796285054,-2.8503858984296944,0.4776641460763844
1378,55,aa,303.2,2,0.0,0.0,0.47009999999999996,0.5256000000000001,0.0043,0.0,0.0,0.0,0.0,0.0,0.16,0.8348,0.0052,0.0,0.0,0.0,0.0,0.0,0.9331999999999999,0.0629,0.0039000000000000003,0.0,0.0,0.0,1.0,-0.8070378582979891,0.3083136945263952
1383,55,aa,318.2,2,0.0,0.0,0.47009999999999996,0.5256000000000001,0.0043,0.0,0.0,0.0,0.0,0.0,0.1685,0.8262999999999999,0.0051,0.0,0.0,0.0,0.0,0.0,0.9198999999999999,0.0765,0.0036,0.0,0.0,0.0,1.0,-0.8070378582979891,0.3083136945263952
1388,55,ba,303.2,2,0.0,0.0,0.47009999999999996,0.5211,0.0088,0.0,0.0,0.0,0.0,0.0,0.1748,0.816,0.0092,0.0,0.0,0.0,0.0,0.0,0.9183,0.0741,0.0075,0.0,0.0,0.0,1.0,-1.2957789868033904,0.08005869050811021
1393,55,ba,318.2,2,0.0,0.0,0.4704,0.5207999999999999,0.0088,0.0,0.0,0.0,0.0,0.0,0.1776,0.8133,0.0091,0.0,0.0,0.0,0.0,0.0,0.8998999999999999,0.09140000000000001,0.0088,0.0,0.0,0.0,1.0,-1.2957789868033904,0.08005869050811021
1398,55,ca,303.2,2,0.0,0.0,0.4689,0.5096,0.0215,0.0,0.0,0.0,0.0,0.0,0.16190000000000002,0.807,0.031200000000000002,0.0,0.0,0.0,0.0,0.0,0.9281,0.0591,0.0128,0.0,0.0,0.0,1.0,-0.1630801967929394,0.49555162771324435
1404,55,ca,318.2,2,0.0,0.0,0.4707,0.5079,0.021400000000000002,0.0,0.0,0.0,0.0,0.0,0.1795,0.79,0.030600000000000002,0.0,0.0,0.0,0.0,0.0,0.9125,0.07400000000000001,0.013500000000000002,0.0,0.0,0.0,1.0,-0.1630801967929394,0.49555162771324435
1409,56,a,298.15,1,0.44939999999999997,0.45030000000000003,0.1003,0.0,0.0,0.0,0.0,0.0,0.9762000000000001,0.0034000000000000002,0.0204,0.0,0.0,0.0,0.0,0.0,0.0048,0.8262,0.16899999999999998,0.0,0.0,0.0,0.0,0.0,0.8807380298641635,-2.6306713678703337,0.5833680260260194
1410,56,a,298.15,1,0.39890000000000003,0.3985,0.2025,0.0,0.0,0.0,0.0,0.0,0.9631000000000001,0.0040999999999999995,0.032799999999999996,0.0,0.0,0.0,0.0,0.0,0.0058,0.6747,0.3195,0.0,0.0,0.0,0.0,0.0,0.8807380298641635,-2.6306713678703337,0.5833680260260194
1411,56,a,298.15,1,0.3504,0.3505,0.299,0.0,0.0,0.0,0.0,0.0,0.9493,0.0049,0.045899999999999996,0.0,0.0,0.0,0.0,0.0,0.0069,0.5456,0.4475,0.0,0.0,0.0,0.0,0.0,0.8807380298641635,-2.6306713678703337,0.5833680260260194
1412,56,a,298.15,1,0.2938,0.2984,0.4079,0.0,0.0,0.0,0.0,0.0,0.9299,0.005600000000000001,0.0645,0.0,0.0,0.0,0.0,0.0,0.0121,0.4294,0.5585,0.0,0.0,0.0,0.0,0.0,0.8807380298641635,-2.6306713678703337,0.5833680260260194
1413,56,a,298.15,1,0.2494,0.2503,0.5002,0.0,0.0,0.0,0.0,0.0,0.9188,0.0060999999999999995,0.075,0.0,0.0,0.0,0.0,0.0,0.0146,0.3318,0.6536,0.0,0.0,0.0,0.0,0.0,0.8807380298641635,-2.6306713678703337,0.5833680260260194
1414,56,a,308.15,1,0.4496,0.45039999999999997,0.1,0.0,0.0,0.0,0.0,0.0,0.963,0.0039000000000000003,0.0331,0.0,0.0,0.0,0.0,0.0,0.0017000000000000001,0.8388,0.1595,0.0,0.0,0.0,0.0,0.0,0.8807380298641635,-2.6306713678703337,0.5833680260260194
1415,56,a,308.15,1,0.39990000000000003,0.39990000000000003,0.2002,0.0,0.0,0.0,0.0,0.0,0.9473,0.0046,0.0482,0.0,0.0,0.0,0.0,0.0,0.0070999999999999995,0.6829999999999999,0.3099,0.0,0.0,0.0,0.0,0.0,0.8807380298641635,-2.6306713678703337,0.5833680260260194
1416,56,a,308.15,1,0.3497,0.3507,0.29969999999999997,0.0,0.0,0.0,0.0,0.0,0.9312999999999999,0.006,0.06269999999999999,0.0,0.0,0.0,0.0,0.0,0.0143,0.5501,0.43560000000000004,0.0,0.0,0.0,0.0,0.0,0.8807380298641635,-2.6306713678703337,0.5833680260260194
1417,56,a,308.15,1,0.3,0.30010000000000003,0.39990000000000003,0.0,0.0,0.0,0.0,0.0,0.9156,0.0077,0.0767,0.0,0.0,0.0,0.0,0.0,0.0177,0.4321,0.5501,0.0,0.0,0.0,0.0,0.0,0.8807380298641635,-2.6306713678703337,0.5833680260260194
1418,56,a,308.15,1,0.24989999999999998,0.24989999999999998,0.5001,0.0,0.0,0.0,0.0,0.0,0.9015000000000001,0.0078000000000000005,0.0907,0.0,0.0,0.0,0.0,0.0,0.021,0.33840000000000003,0.6406000000000001,0.0,0.0,0.0,0.0,0.0,0.8807380298641635,-2.6306713678703337,0.5833680260260194
1419,56,a,318.15,1,0.45039999999999997,0.4496,0.1,0.0,0.0,0.0,0.0,0.0,0.9743,0.0055000000000000005,0.0202,0.0,0.0,0.0,0.0,0.0,0.0048,0.8240000000000001,0.17120000000000002,0.0,0.0,0.0,0.0,0.0,0.8807380298641635,-2.6306713678703337,0.5833680260260194
1420,56,a,318.15,1,0.4007,0.3993,0.2,0.0,0.0,0.0,0.0,0.0,0.9594,0.0067,0.034,0.0,0.0,0.0,0.0,0.0,0.0059,0.6735,0.32049999999999995,0.0,0.0,0.0,0.0,0.0,0.8807380298641635,-2.6306713678703337,0.5833680260260194
1421,56,a,318.15,1,0.35,0.34990000000000004,0.30010000000000003,0.0,0.0,0.0,0.0,0.0,0.9376000000000001,0.008199999999999999,0.0541,0.0,0.0,0.0,0.0,0.0,0.0073,0.5512,0.4415,0.0,0.0,0.0,0.0,0.0,0.8807380298641635,-2.6306713678703337,0.5833680260260194
1422,56,a,318.15,1,0.29969999999999997,0.30010000000000003,0.40020000000000006,0.0,0.0,0.0,0.0,0.0,0.9222,0.0113,0.0665,0.0,0.0,0.0,0.0,0.0,0.0105,0.4499,0.5395,0.0,0.0,0.0,0.0,0.0,0.8807380298641635,-2.6306713678703337,0.5833680260260194
1423,56,a,318.15,1,0.25,0.25,0.5,0.0,0.0,0.0,0.0,0.0,0.8806,0.0128,0.1066,0.0,0.0,0.0,0.0,0.0,0.0181,0.3421,0.6396999999999999,0.0,0.0,0.0,0.0,0.0,0.8807380298641635,-2.6306713678703337,0.5833680260260194
1424,56,b,298.15,1,0.4509,0.4486,0.1005,0.0,0.0,0.0,0.0,0.0,0.9682,0.0033,0.0285,0.0,0.0,0.0,0.0,0.0,0.0028000000000000004,0.8351999999999999,0.162,0.0,0.0,0.0,0.0,0.0,0.8060414464975949,-2.6097320171493688,0.5074623632401347
1425,56,b,298.15,1,0.4008,0.3997,0.19949999999999998,0.0,0.0,0.0,0.0,0.0,0.943,0.0036,0.053399999999999996,0.0,0.0,0.0,0.0,0.0,0.0033,0.6827,0.314,0.0,0.0,0.0,0.0,0.0,0.8060414464975949,-2.6097320171493688,0.5074623632401347
1426,56,b,298.15,1,0.34990000000000004,0.3497,0.3004,0.0,0.0,0.0,0.0,0.0,0.9272,0.0038,0.069,0.0,0.0,0.0,0.0,0.0,0.006500000000000001,0.5595,0.434,0.0,0.0,0.0,0.0,0.0,0.8060414464975949,-2.6097320171493688,0.5074623632401347
1427,56,b,298.15,1,0.3009,0.299,0.40009999999999996,0.0,0.0,0.0,0.0,0.0,0.9120999999999999,0.004,0.0839,0.0,0.0,0.0,0.0,0.0,0.0363,0.42869999999999997,0.535,0.0,0.0,0.0,0.0,0.0,0.8060414464975949,-2.6097320171493688,0.5074623632401347
1428,56,b,298.15,1,0.2505,0.24989999999999998,0.4997,0.0,0.0,0.0,0.0,0.0,0.8998,0.0042,0.096,0.0,0.0,0.0,0.0,0.0,0.053,0.32799999999999996,0.619,0.0,0.0,0.0,0.0,0.0,0.8060414464975949,-2.6097320171493688,0.5074623632401347
1429,56,b,308.15,1,0.4493,0.44880000000000003,0.10189999999999999,0.0,0.0,0.0,0.0,0.0,0.9688,0.0025,0.0287,0.0,0.0,0.0,0.0,0.0,0.0022,0.8328,0.165,0.0,0.0,0.0,0.0,0.0,0.8060414464975949,-2.6097320171493688,0.5074623632401347
1430,56,b,308.15,1,0.4,0.39990000000000003,0.20010000000000003,0.0,0.0,0.0,0.0,0.0,0.9438,0.0033,0.0529,0.0,0.0,0.0,0.0,0.0,0.0026,0.6949,0.3025,0.0,0.0,0.0,0.0,0.0,0.8060414464975949,-2.6097320171493688,0.5074623632401347
1431,56,b,308.15,1,0.34950000000000003,0.35009999999999997,0.3004,0.0,0.0,0.0,0.0,0.0,0.9223,0.0038,0.0738,0.0,0.0,0.0,0.0,0.0,0.005600000000000001,0.5634,0.431,0.0,0.0,0.0,0.0,0.0,0.8060414464975949,-2.6097320171493688,0.5074623632401347
1432,56,b,308.15,1,0.301,0.2995,0.3995,0.0,0.0,0.0,0.0,0.0,0.9117000000000001,0.0044,0.0839,0.0,0.0,0.0,0.0,0.0,0.006500000000000001,0.45,0.5435,0.0,0.0,0.0,0.0,0.0,0.8060414464975949,-2.6097320171493688,0.5074623632401347
1433,56,b,308.15,1,0.2501,0.25,0.4999,0.0,0.0,0.0,0.0,0.0,0.8976000000000001,0.0048,0.09759999999999999,0.0,0.0,0.0,0.0,0.0,0.0233,0.3392,0.6375,0.0,0.0,0.0,0.0,0.0,0.8060414464975949,-2.6097320171493688,0.5074623632401347
1434,56,b,318.15,1,0.4497,0.4499,0.10039999999999999,0.0,0.0,0.0,0.0,0.0,0.9729000000000001,0.0043,0.022799999999999997,0.0,0.0,0.0,0.0,0.0,0.0048,0.8270000000000001,0.16820000000000002,0.0,0.0,0.0,0.0,0.0,0.8060414464975949,-2.6097320171493688,0.5074623632401347
1435,56,b,318.15,1,0.40020000000000006,0.3998,0.2,0.0,0.0,0.0,0.0,0.0,0.9627,0.004699999999999999,0.0327,0.0,0.0,0.0,0.0,0.0,0.006,0.6759999999999999,0.318,0.0,0.0,0.0,0.0,0.0,0.8060414464975949,-2.6097320171493688,0.5074623632401347
1436,56,b,318.15,1,0.3489,0.3518,0.2993,0.0,0.0,0.0,0.0,0.0,0.9527,0.0049,0.0424,0.0,0.0,0.0,0.0,0.0,0.0113,0.5463,0.4424,0.0,0.0,0.0,0.0,0.0,0.8060414464975949,-2.6097320171493688,0.5074623632401347
1437,56,b,318.15,1,0.2983,0.2985,0.4033,0.0,0.0,0.0,0.0,0.0,0.9406,0.0051,0.054299999999999994,0.0,0.0,0.0,0.0,0.0,0.0124,0.42560000000000003,0.562,0.0,0.0,0.0,0.0,0.0,0.8060414464975949,-2.6097320171493688,0.5074623632401347
1438,56,b,318.15,1,0.252,0.2491,0.4989,0.0,0.0,0.0,0.0,0.0,0.9261,0.0055000000000000005,0.0684,0.0,0.0,0.0,0.0,0.0,0.0181,0.3389,0.643,0.0,0.0,0.0,0.0,0.0,0.8060414464975949,-2.6097320171493688,0.5074623632401347
1439,56,c,298.15,1,0.4495,0.4501,0.1005,0.0,0.0,0.0,0.0,0.0,0.9865999999999999,0.0017000000000000001,0.011699999999999999,0.0,0.0,0.0,0.0,0.0,0.0014000000000000002,0.8266,0.172,0.0,0.0,0.0,0.0,0.0,0.6693105481770321,-2.6610679443314957,0.5231036038699096
1440,56,c,298.15,1,0.40049999999999997,0.4,0.19949999999999998,0.0,0.0,0.0,0.0,0.0,0.9548000000000001,0.0018,0.0434,0.0,0.0,0.0,0.0,0.0,0.0024,0.6796,0.318,0.0,0.0,0.0,0.0,0.0,0.6693105481770321,-2.6610679443314957,0.5231036038699096
1441,56,c,298.15,1,0.34909999999999997,0.3496,0.3014,0.0,0.0,0.0,0.0,0.0,0.9326000000000001,0.0019,0.0655,0.0,0.0,0.0,0.0,0.0,0.0034000000000000002,0.5486,0.44799999999999995,0.0,0.0,0.0,0.0,0.0,0.6693105481770321,-2.6610679443314957,0.5231036038699096
1442,56,c,298.15,1,0.2999,0.30079999999999996,0.3993,0.0,0.0,0.0,0.0,0.0,0.9236,0.0021,0.07429999999999999,0.0,0.0,0.0,0.0,0.0,0.0074,0.4425,0.5501,0.0,0.0,0.0,0.0,0.0,0.6693105481770321,-2.6610679443314957,0.5231036038699096
1443,56,c,298.15,1,0.24760000000000001,0.2482,0.5042,0.0,0.0,0.0,0.0,0.0,0.9120999999999999,0.0022,0.0857,0.0,0.0,0.0,0.0,0.0,0.021099999999999997,0.3284,0.6505,0.0,0.0,0.0,0.0,0.0,0.6693105481770321,-2.6610679443314957,0.5231036038699096
1444,56,c,308.15,1,0.4449,0.4532,0.1018,0.0,0.0,0.0,0.0,0.0,0.9732999999999999,0.0032,0.0235,0.0,0.0,0.0,0.0,0.0,0.0026,0.8219,0.17550000000000002,0.0,0.0,0.0,0.0,0.0,0.6693105481770321,-2.6610679443314957,0.5231036038699096
1445,56,c,308.15,1,0.43939999999999996,0.4379,0.1226,0.0,0.0,0.0,0.0,0.0,0.9620000000000001,0.0039000000000000003,0.0341,0.0,0.0,0.0,0.0,0.0,0.0044,0.7951,0.2005,0.0,0.0,0.0,0.0,0.0,0.6693105481770321,-2.6610679443314957,0.5231036038699096
1446,56,c,308.15,1,0.3494,0.3507,0.2998,0.0,0.0,0.0,0.0,0.0,0.9481999999999999,0.0042,0.047599999999999996,0.0,0.0,0.0,0.0,0.0,0.0137,0.5390999999999999,0.4472,0.0,0.0,0.0,0.0,0.0,0.6693105481770321,-2.6610679443314957,0.5231036038699096
1447,56,c,308.15,1,0.2999,0.2999,0.40020000000000006,0.0,0.0,0.0,0.0,0.0,0.9393,0.0044,0.056299999999999996,0.0,0.0,0.0,0.0,0.0,0.0151,0.4357,0.5492,0.0,0.0,0.0,0.0,0.0,0.6693105481770321,-2.6610679443314957,0.5231036038699096
1448,56,c,308.15,1,0.251,0.24969999999999998,0.4993,0.0,0.0,0.0,0.0,0.0,0.9322,0.0046,0.0632,0.0,0.0,0.0,0.0,0.0,0.0161,0.33270000000000005,0.6512,0.0,0.0,0.0,0.0,0.0,0.6693105481770321,-2.6610679443314957,0.5231036038699096
1449,56,c,318.15,1,0.4499,0.45,0.1001,0.0,0.0,0.0,0.0,0.0,0.955,0.005699999999999999,0.0393,0.0,0.0,0.0,0.0,0.0,0.0027,0.8382,0.1591,0.0,0.0,0.0,0.0,0.0,0.6693105481770321,-2.6610679443314957,0.5231036038699096
1450,56,c,318.15,1,0.3961,0.39630000000000004,0.2076,0.0,0.0,0.0,0.0,0.0,0.9359999999999999,0.0069,0.0571,0.0,0.0,0.0,0.0,0.0,0.0052,0.6837000000000001,0.3111,0.0,0.0,0.0,0.0,0.0,0.6693105481770321,-2.6610679443314957,0.5231036038699096
1451,56,c,318.15,1,0.34990000000000004,0.3496,0.3005,0.0,0.0,0.0,0.0,0.0,0.9242,0.0072,0.06860000000000001,0.0,0.0,0.0,0.0,0.0,0.0069,0.5505,0.4426,0.0,0.0,0.0,0.0,0.0,0.6693105481770321,-2.6610679443314957,0.5231036038699096
1452,56,c,318.15,1,0.3,0.3003,0.3998,0.0,0.0,0.0,0.0,0.0,0.9179999999999999,0.0078000000000000005,0.0742,0.0,0.0,0.0,0.0,0.0,0.008199999999999999,0.43829999999999997,0.5535,0.0,0.0,0.0,0.0,0.0,0.6693105481770321,-2.6610679443314957,0.5231036038699096
1453,56,c,318.15,1,0.2498,0.2503,0.4999,0.0,0.0,0.0,0.0,0.0,0.898,0.0083,0.09369999999999999,0.0,0.0,0.0,0.0,0.0,0.0092,0.34630000000000005,0.6445000000000001,0.0,0.0,0.0,0.0,0.0,0.6693105481770321,-2.6610679443314957,0.5231036038699096
1454,57,a,298.2,2,0.0,0.0,0.498,0.501,0.0,0.0,0.0,0.001,0.0,0.0,0.726,0.272,0.0,0.0,0.0,0.002,0.0,0.0,0.329,0.67,0.0,0.0,0.0,0.001,0.8185506549329444,-0.6078615295281695,0.6991432108092533
1455,57,a,298.2,2,0.0,0.0,0.492,0.498,0.0,0.0,0.0,0.01,0.0,0.0,0.849,0.131,0.0,0.0,0.0,0.02,0.0,0.0,0.202,0.795,0.0,0.0,0.0,0.003,0.8185506549329444,-0.6078615295281695,0.6991432108092533
1456,57,a,298.2,2,0.0,0.0,0.478,0.502,0.0,0.0,0.0,0.02,0.0,0.0,0.879,0.078,0.0,0.0,0.0,0.043,0.0,0.0,0.148,0.848,0.0,0.0,0.0,0.004,0.8185506549329444,-0.6078615295281695,0.6991432108092533
1457,57,a,298.2,2,0.0,0.0,0.469,0.502,0.0,0.0,0.0,0.029,0.0,0.0,0.886,0.052,0.0,0.0,0.0,0.062,0.0,0.0,0.122,0.874,0.0,0.0,0.0,0.004,0.8185506549329444,-0.6078615295281695,0.6991432108092533
1458,57,a,308.2,2,0.0,0.0,0.458,0.501,0.0,0.0,0.0,0.041,0.0,0.0,0.868,0.033,0.0,0.0,0.0,0.098,0.0,0.0,0.101,0.894,0.0,0.0,0.0,0.005,0.8185506549329444,-0.6078615295281695,0.6991432108092533
1459,57,a,308.2,2,0.0,0.0,0.491,0.499,0.0,0.0,0.0,0.01,0.0,0.0,0.77,0.212,0.0,0.0,0.0,0.018,0.0,0.0,0.243,0.752,0.0,0.0,0.0,0.005,0.8185506549329444,-0.6078615295281695,0.6991432108092533
1460,57,a,308.2,2,0.0,0.0,0.478,0.502,0.0,0.0,0.0,0.02,0.0,0.0,0.851,0.105,0.0,0.0,0.0,0.044,0.0,0.0,0.187,0.808,0.0,0.0,0.0,0.006,0.8185506549329444,-0.6078615295281695,0.6991432108092533
1461,57,a,308.2,2,0.0,0.0,0.473,0.498,0.0,0.0,0.0,0.029,0.0,0.0,0.872,0.066,0.0,0.0,0.0,0.062,0.0,0.0,0.16,0.834,0.0,0.0,0.0,0.006,0.8185506549329444,-0.6078615295281695,0.6991432108092533
1462,57,a,318.2,2,0.0,0.0,0.447,0.513,0.0,0.0,0.0,0.041,0.0,0.0,0.865,0.043,0.0,0.0,0.0,0.092,0.0,0.0,0.107,0.887,0.0,0.0,0.0,0.007,0.8185506549329444,-0.6078615295281695,0.6991432108092533
1463,57,a,318.2,2,0.0,0.0,0.494,0.496,0.0,0.0,0.0,0.01,0.0,0.0,0.719,0.265,0.0,0.0,0.0,0.017,0.0,0.0,0.342,0.652,0.0,0.0,0.0,0.007,0.8185506549329444,-0.6078615295281695,0.6991432108092533
1464,57,a,318.2,2,0.0,0.0,0.501,0.479,0.0,0.0,0.0,0.02,0.0,0.0,0.818,0.144,0.0,0.0,0.0,0.038,0.0,0.0,0.239,0.754,0.0,0.0,0.0,0.008,0.8185506549329444,-0.6078615295281695,0.6991432108092533
1465,57,a,318.2,2,0.0,0.0,0.461,0.509,0.0,0.0,0.0,0.03,0.0,0.0,0.848,0.088,0.0,0.0,0.0,0.065,0.0,0.0,0.18,0.811,0.0,0.0,0.0,0.009,0.8185506549329444,-0.6078615295281695,0.6991432108092533
1466,57,a,318.2,2,0.0,0.0,0.451,0.508,0.0,0.0,0.0,0.041,0.0,0.0,0.849,0.06,0.0,0.0,0.0,0.091,0.0,0.0,0.134,0.857,0.0,0.0,0.0,0.009,0.8185506549329444,-0.6078615295281695,0.6991432108092533
